participant_id,model_name,parameterization,bound_settings,algorithm,iter,alpha,mu1,mu2,beta,kappa,w,a,t0
6,DDM,value_scaling,wide,DEoptim,1,0.5092348055890762,1,1.1501980852335691,0.24889694209676239,1,0.011447658568136395,1.7362442894403356,0.08866976262070239
6,DDM,value_scaling,wide,DEoptim,2,0.2137384177795612,1,1.1501980852335691,0.24889694209676239,1,0.011447658568136395,1.7362442894403356,0.9691096688620747
6,DDM,value_scaling,wide,DEoptim,3,0.4339803761476651,1,1.1501980852335691,0.24889694209676239,1,0.011447658568136395,1.7362442894403356,0.9691096688620747
6,DDM,value_scaling,wide,DEoptim,4,0.8876383881936781,1,1.2052521139383316,0.04774093431578952,1,0.5772061340769148,5.471302074257751,1.235614585503936
6,DDM,value_scaling,wide,DEoptim,5,0.7871431100810878,1,1.1871959202736617,0.04774093431578952,1,0.5772061340769148,5.471302074257751,0.7696326582524926
6,DDM,value_scaling,wide,DEoptim,6,0.7871431100810878,1,1.1871959202736617,0.04774093431578952,1,0.5772061340769148,5.471302074257751,0.7696326582524926
6,DDM,value_scaling,wide,DEoptim,7,0.7871431100810878,1,1.1871959202736617,0.04774093431578952,1,0.5772061340769148,5.471302074257751,1.1938189133089039
6,DDM,value_scaling,wide,DEoptim,8,0.5413727144300717,1,0.9452559653073549,0.1710403310239349,1,0.9461108902096504,4.435049765222454,0.9514990253669395
6,DDM,value_scaling,wide,DEoptim,9,0.5413727144300717,1,0.9452559653073549,0.1710403310239349,1,0.9461108902096504,4.435049765222454,0.9514990253669395
6,DDM,value_scaling,wide,DEoptim,10,0.5413727144300717,1,0.9452559653073549,0.1710403310239349,1,0.9461108902096504,4.435049765222454,0.9514990253669395
6,DDM,value_scaling,wide,DEoptim,11,0.5413727144300717,1,0.9452559653073549,0.1710403310239349,1,0.9461108902096504,4.435049765222454,0.9514990253669395
6,DDM,value_scaling,wide,DEoptim,12,0.5413727144300717,1,0.9452559653073549,0.1710403310239349,1,0.9461108902096504,4.435049765222454,0.9514990253669395
6,DDM,value_scaling,wide,DEoptim,13,0.5413727144300717,1,0.9452559653073549,0.1710403310239349,1,0.9461108902096504,4.435049765222454,0.9514990253669395
6,DDM,value_scaling,wide,DEoptim,14,0.5413727144300717,1,0.9452559653073549,0.1710403310239349,1,0.9461108902096504,4.435049765222454,0.9514990253669395
6,DDM,value_scaling,wide,DEoptim,15,0.5413727144300717,1,0.9452559653073549,0.1710403310239349,1,0.9461108902096504,4.435049765222454,0.9514990253669395
6,DDM,value_scaling,wide,DEoptim,16,0.5413727144300717,1,0.9452559653073549,0.1710403310239349,1,0.9461108902096504,4.435049765222454,0.9514990253669395
6,DDM,value_scaling,wide,DEoptim,17,0.5413727144300717,1,0.9452559653073549,0.1710403310239349,1,0.9461108902096504,4.435049765222454,0.9514990253669395
6,DDM,value_scaling,wide,DEoptim,18,0.5413727144300717,1,0.9452559653073549,0.1710403310239349,1,0.9461108902096504,4.435049765222454,0.9514990253669395
6,DDM,value_scaling,wide,DEoptim,19,0.5413727144300717,1,0.9452559653073549,0.1710403310239349,1,0.9461108902096504,4.435049765222454,0.9514990253669395
6,DDM,value_scaling,wide,DEoptim,20,0.5413727144300717,1,0.9452559653073549,0.1710403310239349,1,0.9461108902096504,4.435049765222454,0.9514990253669395
6,DDM,value_scaling,wide,DEoptim,21,0.5413727144300717,1,0.9452559653073549,0.1710403310239349,1,0.9461108902096504,4.435049765222454,0.9514990253669395
6,DDM,value_scaling,wide,DEoptim,22,0.5413727144300717,1,0.9452559653073549,0.1710403310239349,1,0.9461108902096504,4.435049765222454,0.9514990253669395
6,DDM,value_scaling,wide,DEoptim,23,0.5413727144300717,1,0.9452559653073549,0.1710403310239349,1,0.9461108902096504,4.435049765222454,0.9514990253669395
6,DDM,value_scaling,wide,DEoptim,24,0.5413727144300717,1,0.9452559653073549,0.1710403310239349,1,0.9461108902096504,4.435049765222454,0.9514990253669395
6,DDM,value_scaling,wide,DEoptim,25,0.5413727144300717,1,0.9452559653073549,0.1710403310239349,1,0.9461108902096504,4.435049765222454,0.9514990253669395
6,DDM,value_scaling,wide,DEoptim,26,0.5413727144300717,1,0.9452559653073549,0.12938145023139822,1,0.9461108902096504,4.435049765222454,0.9514990253669395
6,DDM,value_scaling,wide,DEoptim,27,0.5413727144300717,1,0.9452559653073549,0.12938145023139822,1,0.9461108902096504,4.435049765222454,0.9514990253669395
6,DDM,value_scaling,wide,DEoptim,28,0.5413727144300717,1,0.9452559653073549,0.12938145023139822,1,0.9461108902096504,4.435049765222454,0.9514990253669395
6,DDM,value_scaling,wide,DEoptim,29,0.5413727144300717,1,0.9452559653073549,0.12938145023139822,1,0.9461108902096504,4.435049765222454,0.9514990253669395
6,DDM,value_scaling,wide,DEoptim,30,0.5413727144300717,1,0.9452559653073549,0.05314396910348475,1,0.9461108902096504,4.435049765222454,0.9514990253669395
6,DDM,value_scaling,wide,DEoptim,31,0.5413727144300717,1,0.9452559653073549,0.05314396910348475,1,0.9461108902096504,4.435049765222454,0.9514990253669395
6,DDM,value_scaling,wide,DEoptim,32,0.5413727144300717,1,0.9452559653073549,0.05314396910348475,1,0.9461108902096504,4.435049765222454,0.9514990253669395
6,DDM,value_scaling,wide,DEoptim,33,0.5413727144300717,1,0.9452559653073549,0.05314396910348475,1,0.9461108902096504,4.435049765222454,0.9514990253669395
6,DDM,value_scaling,wide,DEoptim,34,0.5413727144300717,1,0.9452559653073549,0.05314396910348475,1,0.9489223782648519,4.435049765222454,0.9514990253669395
6,DDM,value_scaling,wide,DEoptim,35,0.5413727144300717,1,0.9452559653073549,0.05314396910348475,1,0.9489223782648519,4.435049765222454,0.9514990253669395
6,DDM,value_scaling,wide,DEoptim,36,0.5413727144300717,1,0.9452559653073549,0.05314396910348475,1,0.9489223782648519,4.435049765222454,0.9514990253669395
6,DDM,value_scaling,wide,DEoptim,37,0.5413727144300717,1,0.9452559653073549,0.05314396910348475,1,0.9489223782648519,4.435049765222454,0.9514990253669395
6,DDM,value_scaling,wide,DEoptim,38,0.5413727144300717,1,0.9452559653073549,0.05314396910348475,1,0.9912764304726678,4.435049765222454,0.9514990253669395
6,DDM,value_scaling,wide,DEoptim,39,0.5413727144300717,1,0.9452559653073549,0.05314396910348475,1,0.9912764304726678,4.435049765222454,0.9514990253669395
6,DDM,value_scaling,wide,DEoptim,40,0.5413727144300717,1,0.9452559653073549,0.05314396910348475,1,0.9912764304726678,4.435049765222454,0.9514990253669395
6,DDM,value_scaling,wide,DEoptim,41,0.5413727144300717,1,0.9452559653073549,0.18461668236292955,1,0.9912764304726678,4.435049765222454,0.9514990253669395
6,DDM,value_scaling,wide,DEoptim,42,0.5651871437916482,1,0.9528597374367094,0.34461813516766,1,0.9547204398550887,3.303645411954924,1.346490442746235
6,DDM,value_scaling,wide,DEoptim,43,0.5651871437916482,1,0.9528597374367094,0.34461813516766,1,0.9547204398550887,3.303645411954924,1.346490442746235
6,DDM,value_scaling,wide,DEoptim,44,0.5651871437916482,1,0.9528597374367094,0.34461813516766,1,0.9547204398550887,3.303645411954924,1.346490442746235
6,DDM,value_scaling,wide,DEoptim,45,0.5651871437916482,1,0.9528597374367094,0.34461813516766,1,0.9547204398550887,3.303645411954924,1.346490442746235
6,DDM,value_scaling,wide,DEoptim,46,0.5651871437916482,1,0.9528597374367094,0.34461813516766,1,0.9547204398550887,3.303645411954924,1.346490442746235
6,DDM,value_scaling,wide,DEoptim,47,0.5651871437916482,1,0.9528597374367094,0.34461813516766,1,0.9547204398550887,3.303645411954924,1.346490442746235
6,DDM,value_scaling,wide,DEoptim,48,0.5654362187261379,1,1.3339815551018468,0.5937826131577997,1,0.9639238101267151,4.381024031250327,1.2165611125814078
6,DDM,value_scaling,wide,DEoptim,49,0.5654362187261379,1,1.3339815551018468,0.5937826131577997,1,0.9639238101267151,4.381024031250327,1.2165611125814078
6,DDM,value_scaling,wide,DEoptim,50,0.5654362187261379,1,1.3339815551018468,0.5937826131577997,1,0.9639238101267151,4.381024031250327,1.2165611125814078
6,DDM,value_scaling,wide,DEoptim,51,0.5413727144300717,1,0.9452559653073549,0.6322046016196845,1,0.9912764304726678,4.435049765222454,0.9514990253669395
6,DDM,value_scaling,wide,DEoptim,52,0.5654362187261379,1,1.3339815551018468,0.5937826131577997,1,0.9809684905721503,4.381024031250327,1.2165611125814078
6,DDM,value_scaling,wide,DEoptim,53,0.5654362187261379,1,1.3339815551018468,0.5937826131577997,1,0.9809684905721503,4.2043417600209665,1.2165611125814078
6,DDM,value_scaling,wide,DEoptim,54,0.5654362187261379,1,1.3339815551018468,0.5937826131577997,1,0.9809684905721503,4.2043417600209665,1.2165611125814078
6,DDM,value_scaling,wide,DEoptim,55,0.5265808276406736,1,1.19803722508703,0.6913273521180645,1,0.9967099939057873,4.073599074048289,1.2348268722147964
6,DDM,value_scaling,wide,DEoptim,56,0.5265808276406736,1,1.19803722508703,0.6913273521180645,1,0.9967099939057873,4.073599074048289,1.2348268722147964
6,DDM,value_scaling,wide,DEoptim,57,0.5265808276406736,1,1.19803722508703,0.6913273521180645,1,0.9967099939057873,4.073599074048289,1.2348268722147964
6,DDM,value_scaling,wide,DEoptim,58,0.5265808276406736,1,1.19803722508703,0.6913273521180645,1,0.9967099939057873,4.073599074048289,1.2348268722147964
6,DDM,value_scaling,wide,DEoptim,59,0.5265808276406736,1,1.19803722508703,0.6913273521180645,1,0.9967099939057873,4.073599074048289,1.2348268722147964
6,DDM,value_scaling,wide,DEoptim,60,0.5844410766100214,1,0.9651642382805573,0.5325954978431289,1,0.9762351875870257,3.8686120854331008,1.1954226933954524
6,DDM,value_scaling,wide,DEoptim,61,0.5844410766100214,1,0.9651642382805573,0.5325954978431289,1,0.9762351875870257,3.8686120854331008,1.1954226933954524
6,DDM,value_scaling,wide,DEoptim,62,0.5844410766100214,1,0.9651642382805573,0.5325954978431289,1,0.9762351875870257,3.8686120854331008,1.1954226933954524
6,DDM,value_scaling,wide,DEoptim,63,0.5844410766100214,1,0.9651642382805573,0.5325954978431289,1,0.9762351875870257,3.8686120854331008,1.1954226933954524
6,DDM,value_scaling,wide,DEoptim,64,0.5844410766100214,1,0.9651642382805573,0.5325954978431289,1,0.9762351875870257,3.8686120854331008,1.1954226933954524
6,DDM,value_scaling,wide,DEoptim,65,0.5844410766100214,1,0.9651642382805573,0.5325954978431289,1,0.9762351875870257,3.8686120854331008,1.1954226933954524
6,DDM,value_scaling,wide,DEoptim,66,0.5844410766100214,1,0.9651642382805573,0.5325954978431289,1,0.9762351875870257,3.8686120854331008,1.1954226933954524
6,DDM,value_scaling,wide,DEoptim,67,0.5844410766100214,1,0.9651642382805573,0.5325954978431289,1,0.9762351875870257,3.8686120854331008,1.1954226933954524
6,DDM,value_scaling,wide,DEoptim,68,0.5844410766100214,1,0.9651642382805573,0.5325954978431289,1,0.9762351875870257,3.8686120854331008,1.1954226933954524
6,DDM,value_scaling,wide,DEoptim,69,0.5844410766100214,1,0.9651642382805573,0.5325954978431289,1,0.9762351875870257,3.8686120854331008,1.1954226933954524
6,DDM,value_scaling,wide,DEoptim,70,0.5844410766100214,1,0.9651642382805573,0.5325954978431289,1,0.9762351875870257,3.8686120854331008,1.1954226933954524
6,DDM,value_scaling,wide,DEoptim,71,0.5844410766100214,1,0.9651642382805573,0.5325954978431289,1,0.9762351875870257,3.8686120854331008,1.1954226933954524
6,DDM,value_scaling,wide,DEoptim,72,0.5532352129691428,1,1.2794309884648047,0.7370626218920016,1,0.9809684905721503,3.765355876669945,1.2165611125814078
6,DDM,value_scaling,wide,DEoptim,73,0.5532352129691428,1,1.2794309884648047,0.7370626218920016,1,0.9809684905721503,3.765355876669945,1.2165611125814078
6,DDM,value_scaling,wide,DEoptim,74,0.5532352129691428,1,1.2794309884648047,0.7370626218920016,1,0.9809684905721503,3.765355876669945,1.2165611125814078
6,DDM,value_scaling,wide,DEoptim,75,0.5532352129691428,1,1.2794309884648047,0.7370626218920016,1,0.9809684905721503,3.765355876669945,1.2165611125814078
6,DDM,value_scaling,wide,DEoptim,76,0.5532352129691428,1,1.2794309884648047,0.7370626218920016,1,0.9809684905721503,3.765355876669945,1.2165611125814078
6,DDM,value_scaling,wide,DEoptim,77,0.5532352129691428,1,1.2794309884648047,0.7370626218920016,1,0.9809684905721503,3.765355876669945,1.2165611125814078
6,DDM,value_scaling,wide,DEoptim,78,0.5532352129691428,1,1.2794309884648047,0.7370626218920016,1,0.9809684905721503,3.765355876669945,1.2165611125814078
6,DDM,value_scaling,wide,DEoptim,79,0.5532352129691428,1,1.2794309884648047,0.7370626218920016,1,0.9809684905721503,3.765355876669945,1.2165611125814078
6,DDM,value_scaling,wide,DEoptim,80,0.5532352129691428,1,1.2794309884648047,0.7370626218920016,1,0.9809684905721503,3.765355876669945,1.2165611125814078
6,DDM,value_scaling,wide,DEoptim,81,0.5532352129691428,1,1.2794309884648047,0.7370626218920016,1,0.9809684905721503,3.765355876669945,1.2165611125814078
6,DDM,value_scaling,wide,DEoptim,82,0.5532352129691428,1,1.2794309884648047,0.7370626218920016,1,0.9809684905721503,3.765355876669945,1.2165611125814078
6,DDM,value_scaling,wide,DEoptim,83,0.5532352129691428,1,1.2794309884648047,0.7370626218920016,1,0.9809684905721503,3.765355876669945,1.2165611125814078
6,DDM,value_scaling,wide,DEoptim,84,0.5532352129691428,1,1.2794309884648047,0.7370626218920016,1,0.9809684905721503,3.765355876669945,1.2165611125814078
6,DDM,value_scaling,wide,DEoptim,85,0.5532352129691428,1,1.2794309884648047,0.7370626218920016,1,0.9809684905721503,3.765355876669945,1.2165611125814078
6,DDM,value_scaling,wide,DEoptim,86,0.5532352129691428,1,1.2794309884648047,0.7370626218920016,1,0.9809684905721503,3.765355876669945,1.2165611125814078
6,DDM,value_scaling,wide,DEoptim,87,0.5532352129691428,1,1.2794309884648047,0.7370626218920016,1,0.9809684905721503,3.765355876669945,1.2165611125814078
6,DDM,value_scaling,wide,DEoptim,88,0.5532352129691428,1,1.2794309884648047,0.7370626218920016,1,0.9809684905721503,3.765355876669945,1.2165611125814078
6,DDM,value_scaling,wide,DEoptim,89,0.5532352129691428,1,1.2794309884648047,0.7370626218920016,1,0.9809684905721503,3.765355876669945,1.2165611125814078
6,DDM,value_scaling,wide,DEoptim,90,0.5532352129691428,1,1.2794309884648047,0.7132707544890331,1,0.9809684905721503,3.765355876669945,1.2165611125814078
6,DDM,value_scaling,wide,DEoptim,91,0.5532352129691428,1,1.2794309884648047,0.7132707544890331,1,0.9809684905721503,3.765355876669945,1.2165611125814078
6,DDM,value_scaling,wide,DEoptim,92,0.5532352129691428,1,1.2794309884648047,0.7132707544890331,1,0.9809684905721503,3.765355876669945,1.2165611125814078
6,DDM,value_scaling,wide,DEoptim,93,0.5532352129691428,1,1.2794309884648047,0.7132707544890331,1,0.9809684905721503,3.765355876669945,1.2165611125814078
6,DDM,value_scaling,wide,DEoptim,94,0.5532352129691428,1,1.2794309884648047,0.7132707544890331,1,0.9809684905721503,3.765355876669945,1.2165611125814078
6,DDM,value_scaling,wide,DEoptim,95,0.5532352129691428,1,1.2794309884648047,0.7132707544890331,1,0.9809684905721503,3.765355876669945,1.2165611125814078
6,DDM,value_scaling,wide,DEoptim,96,0.5532352129691428,1,1.2794309884648047,0.7132707544890331,1,0.9809684905721503,3.765355876669945,1.2165611125814078
6,DDM,value_scaling,wide,DEoptim,97,0.5532352129691428,1,1.2794309884648047,0.7132707544890331,1,0.9809684905721503,3.765355876669945,1.2165611125814078
6,DDM,value_scaling,wide,DEoptim,98,0.5532352129691428,1,1.2794309884648047,0.7132707544890331,1,0.9809684905721503,3.765355876669945,1.2165611125814078
6,DDM,value_scaling,wide,DEoptim,99,0.5532352129691428,1,1.2794309884648047,0.7132707544890331,1,0.9809684905721503,3.765355876669945,1.2165611125814078
6,DDM,value_scaling,wide,DEoptim,100,0.5532352129691428,1,1.2794309884648047,0.7132707544890331,1,0.9809684905721503,3.765355876669945,1.2165611125814078
6,DDM,value_scaling,wide,DEoptim,101,0.5532352129691428,1,1.2794309884648047,0.7132707544890331,1,0.9809684905721503,3.765355876669945,1.2165611125814078
6,DDM,value_scaling,wide,DEoptim,102,0.5532352129691428,1,1.2794309884648047,0.7132707544890331,1,0.9809684905721503,3.765355876669945,1.2165611125814078
6,DDM,value_scaling,wide,DEoptim,103,0.5532352129691428,1,1.2794309884648047,0.7132707544890331,1,0.9809684905721503,3.765355876669945,1.2165611125814078
6,DDM,value_scaling,wide,DEoptim,104,0.6276008121880137,1,1.135646086467071,0.7006038983399681,1,0.9635781304307225,3.676204007545114,1.2934168973049731
6,DDM,value_scaling,wide,DEoptim,105,0.6276008121880137,1,1.135646086467071,0.7006038983399681,1,0.9635781304307225,3.676204007545114,1.2934168973049731
6,DDM,value_scaling,wide,DEoptim,106,0.6276008121880137,1,1.135646086467071,0.7006038983399681,1,0.9635781304307225,3.676204007545114,1.2934168973049731
6,DDM,value_scaling,wide,DEoptim,107,0.6276008121880137,1,1.135646086467071,0.7006038983399681,1,0.9635781304307225,3.676204007545114,1.2934168973049731
6,DDM,value_scaling,wide,DEoptim,108,0.6276008121880137,1,1.135646086467071,0.7006038983399681,1,0.9635781304307225,3.676204007545114,1.2934168973049731
6,DDM,value_scaling,wide,DEoptim,109,0.6276008121880137,1,1.135646086467071,0.7006038983399681,1,0.9635781304307225,3.676204007545114,1.2934168973049731
6,DDM,value_scaling,wide,DEoptim,110,0.6276008121880137,1,1.135646086467071,0.7006038983399681,1,0.9635781304307225,3.676204007545114,1.2934168973049731
6,DDM,value_scaling,wide,DEoptim,111,0.6276008121880137,1,1.135646086467071,0.7006038983399681,1,0.9635781304307225,3.676204007545114,1.2934168973049731
6,DDM,value_scaling,wide,DEoptim,112,0.6276008121880137,1,1.135646086467071,0.7006038983399681,1,0.9635781304307225,3.676204007545114,1.2934168973049731
6,DDM,value_scaling,wide,DEoptim,113,0.6276008121880137,1,1.135646086467071,0.7006038983399681,1,0.9635781304307225,3.676204007545114,1.2934168973049731
6,DDM,value_scaling,wide,DEoptim,114,0.6276008121880137,1,1.135646086467071,0.7006038983399681,1,0.9635781304307225,3.676204007545114,1.2934168973049731
6,DDM,value_scaling,wide,DEoptim,115,0.6276008121880137,1,1.135646086467071,0.7006038983399681,1,0.9635781304307225,3.676204007545114,1.2934168973049731
6,DDM,value_scaling,wide,DEoptim,116,0.6276008121880137,1,1.135646086467071,0.7006038983399681,1,0.9635781304307225,3.676204007545114,1.2934168973049731
6,DDM,value_scaling,wide,DEoptim,117,0.6276008121880137,1,1.135646086467071,0.7006038983399681,1,0.9635781304307225,3.676204007545114,1.2934168973049731
6,DDM,value_scaling,wide,DEoptim,118,0.6276008121880137,1,1.135646086467071,0.7006038983399681,1,0.9635781304307225,3.676204007545114,1.2934168973049731
6,DDM,value_scaling,wide,DEoptim,119,0.5890147902673625,1,1.194084577434876,0.7680697161605632,1,0.984884952720209,4.020685382854011,1.154950041838819
6,DDM,value_scaling,wide,DEoptim,120,0.5890147902673625,1,1.194084577434876,0.7680697161605632,1,0.984884952720209,4.020685382854011,1.154950041838819
6,DDM,value_scaling,wide,DEoptim,121,0.5890147902673625,1,1.194084577434876,0.7680697161605632,1,0.984884952720209,4.020685382854011,1.154950041838819
6,DDM,value_scaling,wide,DEoptim,122,0.6030862484281777,1,1.066943185956994,0.6408243686222135,1,0.9668918851613587,3.9910349381426453,1.1823440529068314
6,DDM,value_scaling,wide,DEoptim,123,0.6030862484281777,1,1.066943185956994,0.6408243686222135,1,0.9668918851613587,3.9910349381426453,1.1823440529068314
6,DDM,value_scaling,wide,DEoptim,124,0.6030862484281777,1,1.066943185956994,0.6408243686222135,1,0.9668918851613587,3.9910349381426453,1.1823440529068314
6,DDM,value_scaling,wide,DEoptim,125,0.5890147902673625,1,1.1321126074652805,0.7680697161605632,1,0.984884952720209,4.020685382854011,1.154950041838819
6,DDM,value_scaling,wide,DEoptim,126,0.5890147902673625,1,1.1321126074652805,0.7680697161605632,1,0.984884952720209,4.020685382854011,1.154950041838819
6,DDM,value_scaling,wide,DEoptim,127,0.5890147902673625,1,1.1321126074652805,0.7680697161605632,1,0.984884952720209,4.020685382854011,1.154950041838819
6,DDM,value_scaling,wide,DEoptim,128,0.5890147902673625,1,1.1321126074652805,0.7680697161605632,1,0.984884952720209,4.020685382854011,1.154950041838819
6,DDM,value_scaling,wide,DEoptim,129,0.5890147902673625,1,1.1321126074652805,0.7680697161605632,1,0.984884952720209,4.020685382854011,1.154950041838819
6,DDM,value_scaling,wide,DEoptim,130,0.5890147902673625,1,1.1321126074652805,0.7680697161605632,1,0.984884952720209,4.020685382854011,1.1780094304929776
6,DDM,value_scaling,wide,DEoptim,131,0.5890147902673625,1,1.2529437173172233,0.8212777320535196,1,0.984884952720209,4.020685382854011,1.1780094304929776
6,DDM,value_scaling,wide,DEoptim,132,0.5890147902673625,1,1.2529437173172233,0.8212777320535196,1,0.984884952720209,4.020685382854011,1.1896857818153512
6,DDM,value_scaling,wide,DEoptim,133,0.5890147902673625,1,1.1209365111748475,0.8172346581854194,1,0.984884952720209,4.020685382854011,1.1896857818153512
6,DDM,value_scaling,wide,DEoptim,134,0.5890147902673625,1,1.1209365111748475,0.8172346581854194,1,0.984884952720209,4.020685382854011,1.1896857818153512
6,DDM,value_scaling,wide,DEoptim,135,0.5890147902673625,1,1.1209365111748475,0.8172346581854194,1,0.984884952720209,4.020685382854011,1.1896857818153512
6,DDM,value_scaling,wide,DEoptim,136,0.597351145532644,1,1.1209365111748475,0.8172346581854194,1,0.984884952720209,4.020685382854011,1.1896857818153512
6,DDM,value_scaling,wide,DEoptim,137,0.597351145532644,1,1.1209365111748475,0.8172346581854194,1,0.984884952720209,4.020685382854011,1.1896857818153512
6,DDM,value_scaling,wide,DEoptim,138,0.597351145532644,1,1.1209365111748475,0.8172346581854194,1,0.984884952720209,4.020685382854011,1.1896857818153512
6,DDM,value_scaling,wide,DEoptim,139,0.6077428778303893,1,1.0661473798935657,0.8447669458046461,1,0.9852587256051544,3.862508176674567,1.2808320319229713
6,DDM,value_scaling,wide,DEoptim,140,0.6077428778303893,1,1.0661473798935657,0.8447669458046461,1,0.9852587256051544,3.862508176674567,1.2808320319229713
6,DDM,value_scaling,wide,DEoptim,141,0.6077428778303893,1,1.0661473798935657,0.8447669458046461,1,0.9852587256051544,3.862508176674567,1.2808320319229713
6,DDM,value_scaling,wide,DEoptim,142,0.6077428778303893,1,1.0661473798935657,0.8447669458046461,1,0.9852587256051544,3.862508176674567,1.2808320319229713
6,DDM,value_scaling,wide,DEoptim,143,0.6077428778303893,1,1.0661473798935657,0.8447669458046461,1,0.9852587256051544,3.862508176674567,1.2808320319229713
6,DDM,value_scaling,wide,DEoptim,144,0.6077428778303893,1,1.0661473798935657,0.8447669458046461,1,0.9852587256051544,3.862508176674567,1.2808320319229713
6,DDM,value_scaling,wide,DEoptim,145,0.6077428778303893,1,1.0661473798935657,0.8447669458046461,1,0.9852587256051544,3.862508176674567,1.2808320319229713
6,DDM,value_scaling,wide,DEoptim,146,0.6077428778303893,1,1.0661473798935657,0.8447669458046461,1,0.9852587256051544,3.862508176674567,1.2808320319229713
6,DDM,value_scaling,wide,DEoptim,147,0.6077428778303893,1,1.0661473798935657,0.8447669458046461,1,0.9852587256051544,3.862508176674567,1.2808320319229713
6,DDM,value_scaling,wide,DEoptim,148,0.6077428778303893,1,1.0661473798935657,0.8447669458046461,1,0.9852587256051544,3.862508176674567,1.2808320319229713
6,DDM,value_scaling,wide,DEoptim,149,0.6077428778303893,1,1.0661473798935657,0.8447669458046461,1,0.9852587256051544,3.862508176674567,1.2808320319229713
6,DDM,value_scaling,wide,DEoptim,150,0.6077428778303893,1,1.0661473798935657,0.8447669458046461,1,0.9852587256051544,3.862508176674567,1.2808320319229713
6,DDM,value_scaling,wide,DEoptim,151,0.6077428778303893,1,1.0661473798935657,0.8447669458046461,1,0.9852587256051544,3.862508176674567,1.2808320319229713
6,DDM,value_scaling,wide,DEoptim,152,0.6077428778303893,1,1.0661473798935657,0.8447669458046461,1,0.9852587256051544,3.862508176674567,1.2808320319229713
6,DDM,value_scaling,wide,DEoptim,153,0.6077428778303893,1,1.0661473798935657,0.8447669458046461,1,0.9852587256051544,3.862508176674567,1.2808320319229713
6,DDM,value_scaling,wide,DEoptim,154,0.6077428778303893,1,1.0661473798935657,0.8447669458046461,1,0.9852587256051544,3.862508176674567,1.2808320319229713
6,DDM,value_scaling,wide,DEoptim,155,0.6077428778303893,1,1.0661473798935657,0.8447669458046461,1,0.9852587256051544,3.862508176674567,1.2808320319229713
6,DDM,value_scaling,wide,DEoptim,156,0.6077428778303893,1,1.0661473798935657,0.8447669458046461,1,0.9852587256051544,3.862508176674567,1.2808320319229713
6,DDM,value_scaling,wide,DEoptim,157,0.6077428778303893,1,1.0661473798935657,0.8447669458046461,1,0.9852587256051544,3.8575359391665724,1.2808320319229713
6,DDM,value_scaling,wide,DEoptim,158,0.6077428778303893,1,1.0661473798935657,0.8447669458046461,1,0.9852587256051544,3.8575359391665724,1.2808320319229713
6,DDM,value_scaling,wide,DEoptim,159,0.6077428778303893,1,1.0661473798935657,0.8447669458046461,1,0.9852587256051544,3.8575359391665724,1.2808320319229713
6,DDM,value_scaling,wide,DEoptim,160,0.6077428778303893,1,1.0661473798935657,0.8447669458046461,1,0.9852587256051544,3.8575359391665724,1.2808320319229713
6,DDM,value_scaling,wide,DEoptim,161,0.6077428778303893,1,1.0661473798935657,0.8447669458046461,1,0.9852587256051544,3.8575359391665724,1.2808320319229713
6,DDM,value_scaling,wide,DEoptim,162,0.6077428778303893,1,1.0661473798935657,0.8447669458046461,1,0.9852587256051544,3.8575359391665724,1.2808320319229713
6,DDM,value_scaling,wide,DEoptim,163,0.6077428778303893,1,1.0661473798935657,0.8447669458046461,1,0.9852587256051544,3.8575359391665724,1.2443839639067356
6,DDM,value_scaling,wide,DEoptim,164,0.6077428778303893,1,1.0661473798935657,0.8447669458046461,1,0.9852587256051544,3.8575359391665724,1.2443839639067356
6,DDM,value_scaling,wide,DEoptim,165,0.6077428778303893,1,1.0661473798935657,0.8447669458046461,1,0.9852587256051544,3.8575359391665724,1.2443839639067356
6,DDM,value_scaling,wide,DEoptim,166,0.6077428778303893,1,1.0661473798935657,0.8447669458046461,1,0.9852587256051544,3.8575359391665724,1.2443839639067356
6,DDM,value_scaling,wide,DEoptim,167,0.6077428778303893,1,1.0661473798935657,0.8447669458046461,1,0.9852587256051544,3.8575359391665724,1.2443839639067356
6,DDM,value_scaling,wide,DEoptim,168,0.6077428778303893,1,1.0661473798935657,0.8447669458046461,1,0.9852587256051544,3.8575359391665724,1.2443839639067356
6,DDM,value_scaling,wide,DEoptim,169,0.6077428778303893,1,1.0661473798935657,0.8447669458046461,1,0.9852587256051544,3.882941229096575,1.240152702964022
6,DDM,value_scaling,wide,DEoptim,170,0.6077428778303893,1,1.0661473798935657,0.8447669458046461,1,0.9852587256051544,3.882941229096575,1.240152702964022
6,DDM,value_scaling,wide,DEoptim,171,0.6077428778303893,1,1.0661473798935657,0.8447669458046461,1,0.9852587256051544,3.882941229096575,1.240152702964022
6,DDM,value_scaling,wide,DEoptim,172,0.6077428778303893,1,1.0661473798935657,0.8447669458046461,1,0.9852587256051544,3.882941229096575,1.240152702964022
6,DDM,value_scaling,wide,DEoptim,173,0.6077428778303893,1,1.0661473798935657,0.8447669458046461,1,0.9852587256051544,3.882941229096575,1.240152702964022
6,DDM,value_scaling,wide,DEoptim,174,0.6077428778303893,1,1.0661473798935657,0.8447669458046461,1,0.9852587256051544,3.882941229096575,1.240152702964022
6,DDM,value_scaling,wide,DEoptim,175,0.6077428778303893,1,1.0661473798935657,0.8447669458046461,1,0.9852587256051544,3.882941229096575,1.240152702964022
6,DDM,value_scaling,wide,DEoptim,176,0.6077428778303893,1,1.0661473798935657,0.8447669458046461,1,0.9852587256051544,3.882941229096575,1.240152702964022
6,DDM,value_scaling,wide,DEoptim,177,0.6077428778303893,1,1.0661473798935657,0.8447669458046461,1,0.9852587256051544,3.882941229096575,1.240152702964022
6,DDM,value_scaling,wide,DEoptim,178,0.6077428778303893,1,1.0661473798935657,0.8447669458046461,1,0.9852587256051544,3.882941229096575,1.240152702964022
6,DDM,value_scaling,wide,DEoptim,179,0.6077428778303893,1,1.0661473798935657,0.8447669458046461,1,0.9852587256051544,3.882941229096575,1.240152702964022
6,DDM,value_scaling,wide,DEoptim,180,0.6077428778303893,1,1.0661473798935657,0.8447669458046461,1,0.9852587256051544,3.882941229096575,1.240152702964022
6,DDM,value_scaling,wide,DEoptim,181,0.6077428778303893,1,1.0661473798935657,0.8447669458046461,1,0.9852587256051544,3.882941229096575,1.240152702964022
6,DDM,value_scaling,wide,DEoptim,182,0.6077428778303893,1,1.0661473798935657,0.8447669458046461,1,0.9852587256051544,3.882941229096575,1.240152702964022
6,DDM,value_scaling,wide,DEoptim,183,0.6077428778303893,1,1.0661473798935657,0.8447669458046461,1,0.9852587256051544,3.882941229096575,1.240152702964022
6,DDM,value_scaling,wide,DEoptim,184,0.6077428778303893,1,1.0661473798935657,0.8447669458046461,1,0.9852587256051544,3.882941229096575,1.240152702964022
6,DDM,value_scaling,wide,DEoptim,185,0.6077428778303893,1,1.0661473798935657,0.8447669458046461,1,0.9852587256051544,3.882941229096575,1.240152702964022
6,DDM,value_scaling,wide,DEoptim,186,0.6077428778303893,1,1.0661473798935657,0.8447669458046461,1,0.9852587256051544,3.882941229096575,1.240152702964022
6,DDM,value_scaling,wide,DEoptim,187,0.5966098858150897,1,1.0662934069752121,0.9532432501787307,1,0.9916370878557309,3.8162942605747725,1.2397358000802527
6,DDM,value_scaling,wide,DEoptim,188,0.5966098858150897,1,1.0662934069752121,0.9532432501787307,1,0.9916370878557309,3.8162942605747725,1.2397358000802527
6,DDM,value_scaling,wide,DEoptim,189,0.5966098858150897,1,1.0662934069752121,0.9532432501787307,1,0.9916370878557309,3.8162942605747725,1.2397358000802527
6,DDM,value_scaling,wide,DEoptim,190,0.5966098858150897,1,1.0662934069752121,0.9532432501787307,1,0.9916370878557309,3.8162942605747725,1.2397358000802527
6,DDM,value_scaling,wide,DEoptim,191,0.5966098858150897,1,1.0662934069752121,0.9532432501787307,1,0.9916370878557309,3.8162942605747725,1.2397358000802527
6,DDM,value_scaling,wide,DEoptim,192,0.5966098858150897,1,1.0662934069752121,0.9532432501787307,1,0.9916370878557309,3.8162942605747725,1.2397358000802527
6,DDM,value_scaling,wide,DEoptim,193,0.5966098858150897,1,1.0662934069752121,0.9532432501787307,1,0.9916370878557309,3.8162942605747725,1.2397358000802527
6,DDM,value_scaling,wide,DEoptim,194,0.5966098858150897,1,1.0662934069752121,0.9532432501787307,1,0.9916370878557309,3.8162942605747725,1.2397358000802527
6,DDM,value_scaling,wide,DEoptim,195,0.5966098858150897,1,1.0662934069752121,0.9532432501787307,1,0.9916370878557309,3.8162942605747725,1.2397358000802527
6,DDM,value_scaling,wide,DEoptim,196,0.5966098858150897,1,1.0662934069752121,0.9532432501787307,1,0.9916370878557309,3.8162942605747725,1.2397358000802527
6,DDM,value_scaling,wide,DEoptim,197,0.5966098858150897,1,1.0662934069752121,0.9532432501787307,1,0.9916370878557309,3.8162942605747725,1.2397358000802527
6,DDM,value_scaling,wide,DEoptim,198,0.5966098858150897,1,1.0662934069752121,0.9532432501787307,1,0.9916370878557309,3.8162942605747725,1.2397358000802527
6,DDM,value_scaling,wide,DEoptim,199,0.5966064605684084,1,1.0943231576577044,0.9321723645634324,1,0.9905386401756183,3.9947594746855826,1.2251919693926485
6,DDM,value_scaling,wide,DEoptim,200,0.5966064605684084,1,1.0943231576577044,0.9321723645634324,1,0.9905386401756183,3.9947594746855826,1.2251919693926485
6,DDM,value_scaling,wide,DEoptim,201,0.5966064605684084,1,1.0943231576577044,0.9321723645634324,1,0.9905386401756183,3.9947594746855826,1.2251919693926485
6,DDM,value_scaling,wide,DEoptim,202,0.5966064605684084,1,1.0943231576577044,0.9321723645634324,1,0.9905386401756183,3.9947594746855826,1.2251919693926485
6,DDM,value_scaling,wide,DEoptim,203,0.5966064605684084,1,1.0943231576577044,0.9321723645634324,1,0.9905386401756183,3.9947594746855826,1.2251919693926485
6,DDM,value_scaling,wide,DEoptim,204,0.5966064605684084,1,1.0943231576577044,0.9321723645634324,1,0.9905386401756183,3.9947594746855826,1.2251919693926485
6,DDM,value_scaling,wide,DEoptim,205,0.5966064605684084,1,1.0943231576577044,0.9321723645634324,1,0.9905386401756183,3.9947594746855826,1.2251919693926485
6,DDM,value_scaling,wide,DEoptim,206,0.5966064605684084,1,1.0943231576577044,0.9321723645634324,1,0.9905386401756183,3.9947594746855826,1.2251919693926485
6,DDM,value_scaling,wide,DEoptim,207,0.5966064605684084,1,1.0943231576577044,0.9321723645634324,1,0.9905386401756183,3.9947594746855826,1.2251919693926485
6,DDM,value_scaling,wide,DEoptim,208,0.5966064605684084,1,1.0943231576577044,0.9321723645634324,1,0.9905386401756183,3.9947594746855826,1.2251919693926485
6,DDM,value_scaling,wide,DEoptim,209,0.5988011273258308,1,1.0943231576577044,0.9321723645634324,1,0.9905386401756183,3.9947594746855826,1.2238551838764131
6,DDM,value_scaling,wide,DEoptim,210,0.5988011273258308,1,1.0943231576577044,0.9321723645634324,1,0.9905386401756183,3.9947594746855826,1.2238551838764131
6,DDM,value_scaling,wide,DEoptim,211,0.5988011273258308,1,1.0943231576577044,0.9321723645634324,1,0.9905386401756183,3.9947594746855826,1.2238551838764131
6,DDM,value_scaling,wide,DEoptim,212,0.5988011273258308,1,1.0943231576577044,0.9321723645634324,1,0.9905386401756183,3.9397219696041876,1.2238551838764131
6,DDM,value_scaling,wide,DEoptim,213,0.5988011273258308,1,1.0943231576577044,0.9321723645634324,1,0.9905386401756183,3.9397219696041876,1.2238551838764131
6,DDM,value_scaling,wide,DEoptim,214,0.5988011273258308,1,1.0943231576577044,0.9321723645634324,1,0.9905386401756183,3.9397219696041876,1.2238551838764131
6,DDM,value_scaling,wide,DEoptim,215,0.597351145532644,1,1.0776385503825352,1.1262305959236998,1,0.9966055233521959,4.016289569075574,1.22584525851865
6,DDM,value_scaling,wide,DEoptim,216,0.590648589926583,1,1.0933703759496602,1.1009194329321224,1,0.9960981729997136,3.996497354522222,1.228123028296636
6,DDM,value_scaling,wide,DEoptim,217,0.590648589926583,1,1.0933703759496602,1.1009194329321224,1,0.9960981729997136,3.996497354522222,1.228123028296636
6,DDM,value_scaling,wide,DEoptim,218,0.590648589926583,1,1.0933703759496602,1.1009194329321224,1,0.9960981729997136,3.996497354522222,1.228123028296636
6,DDM,value_scaling,wide,DEoptim,219,0.590648589926583,1,1.0933703759496602,1.1009194329321224,1,0.9960981729997136,3.979867582700872,1.2314801769552672
6,DDM,value_scaling,wide,DEoptim,220,0.590648589926583,1,1.0933703759496602,1.1009194329321224,1,0.9960981729997136,3.979867582700872,1.2314801769552672
6,DDM,value_scaling,wide,DEoptim,221,0.590648589926583,1,1.0933703759496602,1.1009194329321224,1,0.9960981729997136,3.979867582700872,1.2314801769552672
6,DDM,value_scaling,wide,DEoptim,222,0.590648589926583,1,1.0933703759496602,1.1009194329321224,1,0.9960981729997136,3.979867582700872,1.2314801769552672
6,DDM,value_scaling,wide,DEoptim,223,0.590648589926583,1,1.0933703759496602,1.1009194329321224,1,0.9960981729997136,3.979867582700872,1.2314801769552672
6,DDM,value_scaling,wide,DEoptim,224,0.590648589926583,1,1.0933703759496602,1.1009194329321224,1,0.9960981729997136,3.979867582700872,1.2314801769552672
6,DDM,value_scaling,wide,DEoptim,225,0.590648589926583,1,1.0933703759496602,1.1009194329321224,1,0.9960981729997136,3.979867582700872,1.2314801769552672
6,DDM,value_scaling,wide,DEoptim,226,0.590648589926583,1,1.0933703759496602,1.1009194329321224,1,0.9960981729997136,3.979867582700872,1.2314801769552672
6,DDM,value_scaling,wide,DEoptim,227,0.590648589926583,1,1.0933703759496602,1.1009194329321224,1,0.9960981729997136,3.979867582700872,1.2314801769552672
6,DDM,value_scaling,wide,DEoptim,228,0.590648589926583,1,1.0933703759496602,1.1009194329321224,1,0.9960981729997136,3.979867582700872,1.2314801769552672
6,DDM,value_scaling,wide,DEoptim,229,0.590648589926583,1,1.0933703759496602,1.1009194329321224,1,0.9960981729997136,3.979867582700872,1.2314801769552672
6,DDM,value_scaling,wide,DEoptim,230,0.590648589926583,1,1.0933703759496602,1.1009194329321224,1,0.9960981729997136,3.9164541858555495,1.2314801769552672
6,DDM,value_scaling,wide,DEoptim,231,0.590648589926583,1,1.0933703759496602,1.1009194329321224,1,0.9960981729997136,3.9164541858555495,1.2314801769552672
6,DDM,value_scaling,wide,DEoptim,232,0.590648589926583,1,1.0933703759496602,1.1009194329321224,1,0.9960981729997136,3.954778675501358,1.223452215252604
6,DDM,value_scaling,wide,DEoptim,233,0.590648589926583,1,1.0933703759496602,1.1009194329321224,1,0.9960981729997136,3.954778675501358,1.223452215252604
6,DDM,value_scaling,wide,DEoptim,234,0.590648589926583,1,1.0933703759496602,1.1009194329321224,1,0.9960981729997136,3.954778675501358,1.223452215252604
6,DDM,value_scaling,wide,DEoptim,235,0.590648589926583,1,1.0933703759496602,1.1009194329321224,1,0.9960981729997136,3.954778675501358,1.223452215252604
6,DDM,value_scaling,wide,DEoptim,236,0.590648589926583,1,1.0933703759496602,1.1009194329321224,1,0.9960981729997136,3.954778675501358,1.223452215252604
6,DDM,value_scaling,wide,DEoptim,237,0.590648589926583,1,1.0933703759496602,1.1009194329321224,1,0.9960981729997136,3.954778675501358,1.223452215252604
6,DDM,value_scaling,wide,DEoptim,238,0.590648589926583,1,1.0933703759496602,1.1009194329321224,1,0.9960981729997136,3.954778675501358,1.223452215252604
6,DDM,value_scaling,wide,DEoptim,239,0.590648589926583,1,1.0933703759496602,1.1009194329321224,1,0.9960981729997136,3.954778675501358,1.223452215252604
6,DDM,value_scaling,wide,DEoptim,240,0.590648589926583,1,1.0933703759496602,1.1009194329321224,1,0.9960981729997136,3.954778675501358,1.223452215252604
6,DDM,value_scaling,wide,DEoptim,241,0.590648589926583,1,1.0933703759496602,1.1009194329321224,1,0.9960981729997136,3.954778675501358,1.223452215252604
6,DDM,value_scaling,wide,DEoptim,242,0.5962989661176037,1,1.058354635928992,1.0805440062113927,1,0.9956555616713098,3.9337726907151627,1.22545376895602
6,DDM,value_scaling,wide,DEoptim,243,0.5962989661176037,1,1.058354635928992,1.0805440062113927,1,0.9956555616713098,3.9337726907151627,1.22545376895602
6,DDM,value_scaling,wide,DEoptim,244,0.5962989661176037,1,1.058354635928992,1.0805440062113927,1,0.9956555616713098,3.9337726907151627,1.22545376895602
6,DDM,value_scaling,wide,DEoptim,245,0.5962989661176037,1,1.058354635928992,1.0805440062113927,1,0.9956555616713098,3.9337726907151627,1.22545376895602
6,DDM,value_scaling,wide,DEoptim,246,0.5962989661176037,1,1.058354635928992,1.0805440062113927,1,0.9956555616713098,3.9337726907151627,1.22545376895602
6,DDM,value_scaling,wide,DEoptim,247,0.5962989661176037,1,1.058354635928992,1.0805440062113927,1,0.9956555616713098,3.9337726907151627,1.22545376895602
6,DDM,value_scaling,wide,DEoptim,248,0.5962989661176037,1,1.058354635928992,1.0805440062113927,1,0.9956555616713098,3.9337726907151627,1.22545376895602
6,DDM,value_scaling,wide,DEoptim,249,0.5962989661176037,1,1.058354635928992,1.0805440062113927,1,0.9956555616713098,3.9337726907151627,1.22545376895602
6,DDM,value_scaling,wide,DEoptim,250,0.5962989661176037,1,1.058354635928992,1.0805440062113927,1,0.9956555616713098,3.9337726907151627,1.22545376895602
6,DDM,value_scaling,wide,DEoptim,251,0.5962989661176037,1,1.058354635928992,1.0805440062113927,1,0.9956555616713098,3.9337726907151627,1.22545376895602
6,DDM,value_scaling,wide,DEoptim,252,0.5962989661176037,1,1.058354635928992,1.0805440062113927,1,0.9956555616713098,3.9337726907151627,1.22545376895602
6,DDM,value_scaling,wide,DEoptim,253,0.5962989661176037,1,1.058354635928992,1.0805440062113927,1,0.9956555616713098,3.9337726907151627,1.22545376895602
6,DDM,value_scaling,wide,DEoptim,254,0.5962989661176037,1,1.058354635928992,1.0805440062113927,1,0.9956555616713098,3.9337726907151627,1.22545376895602
6,DDM,value_scaling,wide,DEoptim,255,0.5962989661176037,1,1.058354635928992,1.0805440062113927,1,0.9956555616713098,3.9337726907151627,1.22545376895602
6,DDM,value_scaling,wide,DEoptim,256,0.5962989661176037,1,1.058354635928992,1.0805440062113927,1,0.9956555616713098,3.9337726907151627,1.22545376895602
6,DDM,value_scaling,wide,DEoptim,257,0.5962989661176037,1,1.0500989024284861,1.0805440062113927,1,0.9956555616713098,3.9337726907151627,1.22545376895602
6,DDM,value_scaling,wide,DEoptim,258,0.5962989661176037,1,1.0500989024284861,1.0805440062113927,1,0.9956555616713098,3.9337726907151627,1.22545376895602
6,DDM,value_scaling,wide,DEoptim,259,0.5962989661176037,1,1.0500989024284861,1.0805440062113927,1,0.9956555616713098,3.9337726907151627,1.22545376895602
6,DDM,value_scaling,wide,DEoptim,260,0.597351145532644,1,1.0201565482129438,1.1262305959236998,1,0.9965050551509048,3.971445049810504,1.221546269193642
6,DDM,value_scaling,wide,DEoptim,261,0.597351145532644,1,1.0201565482129438,1.1262305959236998,1,0.9965050551509048,3.971445049810504,1.221546269193642
6,DDM,value_scaling,wide,DEoptim,262,0.597351145532644,1,1.0201565482129438,1.1262305959236998,1,0.9965050551509048,3.971445049810504,1.221546269193642
6,DDM,value_scaling,wide,DEoptim,263,0.597351145532644,1,1.0201565482129438,1.1262305959236998,1,0.9965050551509048,3.971445049810504,1.221546269193642
6,DDM,value_scaling,wide,DEoptim,264,0.5962989661176037,1,1.0500989024284861,1.0805440062113927,1,0.9956555616713098,3.9718121911808444,1.22545376895602
6,DDM,value_scaling,wide,DEoptim,265,0.5962989661176037,1,1.0500989024284861,1.0805440062113927,1,0.9956555616713098,3.9718121911808444,1.22545376895602
6,DDM,value_scaling,wide,DEoptim,266,0.5962989661176037,1,1.0500989024284861,1.0805440062113927,1,0.9956555616713098,3.9718121911808444,1.22545376895602
6,DDM,value_scaling,wide,DEoptim,267,0.5962989661176037,1,1.0500989024284861,1.0805440062113927,1,0.9956555616713098,3.9718121911808444,1.22545376895602
6,DDM,value_scaling,wide,DEoptim,268,0.5962989661176037,1,1.0500989024284861,1.0805440062113927,1,0.9956555616713098,3.9718121911808444,1.22545376895602
6,DDM,value_scaling,wide,DEoptim,269,0.5962989661176037,1,1.0500989024284861,1.0805440062113927,1,0.9956555616713098,3.9718121911808444,1.22545376895602
6,DDM,value_scaling,wide,DEoptim,270,0.5962989661176037,1,1.0500989024284861,1.0805440062113927,1,0.9956555616713098,3.9718121911808444,1.22545376895602
6,DDM,value_scaling,wide,DEoptim,271,0.5962989661176037,1,1.0500989024284861,1.0805440062113927,1,0.9956555616713098,3.9718121911808444,1.22545376895602
6,DDM,value_scaling,wide,DEoptim,272,0.5962989661176037,1,1.0500989024284861,1.0805440062113927,1,0.9956555616713098,3.9718121911808444,1.22545376895602
6,DDM,value_scaling,wide,DEoptim,273,0.5962989661176037,1,1.0500989024284861,1.0805440062113927,1,0.9956555616713098,3.9718121911808444,1.22545376895602
6,DDM,value_scaling,wide,DEoptim,274,0.5962989661176037,1,1.0500989024284861,1.0805440062113927,1,0.9956555616713098,3.9718121911808444,1.22545376895602
6,DDM,value_scaling,wide,DEoptim,275,0.5962989661176037,1,1.0500989024284861,1.0805440062113927,1,0.9956555616713098,3.9718121911808444,1.22545376895602
6,DDM,value_scaling,wide,DEoptim,276,0.5962989661176037,1,1.0500989024284861,1.0805440062113927,1,0.9956555616713098,3.9718121911808444,1.22545376895602
6,DDM,value_scaling,wide,DEoptim,277,0.5962989661176037,1,1.0500989024284861,1.0805440062113927,1,0.9956555616713098,3.9718121911808444,1.22545376895602
6,DDM,value_scaling,wide,DEoptim,278,0.5962989661176037,1,1.0500989024284861,1.0805440062113927,1,0.9956555616713098,3.9718121911808444,1.22545376895602
6,DDM,value_scaling,wide,DEoptim,279,0.5962989661176037,1,1.0500989024284861,1.0805440062113927,1,0.9956555616713098,3.9718121911808444,1.22545376895602
6,DDM,value_scaling,wide,DEoptim,280,0.5962989661176037,1,1.0500989024284861,1.0805440062113927,1,0.9956555616713098,3.9718121911808444,1.22545376895602
6,DDM,value_scaling,wide,DEoptim,281,0.5962989661176037,1,1.0500989024284861,1.0805440062113927,1,0.9956555616713098,3.9718121911808444,1.22545376895602
6,DDM,value_scaling,wide,DEoptim,282,0.5962989661176037,1,1.0500989024284861,1.0805440062113927,1,0.9956555616713098,3.9718121911808444,1.220902696379415
6,DDM,value_scaling,wide,DEoptim,283,0.5962989661176037,1,1.0500989024284861,1.0805440062113927,1,0.9956555616713098,3.9718121911808444,1.220902696379415
6,DDM,value_scaling,wide,DEoptim,284,0.5962989661176037,1,1.0500989024284861,1.0805440062113927,1,0.9956555616713098,3.9718121911808444,1.220902696379415
6,DDM,value_scaling,wide,DEoptim,285,0.6008455171720501,1,1.043205337659855,1.0802254373293183,1,0.995467266554394,3.961183534138501,1.2278005493283337
6,DDM,value_scaling,wide,DEoptim,286,0.6008455171720501,1,1.043205337659855,1.0802254373293183,1,0.995467266554394,3.961183534138501,1.2278005493283337
6,DDM,value_scaling,wide,DEoptim,287,0.6008455171720501,1,1.043205337659855,1.0802254373293183,1,0.995467266554394,3.961183534138501,1.2278005493283337
6,DDM,value_scaling,wide,DEoptim,288,0.6008455171720501,1,1.043205337659855,1.0802254373293183,1,0.995467266554394,3.961183534138501,1.2278005493283337
6,DDM,value_scaling,wide,DEoptim,289,0.6008455171720501,1,1.043205337659855,1.0802254373293183,1,0.995467266554394,3.961183534138501,1.2278005493283337
6,DDM,value_scaling,wide,DEoptim,290,0.6008455171720501,1,1.043205337659855,1.0802254373293183,1,0.995467266554394,3.961183534138501,1.2278005493283337
6,DDM,value_scaling,wide,DEoptim,291,0.6008455171720501,1,1.043205337659855,1.0802254373293183,1,0.995467266554394,3.961183534138501,1.2278005493283337
6,DDM,value_scaling,wide,DEoptim,292,0.6008455171720501,1,1.043205337659855,1.0802254373293183,1,0.995467266554394,3.961183534138501,1.2278005493283337
6,DDM,value_scaling,wide,DEoptim,293,0.6008455171720501,1,1.043205337659855,1.0802254373293183,1,0.995467266554394,3.961183534138501,1.2278005493283337
6,DDM,value_scaling,wide,DEoptim,294,0.6008455171720501,1,1.043205337659855,1.0802254373293183,1,0.995467266554394,3.961183534138501,1.2278005493283337
6,DDM,value_scaling,wide,DEoptim,295,0.6008455171720501,1,1.043205337659855,1.0802254373293183,1,0.995467266554394,3.961183534138501,1.2278005493283337
6,DDM,value_scaling,wide,DEoptim,296,0.6008455171720501,1,1.043205337659855,1.0802254373293183,1,0.995467266554394,3.961183534138501,1.2278005493283337
6,DDM,value_scaling,wide,DEoptim,297,0.5982668836297698,1,1.043205337659855,1.0802254373293183,1,0.995467266554394,3.961183534138501,1.2278005493283337
6,DDM,value_scaling,wide,DEoptim,298,0.5982668836297698,1,1.043205337659855,1.0802254373293183,1,0.995467266554394,3.961183534138501,1.2278005493283337
6,DDM,value_scaling,wide,DEoptim,299,0.5982668836297698,1,1.043205337659855,1.0802254373293183,1,0.995467266554394,3.961183534138501,1.2278005493283337
6,DDM,value_scaling,wide,DEoptim,300,0.5982668836297698,1,1.043205337659855,1.0802254373293183,1,0.995467266554394,3.961183534138501,1.2278005493283337
6,DDM,value_scaling,wide,DEoptim,301,0.5982668836297698,1,1.043205337659855,1.0802254373293183,1,0.995467266554394,3.961183534138501,1.2278005493283337
6,DDM,value_scaling,wide,DEoptim,302,0.598275955337357,1,1.0579111841659503,1.11670313906164,1,0.9961739804997645,3.9624264960967013,1.226669109020594
6,DDM,value_scaling,wide,DEoptim,303,0.598275955337357,1,1.0579111841659503,1.11670313906164,1,0.9961739804997645,3.9624264960967013,1.226669109020594
6,DDM,value_scaling,wide,DEoptim,304,0.598275955337357,1,1.0579111841659503,1.11670313906164,1,0.9961739804997645,3.9624264960967013,1.226669109020594
6,DDM,value_scaling,wide,DEoptim,305,0.5982668836297698,1,1.043205337659855,1.0802254373293183,1,0.995467266554394,3.961183534138501,1.226395546270566
6,DDM,value_scaling,wide,DEoptim,306,0.598275955337357,1,1.052945586136437,1.11670313906164,1,0.9961739804997645,3.9624264960967013,1.226669109020594
6,DDM,value_scaling,wide,DEoptim,307,0.598275955337357,1,1.052945586136437,1.11670313906164,1,0.9961739804997645,3.9624264960967013,1.226669109020594
6,DDM,value_scaling,wide,DEoptim,308,0.598275955337357,1,1.052945586136437,1.11670313906164,1,0.9961739804997645,3.9624264960967013,1.226669109020594
6,DDM,value_scaling,wide,DEoptim,309,0.598275955337357,1,1.052945586136437,1.11670313906164,1,0.9961739804997645,3.9624264960967013,1.226669109020594
6,DDM,value_scaling,wide,DEoptim,310,0.598275955337357,1,1.052945586136437,1.11670313906164,1,0.9961739804997645,3.9624264960967013,1.226669109020594
6,DDM,value_scaling,wide,DEoptim,311,0.598275955337357,1,1.052945586136437,1.11670313906164,1,0.9961739804997645,3.9624264960967013,1.226669109020594
6,DDM,value_scaling,wide,DEoptim,312,0.598275955337357,1,1.052945586136437,1.11670313906164,1,0.9961739804997645,3.9624264960967013,1.226669109020594
6,DDM,value_scaling,wide,DEoptim,313,0.598275955337357,1,1.052945586136437,1.11670313906164,1,0.9961739804997645,3.9624264960967013,1.226669109020594
6,DDM,value_scaling,wide,DEoptim,314,0.598275955337357,1,1.052945586136437,1.11670313906164,1,0.9961739804997645,3.9624264960967013,1.226669109020594
6,DDM,value_scaling,wide,DEoptim,315,0.598275955337357,1,1.052945586136437,1.11670313906164,1,0.9961739804997645,3.9624264960967013,1.226669109020594
6,DDM,value_scaling,wide,DEoptim,316,0.598275955337357,1,1.052945586136437,1.11670313906164,1,0.9961739804997645,3.9624264960967013,1.226669109020594
6,DDM,value_scaling,wide,DEoptim,317,0.598275955337357,1,1.052945586136437,1.11670313906164,1,0.9961739804997645,3.9624264960967013,1.226669109020594
6,DDM,value_scaling,wide,DEoptim,318,0.598275955337357,1,1.052945586136437,1.11670313906164,1,0.9961739804997645,3.9624264960967013,1.226669109020594
6,DDM,value_scaling,wide,DEoptim,319,0.598275955337357,1,1.052945586136437,1.11670313906164,1,0.9961739804997645,3.9624264960967013,1.226669109020594
6,DDM,value_scaling,wide,DEoptim,320,0.598275955337357,1,1.052945586136437,1.11670313906164,1,0.9961739804997645,3.9624264960967013,1.226669109020594
6,DDM,value_scaling,wide,DEoptim,321,0.598275955337357,1,1.052945586136437,1.11670313906164,1,0.9961739804997645,3.9624264960967013,1.226669109020594
6,DDM,value_scaling,wide,DEoptim,322,0.5982668836297698,1,1.0510721267271768,1.0802254373293183,1,0.995467266554394,3.961183534138501,1.223192756400912
6,DDM,value_scaling,wide,DEoptim,323,0.5982668836297698,1,1.0510721267271768,1.0802254373293183,1,0.995467266554394,3.961183534138501,1.223192756400912
6,DDM,value_scaling,wide,DEoptim,324,0.5982668836297698,1,1.0510721267271768,1.0802254373293183,1,0.995467266554394,3.961183534138501,1.223192756400912
6,DDM,value_scaling,wide,DEoptim,325,0.5982668836297698,1,1.0510721267271768,1.0802254373293183,1,0.995467266554394,3.961183534138501,1.223192756400912
6,DDM,value_scaling,wide,DEoptim,326,0.5982668836297698,1,1.0510721267271768,1.0802254373293183,1,0.995467266554394,3.961183534138501,1.223192756400912
6,DDM,value_scaling,wide,DEoptim,327,0.5982668836297698,1,1.0510721267271768,1.0802254373293183,1,0.995467266554394,3.961183534138501,1.223192756400912
6,DDM,value_scaling,wide,DEoptim,328,0.5982668836297698,1,1.0510721267271768,1.0802254373293183,1,0.995467266554394,3.961183534138501,1.223192756400912
6,DDM,value_scaling,wide,DEoptim,329,0.5982668836297698,1,1.0510721267271768,1.0802254373293183,1,0.995467266554394,3.961183534138501,1.223192756400912
6,DDM,value_scaling,wide,DEoptim,330,0.5982668836297698,1,1.0510721267271768,1.0802254373293183,1,0.995467266554394,3.961183534138501,1.223192756400912
6,DDM,value_scaling,wide,DEoptim,331,0.5982668836297698,1,1.0510721267271768,1.0802254373293183,1,0.995467266554394,3.961183534138501,1.223192756400912
6,DDM,value_scaling,wide,DEoptim,332,0.5982668836297698,1,1.0510721267271768,1.0802254373293183,1,0.995467266554394,3.961183534138501,1.223192756400912
6,DDM,value_scaling,wide,DEoptim,333,0.5982668836297698,1,1.0510721267271768,1.0802254373293183,1,0.995467266554394,3.961183534138501,1.223192756400912
6,DDM,value_scaling,wide,DEoptim,334,0.5982668836297698,1,1.0510721267271768,1.0802254373293183,1,0.995467266554394,3.961183534138501,1.223192756400912
6,DDM,value_scaling,wide,DEoptim,335,0.5982668836297698,1,1.0510721267271768,1.0802254373293183,1,0.995467266554394,3.9629864307278617,1.223192756400912
6,DDM,value_scaling,wide,DEoptim,336,0.5982668836297698,1,1.0510721267271768,1.0802254373293183,1,0.995467266554394,3.9629864307278617,1.223192756400912
6,DDM,value_scaling,wide,DEoptim,337,0.5982668836297698,1,1.0510721267271768,1.0802254373293183,1,0.995467266554394,3.9629864307278617,1.223192756400912
6,DDM,value_scaling,wide,DEoptim,338,0.5982668836297698,1,1.0510721267271768,1.0802254373293183,1,0.995467266554394,3.9629864307278617,1.223192756400912
6,DDM,value_scaling,wide,DEoptim,339,0.5982668836297698,1,1.0510721267271768,1.0802254373293183,1,0.995467266554394,3.9629864307278617,1.223192756400912
6,DDM,value_scaling,wide,DEoptim,340,0.5982668836297698,1,1.0510721267271768,1.0802254373293183,1,0.995467266554394,3.9629864307278617,1.223192756400912
6,DDM,value_scaling,wide,DEoptim,341,0.5982668836297698,1,1.0510721267271768,1.0802254373293183,1,0.995467266554394,3.9629864307278617,1.223192756400912
6,DDM,value_scaling,wide,DEoptim,342,0.5982668836297698,1,1.0510721267271768,1.0802254373293183,1,0.995467266554394,3.9629864307278617,1.223192756400912
6,DDM,value_scaling,wide,DEoptim,343,0.5982668836297698,1,1.0510721267271768,1.0802254373293183,1,0.995467266554394,3.9629864307278617,1.223192756400912
6,DDM,value_scaling,wide,DEoptim,344,0.5982668836297698,1,1.0510721267271768,1.0802254373293183,1,0.995467266554394,3.9629864307278617,1.223192756400912
6,DDM,value_scaling,wide,DEoptim,345,0.5982668836297698,1,1.0510721267271768,1.0802254373293183,1,0.995467266554394,3.9629864307278617,1.223192756400912
6,DDM,value_scaling,wide,DEoptim,346,0.5982668836297698,1,1.0510721267271768,1.0802254373293183,1,0.995467266554394,3.9629864307278617,1.223192756400912
6,DDM,value_scaling,wide,DEoptim,347,0.5982668836297698,1,1.0510721267271768,1.0802254373293183,1,0.995467266554394,3.9629864307278617,1.223192756400912
6,DDM,value_scaling,wide,DEoptim,348,0.5982668836297698,1,1.0510721267271768,1.0802254373293183,1,0.995467266554394,3.9629864307278617,1.223192756400912
6,DDM,value_scaling,wide,DEoptim,349,0.5982668836297698,1,1.0510721267271768,1.0802254373293183,1,0.995467266554394,3.9629864307278617,1.223192756400912
6,DDM,value_scaling,wide,DEoptim,350,0.5982668836297698,1,1.0510721267271768,1.0802254373293183,1,0.995467266554394,3.9629864307278617,1.223192756400912
6,DDM,value_scaling,wide,DEoptim,351,0.5982668836297698,1,1.0510721267271768,1.0802254373293183,1,0.995467266554394,3.9629864307278617,1.223192756400912
6,DDM,value_scaling,wide,DEoptim,352,0.5982668836297698,1,1.0510721267271768,1.0802254373293183,1,0.995467266554394,3.9629864307278617,1.223192756400912
6,DDM,value_scaling,wide,DEoptim,353,0.5982668836297698,1,1.0510721267271768,1.0802254373293183,1,0.995467266554394,3.9629864307278617,1.223192756400912
6,DDM,value_scaling,wide,DEoptim,354,0.5982668836297698,1,1.0510721267271768,1.0802254373293183,1,0.995467266554394,3.9629864307278617,1.223192756400912
6,DDM,value_scaling,wide,DEoptim,355,0.5982668836297698,1,1.0510721267271768,1.0802254373293183,1,0.995467266554394,3.9629864307278617,1.223192756400912
6,DDM,value_scaling,wide,DEoptim,356,0.5982668836297698,1,1.0510721267271768,1.0802254373293183,1,0.995467266554394,3.9629864307278617,1.223192756400912
6,DDM,value_scaling,wide,DEoptim,357,0.5982668836297698,1,1.0510721267271768,1.0802254373293183,1,0.995467266554394,3.9629864307278617,1.223192756400912
6,DDM,value_scaling,wide,DEoptim,358,0.5982668836297698,1,1.0510721267271768,1.0802254373293183,1,0.995467266554394,3.9629864307278617,1.223192756400912
6,DDM,value_scaling,wide,DEoptim,359,0.5982668836297698,1,1.0510721267271768,1.0802254373293183,1,0.995467266554394,3.9629864307278617,1.223192756400912
6,DDM,value_scaling,wide,DEoptim,360,0.5982668836297698,1,1.0510721267271768,1.0802254373293183,1,0.995467266554394,3.9629864307278617,1.223192756400912
6,DDM,value_scaling,wide,DEoptim,361,0.5982668836297698,1,1.0510721267271768,1.0802254373293183,1,0.995467266554394,3.9629864307278617,1.223192756400912
6,DDM,value_scaling,wide,DEoptim,362,0.5982668836297698,1,1.0510721267271768,1.0802254373293183,1,0.995467266554394,3.9629864307278617,1.223192756400912
6,DDM,value_scaling,wide,DEoptim,363,0.5982668836297698,1,1.0510721267271768,1.0802254373293183,1,0.995467266554394,3.9629864307278617,1.223192756400912
6,DDM,value_scaling,wide,DEoptim,364,0.5982668836297698,1,1.0510721267271768,1.0802254373293183,1,0.995467266554394,3.9629864307278617,1.223192756400912
6,DDM,value_scaling,wide,DEoptim,365,0.5982668836297698,1,1.0510721267271768,1.0802254373293183,1,0.995467266554394,3.9629864307278617,1.223192756400912
6,DDM,value_scaling,wide,DEoptim,366,0.5982668836297698,1,1.0510721267271768,1.0802254373293183,1,0.995467266554394,3.9629864307278617,1.223192756400912
6,DDM,value_scaling,wide,DEoptim,367,0.5982668836297698,1,1.0510721267271768,1.0802254373293183,1,0.995467266554394,3.9629864307278617,1.223192756400912
6,DDM,value_scaling,wide,DEoptim,368,0.5982668836297698,1,1.0510721267271768,1.0802254373293183,1,0.995467266554394,3.9629864307278617,1.223192756400912
6,DDM,value_scaling,wide,DEoptim,369,0.5982668836297698,1,1.0510721267271768,1.0802254373293183,1,0.995467266554394,3.9629864307278617,1.223192756400912
6,DDM,value_scaling,wide,DEoptim,370,0.5982668836297698,1,1.0510721267271768,1.0802254373293183,1,0.995467266554394,3.9629864307278617,1.223192756400912
6,DDM,value_scaling,wide,DEoptim,371,0.5982668836297698,1,1.0510721267271768,1.0802254373293183,1,0.995467266554394,3.9629864307278617,1.223192756400912
6,DDM,value_scaling,wide,DEoptim,372,0.5982668836297698,1,1.0510721267271768,1.0802254373293183,1,0.995467266554394,3.9629864307278617,1.223192756400912
6,DDM,value_scaling,wide,DEoptim,373,0.5982668836297698,1,1.0510721267271768,1.0802254373293183,1,0.995467266554394,3.9629864307278617,1.223192756400912
6,DDM,value_scaling,wide,DEoptim,374,0.5982668836297698,1,1.0510721267271768,1.0802254373293183,1,0.995467266554394,3.9629864307278617,1.223192756400912
6,DDM,value_scaling,wide,DEoptim,375,0.5982668836297698,1,1.0510721267271768,1.0802254373293183,1,0.995467266554394,3.9629864307278617,1.223192756400912
6,DDM,value_scaling,wide,DEoptim,376,0.5982668836297698,1,1.0510721267271768,1.0802254373293183,1,0.995467266554394,3.9629864307278617,1.223192756400912
6,DDM,value_scaling,wide,DEoptim,377,0.5982668836297698,1,1.0510721267271768,1.0802254373293183,1,0.995467266554394,3.9629864307278617,1.223192756400912
6,DDM,value_scaling,wide,DEoptim,378,0.5982668836297698,1,1.0510721267271768,1.0802254373293183,1,0.995467266554394,3.9629864307278617,1.223192756400912
6,DDM,value_scaling,wide,DEoptim,379,0.5982668836297698,1,1.0510721267271768,1.0802254373293183,1,0.995467266554394,3.9629864307278617,1.223192756400912
6,DDM,value_scaling,wide,DEoptim,380,0.5982668836297698,1,1.0510721267271768,1.0802254373293183,1,0.995467266554394,3.9629864307278617,1.223192756400912
6,DDM,value_scaling,wide,DEoptim,381,0.5982668836297698,1,1.0510721267271768,1.0802254373293183,1,0.995467266554394,3.9629864307278617,1.223192756400912
6,DDM,value_scaling,wide,DEoptim,382,0.5982668836297698,1,1.0510721267271768,1.0802254373293183,1,0.995467266554394,3.9629864307278617,1.223192756400912
6,DDM,value_scaling,wide,DEoptim,383,0.5982668836297698,1,1.0510721267271768,1.0802254373293183,1,0.995467266554394,3.9629864307278617,1.223192756400912
6,DDM,value_scaling,wide,DEoptim,384,0.5982668836297698,1,1.0510721267271768,1.0802254373293183,1,0.995467266554394,3.9629864307278617,1.223192756400912
6,DDM,value_scaling,wide,DEoptim,385,0.5982668836297698,1,1.0510721267271768,1.0802254373293183,1,0.995467266554394,3.9629864307278617,1.223192756400912
6,DDM,value_scaling,wide,DEoptim,386,0.5982668836297698,1,1.0510721267271768,1.0802254373293183,1,0.995467266554394,3.9629864307278617,1.223192756400912
6,DDM,value_scaling,wide,DEoptim,387,0.5982668836297698,1,1.0510721267271768,1.0802254373293183,1,0.995467266554394,3.9629864307278617,1.223192756400912
6,DDM,value_scaling,wide,DEoptim,388,0.5982668836297698,1,1.0510721267271768,1.0802254373293183,1,0.995467266554394,3.9629864307278617,1.223192756400912
6,DDM,value_scaling,wide,DEoptim,389,0.5982668836297698,1,1.0510721267271768,1.0802254373293183,1,0.995467266554394,3.9629864307278617,1.223192756400912
6,DDM,value_scaling,wide,DEoptim,390,0.5982668836297698,1,1.0510721267271768,1.0802254373293183,1,0.995467266554394,3.9629864307278617,1.223192756400912
6,DDM,value_scaling,wide,DEoptim,391,0.5982668836297698,1,1.0510721267271768,1.0802254373293183,1,0.995467266554394,3.9629864307278617,1.223192756400912
6,DDM,value_scaling,wide,DEoptim,392,0.5982668836297698,1,1.0510721267271768,1.0802254373293183,1,0.995467266554394,3.9629864307278617,1.223192756400912
6,DDM,value_scaling,wide,DEoptim,393,0.5982668836297698,1,1.0510721267271768,1.0802254373293183,1,0.995467266554394,3.9629864307278617,1.223192756400912
6,DDM,value_scaling,wide,DEoptim,394,0.5982668836297698,1,1.0510721267271768,1.0802254373293183,1,0.995467266554394,3.9629864307278617,1.223192756400912
6,DDM,value_scaling,wide,DEoptim,395,0.5982668836297698,1,1.0510721267271768,1.0802254373293183,1,0.995467266554394,3.9629864307278617,1.223192756400912
6,DDM,value_scaling,wide,DEoptim,396,0.5982668836297698,1,1.0510721267271768,1.0802254373293183,1,0.995467266554394,3.9629864307278617,1.223192756400912
6,DDM,value_scaling,wide,DEoptim,397,0.5982668836297698,1,1.0510721267271768,1.0802254373293183,1,0.995467266554394,3.9629864307278617,1.223192756400912
6,DDM,value_scaling,wide,DEoptim,398,0.5982668836297698,1,1.0510721267271768,1.0802254373293183,1,0.995467266554394,3.9629864307278617,1.223192756400912
6,DDM,value_scaling,wide,DEoptim,399,0.5982668836297698,1,1.0510721267271768,1.0802254373293183,1,0.995467266554394,3.9629864307278617,1.223192756400912
6,DDM,value_scaling,wide,DEoptim,400,0.5982668836297698,1,1.0510721267271768,1.0802254373293183,1,0.995467266554394,3.9629864307278617,1.223192756400912
6,DDM,value_scaling,wide,DEoptim,401,0.5982668836297698,1,1.0510721267271768,1.0802254373293183,1,0.995467266554394,3.9629864307278617,1.223192756400912
6,DDM,value_scaling,wide,DEoptim,402,0.5982668836297698,1,1.0510721267271768,1.0802254373293183,1,0.995467266554394,3.9629864307278617,1.223192756400912
6,DDM,value_scaling,wide,DEoptim,403,0.5982668836297698,1,1.0510721267271768,1.0802254373293183,1,0.995467266554394,3.9629864307278617,1.223192756400912
6,DDM,value_scaling,wide,DEoptim,404,0.5982668836297698,1,1.0510721267271768,1.0802254373293183,1,0.995467266554394,3.9629864307278617,1.223192756400912
6,DDM,value_scaling,wide,DEoptim,405,0.5982668836297698,1,1.0510721267271768,1.0802254373293183,1,0.995467266554394,3.9629864307278617,1.223192756400912
6,DDM,value_scaling,wide,DEoptim,406,0.5982668836297698,1,1.0510721267271768,1.0802254373293183,1,0.995467266554394,3.9629864307278617,1.223192756400912
6,DDM,value_scaling,wide,DEoptim,407,0.5982668836297698,1,1.0510721267271768,1.0802254373293183,1,0.995467266554394,3.9629864307278617,1.223192756400912
6,DDM,value_scaling,wide,DEoptim,408,0.5982668836297698,1,1.0510721267271768,1.0802254373293183,1,0.995467266554394,3.9629864307278617,1.223192756400912
6,DDM,value_scaling,wide,DEoptim,409,0.5982668836297698,1,1.0510721267271768,1.0802254373293183,1,0.995467266554394,3.9629864307278617,1.223192756400912
6,DDM,value_scaling,wide,DEoptim,410,0.5982668836297698,1,1.0510721267271768,1.0802254373293183,1,0.995467266554394,3.9629864307278617,1.223192756400912
6,DDM,value_scaling,wide,DEoptim,411,0.5982668836297698,1,1.0510721267271768,1.0802254373293183,1,0.995467266554394,3.9629864307278617,1.223192756400912
6,DDM,value_scaling,wide,DEoptim,412,0.5982668836297698,1,1.0510721267271768,1.0802254373293183,1,0.995467266554394,3.9629864307278617,1.223192756400912
6,DDM,value_scaling,wide,DEoptim,413,0.5984194225689666,1,1.0478247024402796,1.1138892065402934,1,0.9961181931446077,3.9707200790232275,1.2232574806094885
6,DDM,value_scaling,wide,DEoptim,414,0.5984194225689666,1,1.0478247024402796,1.1138892065402934,1,0.9961181931446077,3.9707200790232275,1.2232574806094885
6,DDM,value_scaling,wide,DEoptim,415,0.5984194225689666,1,1.0478247024402796,1.1138892065402934,1,0.9961181931446077,3.9707200790232275,1.2232574806094885
6,DDM,value_scaling,wide,DEoptim,416,0.5984194225689666,1,1.0478247024402796,1.1138892065402934,1,0.9961181931446077,3.9707200790232275,1.2232574806094885
6,DDM,value_scaling,wide,DEoptim,417,0.5984194225689666,1,1.0478247024402796,1.1138892065402934,1,0.9961181931446077,3.9707200790232275,1.2232574806094885
6,DDM,value_scaling,wide,DEoptim,418,0.5984194225689666,1,1.0478247024402796,1.1138892065402934,1,0.9961181931446077,3.9707200790232275,1.2232574806094885
6,DDM,value_scaling,wide,DEoptim,419,0.5984194225689666,1,1.0478247024402796,1.1138892065402934,1,0.9961181931446077,3.9707200790232275,1.2232574806094885
6,DDM,value_scaling,wide,DEoptim,420,0.5984194225689666,1,1.0478247024402796,1.1138892065402934,1,0.9961181931446077,3.9707200790232275,1.2232574806094885
6,DDM,value_scaling,wide,DEoptim,421,0.5984194225689666,1,1.0478247024402796,1.1138892065402934,1,0.9961181931446077,3.9707200790232275,1.2232574806094885
6,DDM,value_scaling,wide,DEoptim,422,0.5984194225689666,1,1.0478247024402796,1.1138892065402934,1,0.9961181931446077,3.9707200790232275,1.2232574806094885
6,DDM,value_scaling,wide,DEoptim,423,0.597987477160507,1,1.0512629024151727,1.106025653678749,1,0.9959854654515545,3.9764893191024786,1.2208098001454255
6,DDM,value_scaling,wide,DEoptim,424,0.597987477160507,1,1.0512629024151727,1.106025653678749,1,0.9959854654515545,3.9764893191024786,1.2208098001454255
6,DDM,value_scaling,wide,DEoptim,425,0.597987477160507,1,1.0512629024151727,1.106025653678749,1,0.9959854654515545,3.9764893191024786,1.2208098001454255
6,DDM,value_scaling,wide,DEoptim,426,0.597987477160507,1,1.0512629024151727,1.106025653678749,1,0.9959854654515545,3.9764893191024786,1.2208098001454255
6,DDM,value_scaling,wide,DEoptim,427,0.597987477160507,1,1.0512629024151727,1.106025653678749,1,0.9959854654515545,3.9764893191024786,1.2208098001454255
6,DDM,value_scaling,wide,DEoptim,428,0.597987477160507,1,1.0512629024151727,1.106025653678749,1,0.9959854654515545,3.9764893191024786,1.2208098001454255
6,DDM,value_scaling,wide,DEoptim,429,0.597987477160507,1,1.0512629024151727,1.106025653678749,1,0.9959854654515545,3.9764893191024786,1.2208098001454255
6,DDM,value_scaling,wide,DEoptim,430,0.597987477160507,1,1.0512629024151727,1.106025653678749,1,0.9959854654515545,3.9764893191024786,1.2208098001454255
6,DDM,value_scaling,wide,DEoptim,431,0.597987477160507,1,1.0512629024151727,1.106025653678749,1,0.9959854654515545,3.9764893191024786,1.2208098001454255
6,DDM,value_scaling,wide,DEoptim,432,0.597987477160507,1,1.0512629024151727,1.106025653678749,1,0.9959854654515545,3.9764893191024786,1.2208098001454255
6,DDM,value_scaling,wide,DEoptim,433,0.597987477160507,1,1.0512629024151727,1.106025653678749,1,0.9959854654515545,3.9764893191024786,1.2208098001454255
6,DDM,value_scaling,wide,DEoptim,434,0.597987477160507,1,1.0512629024151727,1.106025653678749,1,0.9959854654515545,3.9764893191024786,1.2208098001454255
6,DDM,value_scaling,wide,DEoptim,435,0.597987477160507,1,1.0512629024151727,1.106025653678749,1,0.9959854654515545,3.9764893191024786,1.2208098001454255
6,DDM,value_scaling,wide,DEoptim,436,0.597987477160507,1,1.0512629024151727,1.106025653678749,1,0.9959854654515545,3.9764893191024786,1.2208098001454255
6,DDM,value_scaling,wide,DEoptim,437,0.597987477160507,1,1.0512629024151727,1.106025653678749,1,0.9959854654515545,3.9764893191024786,1.2208098001454255
6,DDM,value_scaling,wide,DEoptim,438,0.597987477160507,1,1.0512629024151727,1.106025653678749,1,0.9959854654515545,3.9764893191024786,1.2208098001454255
6,DDM,value_scaling,wide,DEoptim,439,0.597987477160507,1,1.0512629024151727,1.106025653678749,1,0.9959854654515545,3.9764893191024786,1.2208098001454255
6,DDM,value_scaling,wide,DEoptim,440,0.597987477160507,1,1.0512629024151727,1.106025653678749,1,0.9959854654515545,3.9764893191024786,1.2208098001454255
6,DDM,value_scaling,wide,DEoptim,441,0.597987477160507,1,1.0512629024151727,1.106025653678749,1,0.9959854654515545,3.9764893191024786,1.2208098001454255
6,DDM,value_scaling,wide,DEoptim,442,0.597987477160507,1,1.0512629024151727,1.106025653678749,1,0.9959854654515545,3.9764893191024786,1.2208098001454255
6,DDM,value_scaling,wide,DEoptim,443,0.597987477160507,1,1.0512629024151727,1.106025653678749,1,0.9959854654515545,3.9764893191024786,1.2208098001454255
6,DDM,value_scaling,wide,DEoptim,444,0.597987477160507,1,1.0512629024151727,1.106025653678749,1,0.9959854654515545,3.9764893191024786,1.2208098001454255
6,DDM,value_scaling,wide,DEoptim,445,0.597987477160507,1,1.0512629024151727,1.106025653678749,1,0.9959854654515545,3.9764893191024786,1.2208098001454255
6,DDM,value_scaling,wide,DEoptim,446,0.597987477160507,1,1.0512629024151727,1.106025653678749,1,0.9959854654515545,3.9764893191024786,1.2208098001454255
6,DDM,value_scaling,wide,DEoptim,447,0.597987477160507,1,1.0512629024151727,1.106025653678749,1,0.9959854654515545,3.9764893191024786,1.2208098001454255
6,DDM,value_scaling,wide,DEoptim,448,0.597987477160507,1,1.0512629024151727,1.106025653678749,1,0.9959854654515545,3.9764893191024786,1.2208098001454255
6,DDM,value_scaling,wide,DEoptim,449,0.597987477160507,1,1.0512629024151727,1.106025653678749,1,0.9959854654515545,3.9764893191024786,1.2208098001454255
6,DDM,value_scaling,wide,DEoptim,450,0.597987477160507,1,1.0512629024151727,1.106025653678749,1,0.9959854654515545,3.9764893191024786,1.2208098001454255
6,DDM,value_scaling,wide,DEoptim,451,0.597987477160507,1,1.0512629024151727,1.106025653678749,1,0.9959854654515545,3.9764893191024786,1.2208098001454255
6,DDM,value_scaling,wide,DEoptim,452,0.597987477160507,1,1.0512629024151727,1.106025653678749,1,0.9959854654515545,3.9764893191024786,1.2208098001454255
6,DDM,value_scaling,wide,DEoptim,453,0.597987477160507,1,1.0512629024151727,1.106025653678749,1,0.9959854654515545,3.9764893191024786,1.2208098001454255
6,DDM,value_scaling,wide,DEoptim,454,0.597987477160507,1,1.0512629024151727,1.106025653678749,1,0.9959854654515545,3.9764893191024786,1.2208098001454255
6,DDM,value_scaling,wide,DEoptim,455,0.597987477160507,1,1.0512629024151727,1.106025653678749,1,0.9959854654515545,3.9764893191024786,1.2208098001454255
6,DDM,value_scaling,wide,DEoptim,456,0.597987477160507,1,1.0512629024151727,1.106025653678749,1,0.9959854654515545,3.9764893191024786,1.2208098001454255
6,DDM,value_scaling,wide,DEoptim,457,0.597987477160507,1,1.0512629024151727,1.106025653678749,1,0.9959854654515545,3.9764893191024786,1.2208098001454255
6,DDM,value_scaling,wide,DEoptim,458,0.597987477160507,1,1.0512629024151727,1.106025653678749,1,0.9959854654515545,3.9764893191024786,1.2208098001454255
6,DDM,value_scaling,wide,DEoptim,459,0.597987477160507,1,1.0512629024151727,1.106025653678749,1,0.9959854654515545,3.9764893191024786,1.2208098001454255
6,DDM,value_scaling,wide,DEoptim,460,0.597987477160507,1,1.0512629024151727,1.106025653678749,1,0.9959854654515545,3.9764893191024786,1.2208098001454255
6,DDM,value_scaling,wide,DEoptim,461,0.597987477160507,1,1.0512629024151727,1.106025653678749,1,0.9959854654515545,3.9764893191024786,1.2208098001454255
6,DDM,value_scaling,wide,DEoptim,462,0.597987477160507,1,1.0512629024151727,1.106025653678749,1,0.9959854654515545,3.9764893191024786,1.2208098001454255
6,DDM,value_scaling,wide,DEoptim,463,0.597987477160507,1,1.0512629024151727,1.106025653678749,1,0.9959854654515545,3.9764893191024786,1.2208098001454255
6,DDM,value_scaling,wide,DEoptim,464,0.597987477160507,1,1.0512629024151727,1.106025653678749,1,0.9959854654515545,3.9764893191024786,1.2208098001454255
6,DDM,value_scaling,wide,DEoptim,465,0.597987477160507,1,1.0512629024151727,1.106025653678749,1,0.9959854654515545,3.9764893191024786,1.2208098001454255
6,DDM,value_scaling,wide,DEoptim,466,0.597987477160507,1,1.0512629024151727,1.106025653678749,1,0.9959854654515545,3.9764893191024786,1.2208098001454255
6,DDM,value_scaling,wide,DEoptim,467,0.597987477160507,1,1.0512629024151727,1.106025653678749,1,0.9959854654515545,3.9764893191024786,1.2208098001454255
6,DDM,value_scaling,wide,DEoptim,468,0.597987477160507,1,1.0512629024151727,1.106025653678749,1,0.9959854654515545,3.9764893191024786,1.2208098001454255
6,DDM,value_scaling,wide,DEoptim,469,0.597987477160507,1,1.0512629024151727,1.106025653678749,1,0.9959854654515545,3.9764893191024786,1.2208098001454255
6,DDM,value_scaling,wide,DEoptim,470,0.597987477160507,1,1.0512629024151727,1.106025653678749,1,0.9959854654515545,3.9764893191024786,1.2208098001454255
6,DDM,value_scaling,wide,DEoptim,471,0.597987477160507,1,1.0512629024151727,1.106025653678749,1,0.9959854654515545,3.9764893191024786,1.2208098001454255
6,DDM,value_scaling,wide,DEoptim,472,0.597987477160507,1,1.0512629024151727,1.106025653678749,1,0.9959854654515545,3.9764893191024786,1.2208098001454255
6,DDM,value_scaling,wide,DEoptim,473,0.597987477160507,1,1.0512629024151727,1.106025653678749,1,0.9959854654515545,3.9764893191024786,1.2208098001454255
6,DDM,value_scaling,wide,DEoptim,474,0.597987477160507,1,1.0512629024151727,1.106025653678749,1,0.9959854654515545,3.9764893191024786,1.2208098001454255
6,DDM,value_scaling,wide,DEoptim,475,0.597987477160507,1,1.0512629024151727,1.106025653678749,1,0.9959854654515545,3.9764893191024786,1.2208098001454255
6,DDM,value_scaling,wide,DEoptim,476,0.5971904156828491,1,1.050404864710695,1.106227200634753,1,0.9960125847858917,3.9698811887386904,1.2211963076964805
6,DDM,value_scaling,wide,DEoptim,477,0.5971904156828491,1,1.050404864710695,1.106227200634753,1,0.9960125847858917,3.9698811887386904,1.2211963076964805
6,DDM,value_scaling,wide,DEoptim,478,0.5971904156828491,1,1.050404864710695,1.106227200634753,1,0.9960125847858917,3.9698811887386904,1.2211963076964805
6,DDM,value_scaling,wide,DEoptim,479,0.5971904156828491,1,1.050404864710695,1.106227200634753,1,0.9960125847858917,3.9698811887386904,1.2211963076964805
6,DDM,value_scaling,wide,DEoptim,480,0.5971904156828491,1,1.050404864710695,1.106227200634753,1,0.9960125847858917,3.9698811887386904,1.2211963076964805
6,DDM,value_scaling,wide,DEoptim,481,0.5971904156828491,1,1.050404864710695,1.106227200634753,1,0.9960125847858917,3.9698811887386904,1.2211963076964805
6,DDM,value_scaling,wide,DEoptim,482,0.5971904156828491,1,1.050404864710695,1.106227200634753,1,0.9960125847858917,3.9698811887386904,1.2211963076964805
6,DDM,value_scaling,wide,DEoptim,483,0.5971904156828491,1,1.050404864710695,1.106227200634753,1,0.9960125847858917,3.9698811887386904,1.2211963076964805
6,DDM,value_scaling,wide,DEoptim,484,0.5971904156828491,1,1.050404864710695,1.106227200634753,1,0.9960125847858917,3.9698811887386904,1.2211963076964805
6,DDM,value_scaling,wide,DEoptim,485,0.5971904156828491,1,1.050404864710695,1.106227200634753,1,0.9960125847858917,3.9698811887386904,1.2211963076964805
6,DDM,value_scaling,wide,DEoptim,486,0.5971904156828491,1,1.050404864710695,1.106227200634753,1,0.9960125847858917,3.9698811887386904,1.2211963076964805
6,DDM,value_scaling,wide,DEoptim,487,0.5971904156828491,1,1.050404864710695,1.106227200634753,1,0.9960125847858917,3.9698811887386904,1.2211963076964805
6,DDM,value_scaling,wide,DEoptim,488,0.5971904156828491,1,1.050404864710695,1.106227200634753,1,0.9960125847858917,3.9698811887386904,1.2211963076964805
6,DDM,value_scaling,wide,DEoptim,489,0.5971904156828491,1,1.050404864710695,1.106227200634753,1,0.9960125847858917,3.9698811887386904,1.2211963076964805
6,DDM,value_scaling,wide,DEoptim,490,0.5971904156828491,1,1.050404864710695,1.106227200634753,1,0.9960125847858917,3.9698811887386904,1.2211963076964805
6,DDM,value_scaling,wide,DEoptim,491,0.5971904156828491,1,1.050404864710695,1.106227200634753,1,0.9960125847858917,3.9698811887386904,1.2211963076964805
6,DDM,value_scaling,wide,DEoptim,492,0.5971904156828491,1,1.050404864710695,1.106227200634753,1,0.9960125847858917,3.9698811887386904,1.2211963076964805
6,DDM,value_scaling,wide,DEoptim,493,0.5971904156828491,1,1.050404864710695,1.106227200634753,1,0.9960125847858917,3.9698811887386904,1.2211963076964805
6,DDM,value_scaling,wide,DEoptim,494,0.5971904156828491,1,1.050404864710695,1.106227200634753,1,0.9960125847858917,3.9698811887386904,1.2211963076964805
6,DDM,value_scaling,wide,DEoptim,495,0.5971904156828491,1,1.050404864710695,1.106227200634753,1,0.9960125847858917,3.9698811887386904,1.2211963076964805
6,DDM,value_scaling,wide,DEoptim,496,0.5971904156828491,1,1.050404864710695,1.106227200634753,1,0.9960125847858917,3.9698811887386904,1.2211963076964805
6,DDM,value_scaling,wide,DEoptim,497,0.5971904156828491,1,1.050404864710695,1.106227200634753,1,0.9960125847858917,3.9698811887386904,1.2211963076964805
6,DDM,value_scaling,wide,DEoptim,498,0.5971904156828491,1,1.050404864710695,1.106227200634753,1,0.9960125847858917,3.9698811887386904,1.2211963076964805
6,DDM,value_scaling,wide,DEoptim,499,0.5975121811034004,1,1.054016569207936,1.1002899651561087,1,0.9958926869145877,3.966528276409799,1.2235435720846826
6,DDM,value_scaling,wide,DEoptim,500,0.5975121811034004,1,1.054016569207936,1.1002899651561087,1,0.9958926869145877,3.966528276409799,1.2235435720846826
6,DDM,value_scaling,wide,DEoptim,501,0.5975121811034004,1,1.054016569207936,1.1002899651561087,1,0.9958926869145877,3.966528276409799,1.2235435720846826
6,DDM,value_scaling,wide,DEoptim,502,0.5975121811034004,1,1.054016569207936,1.1002899651561087,1,0.9958926869145877,3.966528276409799,1.2235435720846826
6,DDM,value_scaling,wide,DEoptim,503,0.5975121811034004,1,1.054016569207936,1.1002899651561087,1,0.9958926869145877,3.966528276409799,1.2235435720846826
6,DDM,value_scaling,wide,DEoptim,504,0.5975121811034004,1,1.054016569207936,1.1002899651561087,1,0.9958926869145877,3.966528276409799,1.2235435720846826
6,DDM,value_scaling,wide,DEoptim,505,0.5975121811034004,1,1.054016569207936,1.1002899651561087,1,0.9958926869145877,3.966528276409799,1.2235435720846826
6,DDM,value_scaling,wide,DEoptim,506,0.5975121811034004,1,1.054016569207936,1.1002899651561087,1,0.9958926869145877,3.966528276409799,1.2235435720846826
6,DDM,value_scaling,wide,DEoptim,507,0.5975121811034004,1,1.054016569207936,1.1002899651561087,1,0.9958926869145877,3.966528276409799,1.2235435720846826
6,DDM,value_scaling,wide,DEoptim,508,0.5975121811034004,1,1.054016569207936,1.1002899651561087,1,0.9958926869145877,3.966528276409799,1.2235435720846826
6,DDM,value_scaling,wide,DEoptim,509,0.5975121811034004,1,1.054016569207936,1.1002899651561087,1,0.9958926869145877,3.966528276409799,1.2235435720846826
6,DDM,value_scaling,wide,DEoptim,510,0.5975121811034004,1,1.054016569207936,1.1002899651561087,1,0.9958926869145877,3.966528276409799,1.2235435720846826
6,DDM,value_scaling,wide,DEoptim,511,0.5975121811034004,1,1.054016569207936,1.1002899651561087,1,0.9958926869145877,3.966528276409799,1.2235435720846826
6,DDM,value_scaling,wide,DEoptim,512,0.5975121811034004,1,1.054016569207936,1.1002899651561087,1,0.9958926869145877,3.966528276409799,1.2235435720846826
6,DDM,value_scaling,wide,DEoptim,513,0.5975121811034004,1,1.054016569207936,1.1002899651561087,1,0.9958926869145877,3.966528276409799,1.2235435720846826
6,DDM,value_scaling,wide,DEoptim,514,0.5975121811034004,1,1.054016569207936,1.1002899651561087,1,0.9958926869145877,3.966528276409799,1.2235435720846826
6,DDM,value_scaling,wide,DEoptim,515,0.5975121811034004,1,1.054016569207936,1.1002899651561087,1,0.9958926869145877,3.966528276409799,1.2235435720846826
6,DDM,value_scaling,wide,DEoptim,516,0.5975121811034004,1,1.054016569207936,1.1002899651561087,1,0.9958926869145877,3.966528276409799,1.2235435720846826
6,DDM,value_scaling,wide,DEoptim,517,0.5975121811034004,1,1.054016569207936,1.1002899651561087,1,0.9958926869145877,3.966528276409799,1.2235435720846826
6,DDM,value_scaling,wide,DEoptim,518,0.5975121811034004,1,1.054016569207936,1.1002899651561087,1,0.9958926869145877,3.966528276409799,1.2235435720846826
6,DDM,value_scaling,wide,DEoptim,519,0.597987477160507,1,1.0512629024151727,1.1015983396374662,1,0.9959046105018177,3.971669466089574,1.2233710956898918
6,DDM,value_scaling,wide,DEoptim,520,0.59816909719627,1,1.0512629024151727,1.1015983396374662,1,0.9959046105018177,3.971669466089574,1.222224751371159
6,DDM,value_scaling,wide,DEoptim,521,0.59816909719627,1,1.0512629024151727,1.1015983396374662,1,0.9959046105018177,3.971669466089574,1.222224751371159
6,DDM,value_scaling,wide,DEoptim,522,0.59816909719627,1,1.0512629024151727,1.1015983396374662,1,0.9959046105018177,3.971669466089574,1.222224751371159
6,DDM,value_scaling,wide,DEoptim,523,0.59816909719627,1,1.0512629024151727,1.1015983396374662,1,0.9959046105018177,3.971669466089574,1.222224751371159
6,DDM,value_scaling,wide,DEoptim,524,0.5977601580055771,1,1.0529919997214037,1.1041642608977476,1,0.9959472749728769,3.9707200790232275,1.2224087564786423
6,DDM,value_scaling,wide,DEoptim,525,0.5977601580055771,1,1.0529919997214037,1.1041642608977476,1,0.9959472749728769,3.9707200790232275,1.2224087564786423
6,DDM,value_scaling,wide,DEoptim,526,0.5977601580055771,1,1.0529919997214037,1.1041642608977476,1,0.9959472749728769,3.9707200790232275,1.2224087564786423
6,DDM,value_scaling,wide,DEoptim,527,0.5980234732806755,1,1.0506074654875748,1.097137953401322,1,0.9958130347915111,3.969042244620305,1.222774070508605
6,DDM,value_scaling,wide,DEoptim,528,0.5980234732806755,1,1.0506074654875748,1.097137953401322,1,0.9958130347915111,3.969042244620305,1.222774070508605
6,DDM,value_scaling,wide,DEoptim,529,0.5980234732806755,1,1.0506074654875748,1.097137953401322,1,0.9958130347915111,3.969042244620305,1.222774070508605
6,DDM,value_scaling,wide,DEoptim,530,0.5980234732806755,1,1.0506074654875748,1.097137953401322,1,0.9958130347915111,3.969042244620305,1.222774070508605
6,DDM,value_scaling,wide,DEoptim,531,0.5980234732806755,1,1.0506074654875748,1.097137953401322,1,0.9958130347915111,3.969042244620305,1.222774070508605
6,DDM,value_scaling,wide,DEoptim,532,0.5980234732806755,1,1.0506074654875748,1.097137953401322,1,0.9958130347915111,3.969042244620305,1.222774070508605
6,DDM,value_scaling,wide,DEoptim,533,0.5980234732806755,1,1.0506074654875748,1.097137953401322,1,0.9958130347915111,3.969042244620305,1.222774070508605
6,DDM,value_scaling,wide,DEoptim,534,0.5980234732806755,1,1.0506074654875748,1.097137953401322,1,0.9958130347915111,3.969042244620305,1.222774070508605
6,DDM,value_scaling,wide,DEoptim,535,0.5980234732806755,1,1.0506074654875748,1.097137953401322,1,0.9958130347915111,3.969042244620305,1.222774070508605
6,DDM,value_scaling,wide,DEoptim,536,0.5980234732806755,1,1.0506074654875748,1.097137953401322,1,0.9958130347915111,3.969042244620305,1.222774070508605
6,DDM,value_scaling,wide,DEoptim,537,0.5980234732806755,1,1.0506074654875748,1.097137953401322,1,0.9958130347915111,3.969042244620305,1.222774070508605
6,DDM,value_scaling,wide,DEoptim,538,0.5980234732806755,1,1.0506074654875748,1.097137953401322,1,0.9958130347915111,3.969042244620305,1.222774070508605
6,DDM,value_scaling,wide,DEoptim,539,0.5980234732806755,1,1.0506074654875748,1.097137953401322,1,0.9958130347915111,3.969042244620305,1.222774070508605
6,DDM,value_scaling,wide,DEoptim,540,0.5980234732806755,1,1.0506074654875748,1.097137953401322,1,0.9958130347915111,3.969042244620305,1.222774070508605
6,DDM,value_scaling,wide,DEoptim,541,0.5980234732806755,1,1.0506074654875748,1.097137953401322,1,0.9958130347915111,3.969042244620305,1.222774070508605
6,DDM,value_scaling,wide,DEoptim,542,0.5980234732806755,1,1.0506074654875748,1.097137953401322,1,0.9958130347915111,3.969042244620305,1.222774070508605
6,DDM,value_scaling,wide,DEoptim,543,0.5980234732806755,1,1.0506074654875748,1.097137953401322,1,0.9958130347915111,3.969042244620305,1.222774070508605
6,DDM,value_scaling,wide,DEoptim,544,0.5980281824405784,1,1.0504140332231007,1.1002834982573972,1,0.9958748026240064,3.969667894665936,1.2224619142633597
6,DDM,value_scaling,wide,DEoptim,545,0.5980281824405784,1,1.0504140332231007,1.1002834982573972,1,0.9958748026240064,3.969667894665936,1.2224619142633597
6,DDM,value_scaling,wide,DEoptim,546,0.5980281824405784,1,1.0504140332231007,1.1002834982573972,1,0.9958748026240064,3.969667894665936,1.2224619142633597
6,DDM,value_scaling,wide,DEoptim,547,0.5980281824405784,1,1.0504140332231007,1.1002834982573972,1,0.9958748026240064,3.969667894665936,1.2224619142633597
6,DDM,value_scaling,wide,DEoptim,548,0.5980281824405784,1,1.0504140332231007,1.1002834982573972,1,0.9958748026240064,3.969667894665936,1.2224619142633597
6,DDM,value_scaling,wide,DEoptim,549,0.5980281824405784,1,1.0504140332231007,1.1002834982573972,1,0.9958748026240064,3.969667894665936,1.2224619142633597
6,DDM,value_scaling,wide,DEoptim,550,0.5980281824405784,1,1.0504140332231007,1.1002834982573972,1,0.9958748026240064,3.969667894665936,1.2224619142633597
6,DDM,value_scaling,wide,DEoptim,551,0.5980281824405784,1,1.0504140332231007,1.1002834982573972,1,0.9958748026240064,3.969667894665936,1.2224619142633597
6,DDM,value_scaling,wide,DEoptim,552,0.5980281824405784,1,1.0504140332231007,1.1002834982573972,1,0.9958748026240064,3.969667894665936,1.2224619142633597
6,DDM,value_scaling,wide,DEoptim,553,0.5980281824405784,1,1.0504140332231007,1.1002834982573972,1,0.9958748026240064,3.969667894665936,1.2224619142633597
6,DDM,value_scaling,wide,DEoptim,554,0.5980281824405784,1,1.0504140332231007,1.1002834982573972,1,0.9958748026240064,3.969667894665936,1.2224619142633597
6,DDM,value_scaling,wide,DEoptim,555,0.5980281824405784,1,1.0504140332231007,1.1002834982573972,1,0.9958748026240064,3.969667894665936,1.2224619142633597
6,DDM,value_scaling,wide,DEoptim,556,0.5980281824405784,1,1.0504140332231007,1.1002834982573972,1,0.9958748026240064,3.969667894665936,1.2224619142633597
6,DDM,value_scaling,wide,DEoptim,557,0.5980281824405784,1,1.0504140332231007,1.1002834982573972,1,0.9958748026240064,3.969667894665936,1.2224619142633597
6,DDM,value_scaling,wide,DEoptim,558,0.5980281824405784,1,1.0504140332231007,1.1002834982573972,1,0.9958748026240064,3.969667894665936,1.2224619142633597
6,DDM,value_scaling,wide,DEoptim,559,0.5980281824405784,1,1.0504140332231007,1.1002834982573972,1,0.9958748026240064,3.969667894665936,1.2224619142633597
6,DDM,value_scaling,wide,DEoptim,560,0.5980281824405784,1,1.0504140332231007,1.1002834982573972,1,0.9958748026240064,3.969667894665936,1.2224619142633597
6,DDM,value_scaling,wide,DEoptim,561,0.5980281824405784,1,1.0504140332231007,1.1002834982573972,1,0.9958748026240064,3.969667894665936,1.2224619142633597
6,DDM,value_scaling,wide,DEoptim,562,0.5980281824405784,1,1.0504140332231007,1.1002834982573972,1,0.9958748026240064,3.969667894665936,1.2224619142633597
6,DDM,value_scaling,wide,DEoptim,563,0.5980281824405784,1,1.0504140332231007,1.1002834982573972,1,0.9958748026240064,3.969667894665936,1.2224619142633597
6,DDM,value_scaling,wide,DEoptim,564,0.5980281824405784,1,1.0504140332231007,1.1002834982573972,1,0.9958748026240064,3.969667894665936,1.2224619142633597
6,DDM,value_scaling,wide,DEoptim,565,0.5980281824405784,1,1.0504140332231007,1.1002834982573972,1,0.9958748026240064,3.969667894665936,1.2224619142633597
6,DDM,value_scaling,wide,DEoptim,566,0.5980281824405784,1,1.0504140332231007,1.1002834982573972,1,0.9958748026240064,3.969667894665936,1.2224619142633597
6,DDM,value_scaling,wide,DEoptim,567,0.5980281824405784,1,1.0504140332231007,1.1002834982573972,1,0.9958748026240064,3.969667894665936,1.2224619142633597
6,DDM,value_scaling,wide,DEoptim,568,0.5980281824405784,1,1.0504140332231007,1.1002834982573972,1,0.9958748026240064,3.969667894665936,1.2224619142633597
6,DDM,value_scaling,wide,DEoptim,569,0.5980281824405784,1,1.0504140332231007,1.1002834982573972,1,0.9958748026240064,3.969667894665936,1.2224619142633597
6,DDM,value_scaling,wide,DEoptim,570,0.5977198468983668,1,1.05127332614074,1.1002899651561087,1,0.9958926869145877,3.969265566034014,1.222558360719292
6,DDM,value_scaling,wide,DEoptim,571,0.5977198468983668,1,1.05127332614074,1.1002899651561087,1,0.9958926869145877,3.969265566034014,1.222558360719292
6,DDM,value_scaling,wide,DEoptim,572,0.5977198468983668,1,1.05127332614074,1.1002899651561087,1,0.9958926869145877,3.969265566034014,1.222558360719292
6,DDM,value_scaling,wide,DEoptim,573,0.5977198468983668,1,1.05127332614074,1.1002899651561087,1,0.9958926869145877,3.969265566034014,1.222558360719292
6,DDM,value_scaling,wide,DEoptim,574,0.5977198468983668,1,1.05127332614074,1.1002899651561087,1,0.9958926869145877,3.969265566034014,1.222558360719292
6,DDM,value_scaling,wide,DEoptim,575,0.5977198468983668,1,1.05127332614074,1.1002899651561087,1,0.9958926869145877,3.969265566034014,1.222558360719292
6,DDM,value_scaling,wide,DEoptim,576,0.5977198468983668,1,1.05127332614074,1.1002899651561087,1,0.9958926869145877,3.969265566034014,1.222558360719292
6,DDM,value_scaling,wide,DEoptim,577,0.5977198468983668,1,1.05127332614074,1.1002899651561087,1,0.9958926869145877,3.969265566034014,1.222558360719292
6,DDM,value_scaling,wide,DEoptim,578,0.5977198468983668,1,1.05127332614074,1.1002899651561087,1,0.9958926869145877,3.969265566034014,1.222558360719292
6,DDM,value_scaling,wide,DEoptim,579,0.5977198468983668,1,1.05127332614074,1.1002899651561087,1,0.9958926869145877,3.969265566034014,1.222558360719292
6,DDM,value_scaling,wide,DEoptim,580,0.5977198468983668,1,1.05127332614074,1.1002899651561087,1,0.9958926869145877,3.969265566034014,1.222558360719292
6,DDM,value_scaling,wide,DEoptim,581,0.5977198468983668,1,1.05127332614074,1.1002899651561087,1,0.9958926869145877,3.969265566034014,1.222558360719292
6,DDM,value_scaling,wide,DEoptim,582,0.5977198468983668,1,1.05127332614074,1.1002899651561087,1,0.9958926869145877,3.969265566034014,1.222558360719292
6,DDM,value_scaling,wide,DEoptim,583,0.5977198468983668,1,1.05127332614074,1.1002899651561087,1,0.9958926869145877,3.969265566034014,1.222558360719292
6,DDM,value_scaling,wide,DEoptim,584,0.5977198468983668,1,1.05127332614074,1.1002899651561087,1,0.9958926869145877,3.969265566034014,1.222558360719292
6,DDM,value_scaling,wide,DEoptim,585,0.5976997522120908,1,1.0513787682724254,1.100592090818027,1,0.9958928660366569,3.9706233956832744,1.2222753331084137
6,DDM,value_scaling,wide,DEoptim,586,0.5976997522120908,1,1.0513787682724254,1.100592090818027,1,0.9958928660366569,3.9706233956832744,1.2222753331084137
6,DDM,value_scaling,wide,DEoptim,587,0.5976997522120908,1,1.0513787682724254,1.100592090818027,1,0.9958928660366569,3.9706233956832744,1.2222753331084137
6,DDM,value_scaling,wide,DEoptim,588,0.5976997522120908,1,1.0513787682724254,1.100592090818027,1,0.9958928660366569,3.9706233956832744,1.2222753331084137
6,DDM,value_scaling,wide,DEoptim,589,0.5976997522120908,1,1.0513787682724254,1.100592090818027,1,0.9958928660366569,3.9706233956832744,1.2222753331084137
6,DDM,value_scaling,wide,DEoptim,590,0.5976997522120908,1,1.0513787682724254,1.100592090818027,1,0.9958928660366569,3.9706233956832744,1.2222753331084137
6,DDM,value_scaling,wide,DEoptim,591,0.5976997522120908,1,1.0513787682724254,1.100592090818027,1,0.9958928660366569,3.9706233956832744,1.2222753331084137
6,DDM,value_scaling,wide,DEoptim,592,0.5978253395735678,1,1.051886752036593,1.0984413205059451,1,0.9958437307482982,3.9686802953641216,1.2224646423676986
6,DDM,value_scaling,wide,DEoptim,593,0.5978253395735678,1,1.051886752036593,1.0984413205059451,1,0.9958437307482982,3.9686802953641216,1.2224646423676986
6,DDM,value_scaling,wide,DEoptim,594,0.5978253395735678,1,1.051886752036593,1.0984413205059451,1,0.9958437307482982,3.9686802953641216,1.2224646423676986
6,DDM,value_scaling,wide,DEoptim,595,0.5978253395735678,1,1.051886752036593,1.0984413205059451,1,0.9958437307482982,3.9686802953641216,1.2224646423676986
6,DDM,value_scaling,wide,DEoptim,596,0.5978253395735678,1,1.051886752036593,1.0984413205059451,1,0.9958437307482982,3.9686802953641216,1.2224646423676986
6,DDM,value_scaling,wide,DEoptim,597,0.5976997522120908,1,1.052512910669613,1.100592090818027,1,0.9958928660366569,3.9706233956832744,1.2222753331084137
6,DDM,value_scaling,wide,DEoptim,598,0.5976997522120908,1,1.052512910669613,1.100592090818027,1,0.9958928660366569,3.9706233956832744,1.2222753331084137
6,DDM,value_scaling,wide,DEoptim,599,0.5976997522120908,1,1.052512910669613,1.100592090818027,1,0.9958928660366569,3.9706233956832744,1.2222753331084137
6,DDM,value_scaling,wide,DEoptim,600,0.5976997522120908,1,1.052512910669613,1.100592090818027,1,0.9958928660366569,3.9706233956832744,1.2222753331084137
6,DDM,value_scaling,wide,DEoptim,601,0.5976997522120908,1,1.052512910669613,1.100592090818027,1,0.9958928660366569,3.9706233956832744,1.2222753331084137
6,DDM,value_scaling,wide,DEoptim,602,0.5976997522120908,1,1.052512910669613,1.100592090818027,1,0.9958928660366569,3.9706233956832744,1.2222753331084137
6,DDM,value_scaling,wide,DEoptim,603,0.5976997522120908,1,1.052512910669613,1.100592090818027,1,0.9958928660366569,3.9706233956832744,1.2222753331084137
6,DDM,value_scaling,wide,DEoptim,604,0.5976997522120908,1,1.052512910669613,1.100592090818027,1,0.9958928660366569,3.9706233956832744,1.2222753331084137
6,DDM,value_scaling,wide,DEoptim,605,0.5976997522120908,1,1.052512910669613,1.100592090818027,1,0.9958928660366569,3.9706233956832744,1.2222753331084137
6,DDM,value_scaling,wide,DEoptim,606,0.5976997522120908,1,1.052512910669613,1.100592090818027,1,0.9958928660366569,3.9706233956832744,1.2222753331084137
6,DDM,value_scaling,wide,DEoptim,607,0.5976997522120908,1,1.052512910669613,1.100592090818027,1,0.9958928660366569,3.9706233956832744,1.2222753331084137
6,DDM,value_scaling,wide,DEoptim,608,0.5976997522120908,1,1.052512910669613,1.100592090818027,1,0.9958928660366569,3.9706233956832744,1.2222753331084137
6,DDM,value_scaling,wide,DEoptim,609,0.5976997522120908,1,1.052512910669613,1.100592090818027,1,0.9958928660366569,3.9706233956832744,1.2222753331084137
6,DDM,value_scaling,wide,DEoptim,610,0.5976997522120908,1,1.052512910669613,1.100592090818027,1,0.9958928660366569,3.9706233956832744,1.2222753331084137
6,DDM,value_scaling,wide,DEoptim,611,0.5976997522120908,1,1.052512910669613,1.100592090818027,1,0.9958928660366569,3.9706233956832744,1.2222753331084137
6,DDM,value_scaling,wide,DEoptim,612,0.5976997522120908,1,1.052512910669613,1.100592090818027,1,0.9958928660366569,3.9706233956832744,1.2222753331084137
6,DDM,value_scaling,wide,DEoptim,613,0.5976997522120908,1,1.052512910669613,1.100592090818027,1,0.9958928660366569,3.9706233956832744,1.2222753331084137
6,DDM,value_scaling,wide,DEoptim,614,0.5976997522120908,1,1.052512910669613,1.100592090818027,1,0.9958928660366569,3.9706233956832744,1.2222753331084137
6,DDM,value_scaling,wide,DEoptim,615,0.5976997522120908,1,1.052512910669613,1.100592090818027,1,0.9958928660366569,3.9706233956832744,1.2222753331084137
6,DDM,value_scaling,wide,DEoptim,616,0.5976997522120908,1,1.052512910669613,1.100592090818027,1,0.9958928660366569,3.9706233956832744,1.2222753331084137
6,DDM,value_scaling,wide,DEoptim,617,0.5976997522120908,1,1.052512910669613,1.100592090818027,1,0.9958928660366569,3.9706233956832744,1.2222753331084137
6,DDM,value_scaling,wide,DEoptim,618,0.5976997522120908,1,1.052512910669613,1.100592090818027,1,0.9958928660366569,3.9706233956832744,1.2222753331084137
6,DDM,value_scaling,wide,DEoptim,619,0.5976997522120908,1,1.052488836430532,1.100592090818027,1,0.9958928660366569,3.9706233956832744,1.2222753331084137
6,DDM,value_scaling,wide,DEoptim,620,0.5976997522120908,1,1.052488836430532,1.100592090818027,1,0.9958928660366569,3.9706233956832744,1.2222753331084137
6,DDM,value_scaling,wide,DEoptim,621,0.5976997522120908,1,1.052488836430532,1.100592090818027,1,0.9958928660366569,3.9706233956832744,1.2222753331084137
6,DDM,value_scaling,wide,DEoptim,622,0.5976997522120908,1,1.052488836430532,1.100592090818027,1,0.9958928660366569,3.9706233956832744,1.2222753331084137
6,DDM,value_scaling,wide,DEoptim,623,0.5976997522120908,1,1.052488836430532,1.100592090818027,1,0.9958928660366569,3.9706233956832744,1.2222753331084137
