participant_id,model_name,parameterization,bound_settings,algorithm,iter,alpha,mu,beta,kappa1,kappa2,w,theta_star,t0
93,DFT_CRT,time_scaling,wide,DEoptim,1,1.5292092230101118,1,2.3358715942711568,1,3.5535242734476924,0.42305457608163827,7.205882728046271,1.0064096354297363
93,DFT_CRT,time_scaling,wide,DEoptim,2,2.084101298158057,1,1.4031403153943829,1,5.341628649272025,0.33055356764905625,10.947446293602697,0.3426998797804117
93,DFT_CRT,time_scaling,wide,DEoptim,3,2.084101298158057,1,1.4031403153943829,1,5.341628649272025,0.33055356764905625,10.947446293602697,0.3426998797804117
93,DFT_CRT,time_scaling,wide,DEoptim,4,2.3065128587324173,1,0.6963470348726025,1,4.102480612229556,0.6939199734637421,9.16664478617161,1.3140352955027483
93,DFT_CRT,time_scaling,wide,DEoptim,5,2.3065128587324173,1,0.6963470348726025,1,4.102480612229556,0.6939199734637421,9.16664478617161,1.3140352955027483
93,DFT_CRT,time_scaling,wide,DEoptim,6,1.8316953907324933,1,0.2487268693010135,1,2.44630991987884,0.15451493080123796,7.868347433602902,0.9172089519188742
93,DFT_CRT,time_scaling,wide,DEoptim,7,2.9776533258706332,1,1.8782888584304602,1,7.952584970463067,0.5621406480325898,9.68839316326734,0.7538343869123239
93,DFT_CRT,time_scaling,wide,DEoptim,8,2.9776533258706332,1,1.8782888584304602,1,7.952584970463067,0.5621406480325898,9.68839316326734,0.7538343869123239
93,DFT_CRT,time_scaling,wide,DEoptim,9,2.0347953610708656,1,0.9828142641787418,1,7.251020106486976,0.5213431427817157,5.326008201315857,0.6285458506523333
93,DFT_CRT,time_scaling,wide,DEoptim,10,2.0347953610708656,1,0.9828142641787418,1,7.251020106486976,0.5213431427817157,5.326008201315857,0.6285458506523333
93,DFT_CRT,time_scaling,wide,DEoptim,11,2.0347953610708656,1,0.29294612439394374,1,7.6595989508941775,0.5213431427817157,5.326008201315857,0.6285458506523333
93,DFT_CRT,time_scaling,wide,DEoptim,12,2.0347953610708656,1,0.29294612439394374,1,7.6595989508941775,0.5213431427817157,5.326008201315857,1.1205831860090305
93,DFT_CRT,time_scaling,wide,DEoptim,13,2.0347953610708656,1,0.29294612439394374,1,7.6595989508941775,0.5213431427817157,5.326008201315857,1.1205831860090305
93,DFT_CRT,time_scaling,wide,DEoptim,14,2.0347953610708656,1,0.29294612439394374,1,7.6595989508941775,0.5213431427817157,4.1880439044217095,1.1205831860090305
93,DFT_CRT,time_scaling,wide,DEoptim,15,2.0347953610708656,1,0.29294612439394374,1,7.6595989508941775,0.5213431427817157,4.1880439044217095,1.1205831860090305
93,DFT_CRT,time_scaling,wide,DEoptim,16,2.0347953610708656,1,0.29294612439394374,1,7.6595989508941775,0.5213431427817157,4.1880439044217095,1.1205831860090305
93,DFT_CRT,time_scaling,wide,DEoptim,17,2.0347953610708656,1,0.29294612439394374,1,7.6595989508941775,0.5213431427817157,4.1880439044217095,1.1205831860090305
93,DFT_CRT,time_scaling,wide,DEoptim,18,2.0698452109994334,1,0.9968742689136418,1,6.893080785086953,0.6958546361941037,4.671515306423965,1.129451813458112
93,DFT_CRT,time_scaling,wide,DEoptim,19,2.0698452109994334,1,0.9968742689136418,1,6.893080785086953,0.6958546361941037,4.671515306423965,1.129451813458112
93,DFT_CRT,time_scaling,wide,DEoptim,20,2.801753234884671,1,1.3643732485105284,1,2.2525316732935607,0.2871417586232434,4.4870786545498484,1.2274479666099374
93,DFT_CRT,time_scaling,wide,DEoptim,21,2.801753234884671,1,1.3643732485105284,1,2.2525316732935607,0.2871417586232434,4.4870786545498484,1.2274479666099374
93,DFT_CRT,time_scaling,wide,DEoptim,22,2.801753234884671,1,1.3643732485105284,1,2.2525316732935607,0.2871417586232434,3.9889559424956413,1.2274479666099374
93,DFT_CRT,time_scaling,wide,DEoptim,23,2.801753234884671,1,1.3643732485105284,1,2.2525316732935607,0.2871417586232434,3.9889559424956413,1.2274479666099374
93,DFT_CRT,time_scaling,wide,DEoptim,24,2.801753234884671,1,1.3643732485105284,1,2.2525316732935607,0.3139680786652844,3.9159807512779206,1.2274479666099374
93,DFT_CRT,time_scaling,wide,DEoptim,25,2.7600871394077946,1,1.3643732485105284,1,2.2525316732935607,0.3139680786652844,3.9159807512779206,1.2274479666099374
93,DFT_CRT,time_scaling,wide,DEoptim,26,2.7600871394077946,1,1.3643732485105284,1,2.2525316732935607,0.3139680786652844,3.9159807512779206,1.2274479666099374
93,DFT_CRT,time_scaling,wide,DEoptim,27,2.7600871394077946,1,1.3643732485105284,1,2.2525316732935607,0.3139680786652844,3.9159807512779206,1.2274479666099374
93,DFT_CRT,time_scaling,wide,DEoptim,28,2.7600871394077946,1,1.3643732485105284,1,2.2525316732935607,0.3139680786652844,3.9159807512779206,1.2274479666099374
93,DFT_CRT,time_scaling,wide,DEoptim,29,2.7600871394077946,1,1.3643732485105284,1,2.2525316732935607,0.3139680786652844,3.9159807512779206,1.2274479666099374
93,DFT_CRT,time_scaling,wide,DEoptim,30,2.7600871394077946,1,1.3643732485105284,1,2.2525316732935607,0.3139680786652844,3.9159807512779206,1.2274479666099374
93,DFT_CRT,time_scaling,wide,DEoptim,31,2.7600871394077946,1,1.3643732485105284,1,2.2525316732935607,0.3139680786652844,3.9159807512779206,1.2274479666099374
93,DFT_CRT,time_scaling,wide,DEoptim,32,2.7600871394077946,1,1.3643732485105284,1,2.2525316732935607,0.3139680786652844,3.9159807512779206,1.2274479666099374
93,DFT_CRT,time_scaling,wide,DEoptim,33,2.7600871394077946,1,1.3643732485105284,1,2.2525316732935607,0.3139680786652844,3.9159807512779206,1.2274479666099374
93,DFT_CRT,time_scaling,wide,DEoptim,34,2.7600871394077946,1,1.3643732485105284,1,2.6058694255365156,0.3139680786652844,3.9159807512779206,1.2274479666099374
93,DFT_CRT,time_scaling,wide,DEoptim,35,2.7600871394077946,1,1.3643732485105284,1,2.6058694255365156,0.3139680786652844,3.9159807512779206,1.2274479666099374
93,DFT_CRT,time_scaling,wide,DEoptim,36,2.7600871394077946,1,1.3643732485105284,1,2.6058694255365156,0.3139680786652844,3.9159807512779206,1.2274479666099374
93,DFT_CRT,time_scaling,wide,DEoptim,37,2.7600871394077946,1,1.3643732485105284,1,2.6058694255365156,0.3139680786652844,3.9159807512779206,1.2274479666099374
93,DFT_CRT,time_scaling,wide,DEoptim,38,2.7600871394077946,1,1.3643732485105284,1,2.6058694255365156,0.3139680786652844,3.9159807512779206,1.2274479666099374
93,DFT_CRT,time_scaling,wide,DEoptim,39,2.7600871394077946,1,1.3643732485105284,1,2.6058694255365156,0.3139680786652844,3.9159807512779206,1.2274479666099374
93,DFT_CRT,time_scaling,wide,DEoptim,40,2.7600871394077946,1,1.3643732485105284,1,2.6058694255365156,0.3139680786652844,3.9159807512779206,1.2274479666099374
93,DFT_CRT,time_scaling,wide,DEoptim,41,2.7600871394077946,1,1.3643732485105284,1,2.6058694255365156,0.31574374750653433,3.9159807512779206,1.2274479666099374
93,DFT_CRT,time_scaling,wide,DEoptim,42,2.7600871394077946,1,1.3643732485105284,1,2.6058694255365156,0.31574374750653433,3.9159807512779206,1.2274479666099374
93,DFT_CRT,time_scaling,wide,DEoptim,43,2.7600871394077946,1,1.3643732485105284,1,2.6058694255365156,0.31574374750653433,3.9159807512779206,1.2274479666099374
93,DFT_CRT,time_scaling,wide,DEoptim,44,2.7600871394077946,1,1.3643732485105284,1,2.6058694255365156,0.31574374750653433,3.9159807512779206,1.2274479666099374
93,DFT_CRT,time_scaling,wide,DEoptim,45,2.7600871394077946,1,1.3643732485105284,1,2.6058694255365156,0.31574374750653433,3.9159807512779206,1.2274479666099374
93,DFT_CRT,time_scaling,wide,DEoptim,46,2.6807946100601505,1,1.4135522638170084,1,5.822339742500203,0.5068595395142592,4.043110793809359,1.2585221289372777
93,DFT_CRT,time_scaling,wide,DEoptim,47,2.6807946100601505,1,1.4135522638170084,1,5.822339742500203,0.4889183415499724,4.043110793809359,1.2585221289372777
93,DFT_CRT,time_scaling,wide,DEoptim,48,2.6807946100601505,1,1.4135522638170084,1,5.822339742500203,0.4889183415499724,4.043110793809359,1.2585221289372777
93,DFT_CRT,time_scaling,wide,DEoptim,49,2.6807946100601505,1,1.4135522638170084,1,5.822339742500203,0.4889183415499724,4.043110793809359,1.2585221289372777
93,DFT_CRT,time_scaling,wide,DEoptim,50,2.6807946100601505,1,1.4135522638170084,1,5.822339742500203,0.4889183415499724,4.043110793809359,1.2585221289372777
93,DFT_CRT,time_scaling,wide,DEoptim,51,2.6807946100601505,1,1.4135522638170084,1,5.822339742500203,0.4889183415499724,4.043110793809359,1.2585221289372777
93,DFT_CRT,time_scaling,wide,DEoptim,52,2.6807946100601505,1,1.4135522638170084,1,5.822339742500203,0.4889183415499724,4.043110793809359,1.2585221289372777
93,DFT_CRT,time_scaling,wide,DEoptim,53,2.6807946100601505,1,1.4988077839148184,1,5.822339742500203,0.4889183415499724,4.043110793809359,1.2585221289372777
93,DFT_CRT,time_scaling,wide,DEoptim,54,2.6807946100601505,1,1.4988077839148184,1,5.822339742500203,0.4889183415499724,4.043110793809359,1.2585221289372777
93,DFT_CRT,time_scaling,wide,DEoptim,55,2.6807946100601505,1,1.4988077839148184,1,5.822339742500203,0.4889183415499724,4.043110793809359,1.2585221289372777
93,DFT_CRT,time_scaling,wide,DEoptim,56,2.510908860293385,1,1.323545835226161,1,3.228933739662808,0.42952688395955707,3.6696508779269226,1.3766978499829292
93,DFT_CRT,time_scaling,wide,DEoptim,57,2.510908860293385,1,1.323545835226161,1,3.228933739662808,0.42952688395955707,3.6696508779269226,1.3766978499829292
93,DFT_CRT,time_scaling,wide,DEoptim,58,2.510908860293385,1,1.323545835226161,1,3.228933739662808,0.42952688395955707,3.6696508779269226,1.3766978499829292
93,DFT_CRT,time_scaling,wide,DEoptim,59,2.510908860293385,1,1.323545835226161,1,3.228933739662808,0.42952688395955707,3.6696508779269226,1.3766978499829292
93,DFT_CRT,time_scaling,wide,DEoptim,60,2.510908860293385,1,1.323545835226161,1,3.228933739662808,0.42952688395955707,3.6696508779269226,1.3766978499829292
93,DFT_CRT,time_scaling,wide,DEoptim,61,2.6832364624008433,1,1.5091178688039508,1,2.9176909112835103,0.42337375300014995,3.7430060806489265,1.3139100605490912
93,DFT_CRT,time_scaling,wide,DEoptim,62,2.6832364624008433,1,1.5091178688039508,1,2.9176909112835103,0.42337375300014995,3.7430060806489265,1.3139100605490912
93,DFT_CRT,time_scaling,wide,DEoptim,63,2.6832364624008433,1,1.5091178688039508,1,2.9176909112835103,0.42337375300014995,3.7430060806489265,1.3139100605490912
93,DFT_CRT,time_scaling,wide,DEoptim,64,2.6832364624008433,1,1.5091178688039508,1,2.9176909112835103,0.42337375300014995,3.7430060806489265,1.3139100605490912
93,DFT_CRT,time_scaling,wide,DEoptim,65,2.6832364624008433,1,1.5091178688039508,1,2.9176909112835103,0.42337375300014995,3.7430060806489265,1.3139100605490912
93,DFT_CRT,time_scaling,wide,DEoptim,66,2.6832364624008433,1,1.5091178688039508,1,2.9176909112835103,0.42337375300014995,3.7430060806489265,1.3139100605490912
93,DFT_CRT,time_scaling,wide,DEoptim,67,2.6832364624008433,1,1.5091178688039508,1,2.9176909112835103,0.42337375300014995,3.7430060806489265,1.3139100605490912
93,DFT_CRT,time_scaling,wide,DEoptim,68,2.6832364624008433,1,1.5091178688039508,1,2.9176909112835103,0.42337375300014995,3.7430060806489265,1.3139100605490912
93,DFT_CRT,time_scaling,wide,DEoptim,69,2.6832364624008433,1,1.5091178688039508,1,2.9176909112835103,0.42337375300014995,3.7430060806489265,1.3776528886555726
93,DFT_CRT,time_scaling,wide,DEoptim,70,2.6832364624008433,1,1.5091178688039508,1,2.9176909112835103,0.42337375300014995,3.7430060806489265,1.3776528886555726
93,DFT_CRT,time_scaling,wide,DEoptim,71,2.6832364624008433,1,1.5091178688039508,1,2.9176909112835103,0.42337375300014995,3.7430060806489265,1.3776528886555726
93,DFT_CRT,time_scaling,wide,DEoptim,72,2.6832364624008433,1,1.5091178688039508,1,2.10829349305164,0.42337375300014995,3.7430060806489265,1.3776528886555726
93,DFT_CRT,time_scaling,wide,DEoptim,73,2.6832364624008433,1,1.5091178688039508,1,2.10829349305164,0.42337375300014995,3.7430060806489265,1.3776528886555726
93,DFT_CRT,time_scaling,wide,DEoptim,74,2.624696227092642,1,1.5091178688039508,1,2.10829349305164,0.42337375300014995,3.7430060806489265,1.3776528886555726
93,DFT_CRT,time_scaling,wide,DEoptim,75,2.624696227092642,1,1.5091178688039508,1,2.10829349305164,0.42337375300014995,3.7430060806489265,1.3776528886555726
93,DFT_CRT,time_scaling,wide,DEoptim,76,2.624696227092642,1,1.5091178688039508,1,2.10829349305164,0.42337375300014995,3.7430060806489265,1.3776528886555726
93,DFT_CRT,time_scaling,wide,DEoptim,77,2.624696227092642,1,1.5091178688039508,1,2.10829349305164,0.42337375300014995,3.7430060806489265,1.3776528886555726
93,DFT_CRT,time_scaling,wide,DEoptim,78,2.5221141983185724,1,1.5521260548196574,1,1.7982024073285632,0.5463194563032228,3.82167456859251,1.3606261945852454
93,DFT_CRT,time_scaling,wide,DEoptim,79,2.5221141983185724,1,1.5521260548196574,1,1.7982024073285632,0.5463194563032228,3.82167456859251,1.3606261945852454
93,DFT_CRT,time_scaling,wide,DEoptim,80,2.5221141983185724,1,1.5521260548196574,1,1.7982024073285632,0.5463194563032228,3.82167456859251,1.3606261945852454
93,DFT_CRT,time_scaling,wide,DEoptim,81,2.5221141983185724,1,1.5521260548196574,1,1.7982024073285632,0.5463194563032228,3.82167456859251,1.3606261945852454
93,DFT_CRT,time_scaling,wide,DEoptim,82,2.5221141983185724,1,1.5521260548196574,1,1.7982024073285632,0.5463194563032228,3.82167456859251,1.3606261945852454
93,DFT_CRT,time_scaling,wide,DEoptim,83,2.5221141983185724,1,1.5521260548196574,1,1.7982024073285632,0.5463194563032228,3.82167456859251,1.3606261945852454
93,DFT_CRT,time_scaling,wide,DEoptim,84,2.5221141983185724,1,1.5521260548196574,1,1.7982024073285632,0.5463194563032228,3.82167456859251,1.3606261945852454
93,DFT_CRT,time_scaling,wide,DEoptim,85,2.5221141983185724,1,1.5521260548196574,1,1.7982024073285632,0.5463194563032228,3.82167456859251,1.3606261945852454
93,DFT_CRT,time_scaling,wide,DEoptim,86,2.5221141983185724,1,1.5521260548196574,1,1.7982024073285632,0.5214162201811717,3.82167456859251,1.3606261945852454
93,DFT_CRT,time_scaling,wide,DEoptim,87,2.5221141983185724,1,1.5521260548196574,1,1.7982024073285632,0.5214162201811717,3.82167456859251,1.3606261945852454
93,DFT_CRT,time_scaling,wide,DEoptim,88,2.5221141983185724,1,1.5521260548196574,1,1.7982024073285632,0.5214162201811717,3.82167456859251,1.3606261945852454
93,DFT_CRT,time_scaling,wide,DEoptim,89,2.5221141983185724,1,1.5521260548196574,1,1.7982024073285632,0.5214162201811717,3.82167456859251,1.3606261945852454
93,DFT_CRT,time_scaling,wide,DEoptim,90,2.5221141983185724,1,1.5521260548196574,1,1.7982024073285632,0.5214162201811717,3.8225648473340343,1.3606261945852454
93,DFT_CRT,time_scaling,wide,DEoptim,91,2.5221141983185724,1,1.5521260548196574,1,1.7982024073285632,0.5214162201811717,3.8225648473340343,1.3606261945852454
93,DFT_CRT,time_scaling,wide,DEoptim,92,2.5221141983185724,1,1.5521260548196574,1,1.7982024073285632,0.5214162201811717,3.8225648473340343,1.3606261945852454
93,DFT_CRT,time_scaling,wide,DEoptim,93,2.5221141983185724,1,1.5521260548196574,1,1.7982024073285632,0.5214162201811717,3.8225648473340343,1.3606261945852454
93,DFT_CRT,time_scaling,wide,DEoptim,94,2.5221141983185724,1,1.5521260548196574,1,1.7982024073285632,0.5214162201811717,3.8225648473340343,1.3606261945852454
93,DFT_CRT,time_scaling,wide,DEoptim,95,2.5393827099466533,1,1.5521260548196574,1,1.7982024073285632,0.5214162201811717,3.8225648473340343,1.3606261945852454
93,DFT_CRT,time_scaling,wide,DEoptim,96,2.5393827099466533,1,1.5521260548196574,1,1.7982024073285632,0.5214162201811717,3.8225648473340343,1.3606261945852454
93,DFT_CRT,time_scaling,wide,DEoptim,97,2.592471983400297,1,1.5091178688039508,1,2.10829349305164,0.4750039880480163,3.854610390895336,1.365585642297253
93,DFT_CRT,time_scaling,wide,DEoptim,98,2.592471983400297,1,1.5091178688039508,1,2.10829349305164,0.4750039880480163,3.854610390895336,1.365585642297253
93,DFT_CRT,time_scaling,wide,DEoptim,99,2.592471983400297,1,1.5091178688039508,1,2.10829349305164,0.4750039880480163,3.854610390895336,1.365585642297253
93,DFT_CRT,time_scaling,wide,DEoptim,100,2.6504224857682948,1,1.574383424911207,1,2.5082369684147814,0.490422965925313,3.9683864135677656,1.332933451596847
93,DFT_CRT,time_scaling,wide,DEoptim,101,2.6504224857682948,1,1.574383424911207,1,2.5082369684147814,0.490422965925313,3.9683864135677656,1.332933451596847
93,DFT_CRT,time_scaling,wide,DEoptim,102,2.6504224857682948,1,1.574383424911207,1,2.5082369684147814,0.490422965925313,3.9683864135677656,1.332933451596847
93,DFT_CRT,time_scaling,wide,DEoptim,103,2.6504224857682948,1,1.574383424911207,1,2.5082369684147814,0.490422965925313,3.9683864135677656,1.332933451596847
93,DFT_CRT,time_scaling,wide,DEoptim,104,2.6504224857682948,1,1.574383424911207,1,2.5082369684147814,0.490422965925313,3.9683864135677656,1.332933451596847
93,DFT_CRT,time_scaling,wide,DEoptim,105,2.6504224857682948,1,1.574383424911207,1,2.5082369684147814,0.490422965925313,3.9683864135677656,1.332933451596847
93,DFT_CRT,time_scaling,wide,DEoptim,106,2.6504224857682948,1,1.574383424911207,1,2.5082369684147814,0.490422965925313,3.9683864135677656,1.332933451596847
93,DFT_CRT,time_scaling,wide,DEoptim,107,2.6504224857682948,1,1.574383424911207,1,2.5082369684147814,0.490422965925313,3.9683864135677656,1.332933451596847
93,DFT_CRT,time_scaling,wide,DEoptim,108,2.6504224857682948,1,1.574383424911207,1,2.3041689189977967,0.490422965925313,3.9683864135677656,1.332933451596847
93,DFT_CRT,time_scaling,wide,DEoptim,109,2.6504224857682948,1,1.574383424911207,1,2.3041689189977967,0.490422965925313,3.9683864135677656,1.332933451596847
93,DFT_CRT,time_scaling,wide,DEoptim,110,2.6504224857682948,1,1.574383424911207,1,2.3041689189977967,0.490422965925313,3.9683864135677656,1.332933451596847
93,DFT_CRT,time_scaling,wide,DEoptim,111,2.6504224857682948,1,1.574383424911207,1,2.3041689189977967,0.490422965925313,3.9683864135677656,1.332933451596847
93,DFT_CRT,time_scaling,wide,DEoptim,112,2.6504224857682948,1,1.574383424911207,1,2.3041689189977967,0.490422965925313,3.9683864135677656,1.332933451596847
93,DFT_CRT,time_scaling,wide,DEoptim,113,2.6504224857682948,1,1.574383424911207,1,2.3041689189977967,0.490422965925313,3.9683864135677656,1.332933451596847
93,DFT_CRT,time_scaling,wide,DEoptim,114,2.6504224857682948,1,1.574383424911207,1,2.3041689189977967,0.490422965925313,3.9683864135677656,1.332933451596847
93,DFT_CRT,time_scaling,wide,DEoptim,115,2.6504224857682948,1,1.574383424911207,1,2.3041689189977967,0.490422965925313,3.9683864135677656,1.332933451596847
93,DFT_CRT,time_scaling,wide,DEoptim,116,2.6504224857682948,1,1.574383424911207,1,2.3041689189977967,0.490422965925313,3.9683864135677656,1.332933451596847
93,DFT_CRT,time_scaling,wide,DEoptim,117,2.6504224857682948,1,1.574383424911207,1,2.3041689189977967,0.490422965925313,3.9683864135677656,1.332933451596847
93,DFT_CRT,time_scaling,wide,DEoptim,118,2.6504224857682948,1,1.574383424911207,1,2.3041689189977967,0.490422965925313,3.9683864135677656,1.332933451596847
93,DFT_CRT,time_scaling,wide,DEoptim,119,2.6504224857682948,1,1.574383424911207,1,2.3041689189977967,0.490422965925313,3.9683864135677656,1.332933451596847
93,DFT_CRT,time_scaling,wide,DEoptim,120,2.499795197436315,1,1.4567579727432212,1,2.484039953090626,0.527102320240422,3.9216257884160126,1.3324066750812948
93,DFT_CRT,time_scaling,wide,DEoptim,121,2.499795197436315,1,1.4567579727432212,1,2.484039953090626,0.527102320240422,3.9216257884160126,1.3324066750812948
93,DFT_CRT,time_scaling,wide,DEoptim,122,2.499795197436315,1,1.4567579727432212,1,2.484039953090626,0.527102320240422,3.9216257884160126,1.3324066750812948
93,DFT_CRT,time_scaling,wide,DEoptim,123,2.499795197436315,1,1.4567579727432212,1,2.484039953090626,0.527102320240422,3.9216257884160126,1.3324066750812948
93,DFT_CRT,time_scaling,wide,DEoptim,124,2.499795197436315,1,1.4567579727432212,1,2.484039953090626,0.527102320240422,3.9216257884160126,1.3324066750812948
93,DFT_CRT,time_scaling,wide,DEoptim,125,2.499795197436315,1,1.4567579727432212,1,2.484039953090626,0.527102320240422,3.9216257884160126,1.3324066750812948
93,DFT_CRT,time_scaling,wide,DEoptim,126,2.499795197436315,1,1.4567579727432212,1,2.484039953090626,0.527102320240422,3.9216257884160126,1.3324066750812948
93,DFT_CRT,time_scaling,wide,DEoptim,127,2.499795197436315,1,1.4567579727432212,1,2.484039953090626,0.527102320240422,3.9216257884160126,1.3324066750812948
93,DFT_CRT,time_scaling,wide,DEoptim,128,2.499795197436315,1,1.4567579727432212,1,2.484039953090626,0.527102320240422,3.9216257884160126,1.3324066750812948
93,DFT_CRT,time_scaling,wide,DEoptim,129,2.499795197436315,1,1.4567579727432212,1,2.484039953090626,0.527102320240422,3.9216257884160126,1.3324066750812948
93,DFT_CRT,time_scaling,wide,DEoptim,130,2.499795197436315,1,1.4567579727432212,1,2.484039953090626,0.527102320240422,3.9216257884160126,1.3324066750812948
93,DFT_CRT,time_scaling,wide,DEoptim,131,2.499795197436315,1,1.4567579727432212,1,2.484039953090626,0.527102320240422,3.9216257884160126,1.3324066750812948
93,DFT_CRT,time_scaling,wide,DEoptim,132,2.499795197436315,1,1.4567579727432212,1,2.484039953090626,0.527102320240422,3.9216257884160126,1.3324066750812948
93,DFT_CRT,time_scaling,wide,DEoptim,133,2.499795197436315,1,1.4567579727432212,1,2.484039953090626,0.527102320240422,3.9216257884160126,1.3324066750812948
93,DFT_CRT,time_scaling,wide,DEoptim,134,2.499795197436315,1,1.4567579727432212,1,2.484039953090626,0.527102320240422,3.9216257884160126,1.3324066750812948
93,DFT_CRT,time_scaling,wide,DEoptim,135,2.499795197436315,1,1.4746914377101723,1,2.484039953090626,0.527102320240422,3.9216257884160126,1.3324066750812948
93,DFT_CRT,time_scaling,wide,DEoptim,136,2.499795197436315,1,1.4746914377101723,1,2.484039953090626,0.527102320240422,3.9216257884160126,1.3324066750812948
93,DFT_CRT,time_scaling,wide,DEoptim,137,2.499795197436315,1,1.4746914377101723,1,2.484039953090626,0.527102320240422,3.9216257884160126,1.3324066750812948
93,DFT_CRT,time_scaling,wide,DEoptim,138,2.499795197436315,1,1.4746914377101723,1,2.484039953090626,0.527102320240422,3.9216257884160126,1.3324066750812948
93,DFT_CRT,time_scaling,wide,DEoptim,139,2.499795197436315,1,1.4746914377101723,1,2.484039953090626,0.527102320240422,3.9216257884160126,1.3324066750812948
93,DFT_CRT,time_scaling,wide,DEoptim,140,2.499795197436315,1,1.4746914377101723,1,2.484039953090626,0.527102320240422,3.9216257884160126,1.3324066750812948
93,DFT_CRT,time_scaling,wide,DEoptim,141,2.499795197436315,1,1.4746914377101723,1,2.484039953090626,0.527102320240422,3.9216257884160126,1.3324066750812948
93,DFT_CRT,time_scaling,wide,DEoptim,142,2.499795197436315,1,1.4746914377101723,1,2.484039953090626,0.527102320240422,3.9216257884160126,1.3324066750812948
93,DFT_CRT,time_scaling,wide,DEoptim,143,2.499795197436315,1,1.4746914377101723,1,2.484039953090626,0.527102320240422,3.9216257884160126,1.3324066750812948
93,DFT_CRT,time_scaling,wide,DEoptim,144,2.499795197436315,1,1.4746914377101723,1,2.484039953090626,0.527102320240422,3.9216257884160126,1.3324066750812948
93,DFT_CRT,time_scaling,wide,DEoptim,145,2.499795197436315,1,1.4746914377101723,1,2.484039953090626,0.527102320240422,3.9216257884160126,1.3324066750812948
93,DFT_CRT,time_scaling,wide,DEoptim,146,2.499795197436315,1,1.4746914377101723,1,2.484039953090626,0.527102320240422,3.9216257884160126,1.3324066750812948
93,DFT_CRT,time_scaling,wide,DEoptim,147,2.499795197436315,1,1.4746914377101723,1,2.484039953090626,0.527102320240422,3.9216257884160126,1.3324066750812948
93,DFT_CRT,time_scaling,wide,DEoptim,148,2.499795197436315,1,1.4746914377101723,1,2.484039953090626,0.527102320240422,3.9216257884160126,1.3324066750812948
93,DFT_CRT,time_scaling,wide,DEoptim,149,2.499795197436315,1,1.4746914377101723,1,2.484039953090626,0.527102320240422,3.9216257884160126,1.3324066750812948
93,DFT_CRT,time_scaling,wide,DEoptim,150,2.499795197436315,1,1.4746914377101723,1,2.484039953090626,0.527102320240422,3.9216257884160126,1.3324066750812948
93,DFT_CRT,time_scaling,wide,DEoptim,151,2.499795197436315,1,1.4746914377101723,1,2.484039953090626,0.527102320240422,3.9216257884160126,1.3324066750812948
93,DFT_CRT,time_scaling,wide,DEoptim,152,2.5120072081091447,1,1.5258339736434003,1,1.778358255493549,0.5229313813804868,3.993782322683405,1.3292989376275737
93,DFT_CRT,time_scaling,wide,DEoptim,153,2.5645632651062047,1,1.5291705284298385,1,2.3373892514677106,0.5135491402481696,3.9373680790182948,1.3411016777891347
93,DFT_CRT,time_scaling,wide,DEoptim,154,2.5645632651062047,1,1.5291705284298385,1,2.3373892514677106,0.5135491402481696,3.9373680790182948,1.3411016777891347
93,DFT_CRT,time_scaling,wide,DEoptim,155,2.5645632651062047,1,1.5291705284298385,1,2.3373892514677106,0.5135491402481696,3.9373680790182948,1.3411016777891347
93,DFT_CRT,time_scaling,wide,DEoptim,156,2.5645632651062047,1,1.5291705284298385,1,2.3373892514677106,0.5135491402481696,3.9373680790182948,1.3411016777891347
93,DFT_CRT,time_scaling,wide,DEoptim,157,2.5645632651062047,1,1.5291705284298385,1,2.3373892514677106,0.5135491402481696,3.9373680790182948,1.3411016777891347
93,DFT_CRT,time_scaling,wide,DEoptim,158,2.5645632651062047,1,1.5291705284298385,1,2.3373892514677106,0.5135491402481696,3.9373680790182948,1.3411016777891347
93,DFT_CRT,time_scaling,wide,DEoptim,159,2.5645632651062047,1,1.5291705284298385,1,2.3373892514677106,0.5135491402481696,3.9373680790182948,1.3411016777891347
93,DFT_CRT,time_scaling,wide,DEoptim,160,2.5645632651062047,1,1.5291705284298385,1,2.3373892514677106,0.5135491402481696,3.9373680790182948,1.3411016777891347
93,DFT_CRT,time_scaling,wide,DEoptim,161,2.5645632651062047,1,1.5291705284298385,1,2.3373892514677106,0.5135491402481696,3.9373680790182948,1.3411016777891347
93,DFT_CRT,time_scaling,wide,DEoptim,162,2.5645632651062047,1,1.5291705284298385,1,2.3373892514677106,0.5135491402481696,3.9373680790182948,1.3411016777891347
93,DFT_CRT,time_scaling,wide,DEoptim,163,2.5645632651062047,1,1.5291705284298385,1,2.3373892514677106,0.5135491402481696,3.9373680790182948,1.3411016777891347
93,DFT_CRT,time_scaling,wide,DEoptim,164,2.5645632651062047,1,1.5291705284298385,1,2.3373892514677106,0.5135491402481696,3.9373680790182948,1.3411016777891347
93,DFT_CRT,time_scaling,wide,DEoptim,165,2.5645632651062047,1,1.5291705284298385,1,2.3373892514677106,0.5135491402481696,3.9373680790182948,1.3411016777891347
93,DFT_CRT,time_scaling,wide,DEoptim,166,2.5645632651062047,1,1.5291705284298385,1,2.3373892514677106,0.5135491402481696,3.9373680790182948,1.3411016777891347
93,DFT_CRT,time_scaling,wide,DEoptim,167,2.5645632651062047,1,1.5291705284298385,1,2.3373892514677106,0.5135491402481696,3.9373680790182948,1.3411016777891347
93,DFT_CRT,time_scaling,wide,DEoptim,168,2.5645632651062047,1,1.5291705284298385,1,2.3373892514677106,0.5135491402481696,3.9373680790182948,1.3411016777891347
93,DFT_CRT,time_scaling,wide,DEoptim,169,2.5645632651062047,1,1.5291705284298385,1,2.121709247536656,0.5135491402481696,3.9373680790182948,1.3411016777891347
93,DFT_CRT,time_scaling,wide,DEoptim,170,2.5645632651062047,1,1.5291705284298385,1,2.121709247536656,0.5135491402481696,3.9373680790182948,1.3411016777891347
93,DFT_CRT,time_scaling,wide,DEoptim,171,2.5645632651062047,1,1.5291705284298385,1,2.121709247536656,0.5135491402481696,3.9373680790182948,1.3411016777891347
93,DFT_CRT,time_scaling,wide,DEoptim,172,2.5645632651062047,1,1.5291705284298385,1,2.121709247536656,0.5135491402481696,3.9373680790182948,1.3411016777891347
93,DFT_CRT,time_scaling,wide,DEoptim,173,2.5645632651062047,1,1.5291705284298385,1,2.121709247536656,0.5135491402481696,3.9373680790182948,1.3411016777891347
93,DFT_CRT,time_scaling,wide,DEoptim,174,2.5645632651062047,1,1.5291705284298385,1,2.121709247536656,0.5135491402481696,3.9373680790182948,1.3411016777891347
93,DFT_CRT,time_scaling,wide,DEoptim,175,2.5645632651062047,1,1.5291705284298385,1,2.121709247536656,0.5135491402481696,3.9373680790182948,1.3411016777891347
93,DFT_CRT,time_scaling,wide,DEoptim,176,2.5645632651062047,1,1.5291705284298385,1,2.121709247536656,0.5135491402481696,3.9373680790182948,1.3411016777891347
93,DFT_CRT,time_scaling,wide,DEoptim,177,2.5645632651062047,1,1.5291705284298385,1,2.121709247536656,0.5135491402481696,3.9373680790182948,1.3411016777891347
93,DFT_CRT,time_scaling,wide,DEoptim,178,2.5645632651062047,1,1.5291705284298385,1,2.121709247536656,0.5135491402481696,3.9373680790182948,1.3411016777891347
93,DFT_CRT,time_scaling,wide,DEoptim,179,2.5645632651062047,1,1.5291705284298385,1,2.121709247536656,0.5135491402481696,3.9373680790182948,1.3411016777891347
93,DFT_CRT,time_scaling,wide,DEoptim,180,2.5645632651062047,1,1.5291705284298385,1,2.121709247536656,0.5135491402481696,3.9373680790182948,1.3411016777891347
93,DFT_CRT,time_scaling,wide,DEoptim,181,2.5645632651062047,1,1.5291705284298385,1,2.121709247536656,0.5135491402481696,3.9373680790182948,1.3411016777891347
93,DFT_CRT,time_scaling,wide,DEoptim,182,2.5645632651062047,1,1.5291705284298385,1,2.121709247536656,0.5135491402481696,3.9373680790182948,1.3411016777891347
93,DFT_CRT,time_scaling,wide,DEoptim,183,2.5645632651062047,1,1.5291705284298385,1,2.121709247536656,0.5135491402481696,3.9373680790182948,1.3411016777891347
93,DFT_CRT,time_scaling,wide,DEoptim,184,2.5645632651062047,1,1.5291705284298385,1,2.121709247536656,0.5135491402481696,3.9373680790182948,1.3411016777891347
93,DFT_CRT,time_scaling,wide,DEoptim,185,2.5645632651062047,1,1.5291705284298385,1,2.121709247536656,0.5135491402481696,3.9373680790182948,1.3411016777891347
93,DFT_CRT,time_scaling,wide,DEoptim,186,2.5645632651062047,1,1.5291705284298385,1,2.121709247536656,0.5135491402481696,3.9373680790182948,1.3411016777891347
93,DFT_CRT,time_scaling,wide,DEoptim,187,2.508260977351071,1,1.4659403746251822,1,2.0876870874439186,0.5040079948175038,3.9669180155591626,1.3241796279736724
93,DFT_CRT,time_scaling,wide,DEoptim,188,2.508260977351071,1,1.4659403746251822,1,2.0876870874439186,0.5040079948175038,3.9669180155591626,1.3241796279736724
93,DFT_CRT,time_scaling,wide,DEoptim,189,2.508260977351071,1,1.4659403746251822,1,2.0876870874439186,0.5040079948175038,3.9669180155591626,1.3241796279736724
93,DFT_CRT,time_scaling,wide,DEoptim,190,2.508260977351071,1,1.4659403746251822,1,2.0876870874439186,0.5040079948175038,3.9669180155591626,1.3241796279736724
93,DFT_CRT,time_scaling,wide,DEoptim,191,2.508260977351071,1,1.4659403746251822,1,2.0876870874439186,0.5040079948175038,3.9669180155591626,1.3241796279736724
93,DFT_CRT,time_scaling,wide,DEoptim,192,2.508260977351071,1,1.4659403746251822,1,2.0876870874439186,0.5040079948175038,3.9669180155591626,1.3241796279736724
93,DFT_CRT,time_scaling,wide,DEoptim,193,2.508260977351071,1,1.4659403746251822,1,2.0876870874439186,0.5040079948175038,3.9669180155591626,1.3241796279736724
93,DFT_CRT,time_scaling,wide,DEoptim,194,2.508260977351071,1,1.4659403746251822,1,2.0876870874439186,0.5040079948175038,3.9669180155591626,1.3241796279736724
93,DFT_CRT,time_scaling,wide,DEoptim,195,2.508260977351071,1,1.4659403746251822,1,2.0876870874439186,0.5040079948175038,3.9669180155591626,1.3241796279736724
93,DFT_CRT,time_scaling,wide,DEoptim,196,2.508260977351071,1,1.4659403746251822,1,2.0876870874439186,0.5040079948175038,3.9669180155591626,1.3241796279736724
93,DFT_CRT,time_scaling,wide,DEoptim,197,2.508260977351071,1,1.4659403746251822,1,2.0876870874439186,0.5040079948175038,3.9669180155591626,1.3241796279736724
93,DFT_CRT,time_scaling,wide,DEoptim,198,2.508260977351071,1,1.4659403746251822,1,2.0876870874439186,0.5040079948175038,3.9669180155591626,1.3241796279736724
93,DFT_CRT,time_scaling,wide,DEoptim,199,2.508260977351071,1,1.4659403746251822,1,2.0876870874439186,0.5040079948175038,3.9669180155591626,1.3241796279736724
93,DFT_CRT,time_scaling,wide,DEoptim,200,2.508260977351071,1,1.4659403746251822,1,2.0876870874439186,0.5040079948175038,3.9669180155591626,1.3241796279736724
93,DFT_CRT,time_scaling,wide,DEoptim,201,2.508260977351071,1,1.4659403746251822,1,2.0876870874439186,0.5040079948175038,3.9669180155591626,1.3241796279736724
93,DFT_CRT,time_scaling,wide,DEoptim,202,2.508260977351071,1,1.4659403746251822,1,2.0876870874439186,0.5040079948175038,3.9669180155591626,1.3241796279736724
93,DFT_CRT,time_scaling,wide,DEoptim,203,2.508260977351071,1,1.4659403746251822,1,2.0876870874439186,0.5040079948175038,3.9669180155591626,1.3241796279736724
93,DFT_CRT,time_scaling,wide,DEoptim,204,2.5645632651062047,1,1.5291705284298385,1,2.2018698213294376,0.5135491402481696,3.9488306450556876,1.3411016777891347
93,DFT_CRT,time_scaling,wide,DEoptim,205,2.5645632651062047,1,1.5291705284298385,1,2.2018698213294376,0.5135491402481696,3.9488306450556876,1.3411016777891347
93,DFT_CRT,time_scaling,wide,DEoptim,206,2.5645632651062047,1,1.5291705284298385,1,2.2018698213294376,0.5135491402481696,3.9488306450556876,1.3411016777891347
93,DFT_CRT,time_scaling,wide,DEoptim,207,2.4583717097061424,1,1.4353685414357695,1,2.152245738668226,0.5228844151341369,3.9809994557652564,1.3220584248503933
93,DFT_CRT,time_scaling,wide,DEoptim,208,2.4583717097061424,1,1.4353685414357695,1,2.152245738668226,0.5228844151341369,3.9809994557652564,1.3220584248503933
93,DFT_CRT,time_scaling,wide,DEoptim,209,2.4583717097061424,1,1.4353685414357695,1,2.152245738668226,0.5228844151341369,3.9809994557652564,1.3220584248503933
93,DFT_CRT,time_scaling,wide,DEoptim,210,2.4583717097061424,1,1.4353685414357695,1,2.152245738668226,0.5228844151341369,3.9809994557652564,1.3220584248503933
93,DFT_CRT,time_scaling,wide,DEoptim,211,2.4583717097061424,1,1.4353685414357695,1,2.152245738668226,0.5228844151341369,3.9809994557652564,1.3220584248503933
93,DFT_CRT,time_scaling,wide,DEoptim,212,2.4583717097061424,1,1.4353685414357695,1,2.152245738668226,0.5237971617059837,3.9809994557652564,1.3220584248503933
93,DFT_CRT,time_scaling,wide,DEoptim,213,2.4583717097061424,1,1.4353685414357695,1,2.152245738668226,0.5237971617059837,3.9809994557652564,1.3220584248503933
93,DFT_CRT,time_scaling,wide,DEoptim,214,2.4583717097061424,1,1.4353685414357695,1,2.152245738668226,0.5237971617059837,3.9809994557652564,1.3220584248503933
93,DFT_CRT,time_scaling,wide,DEoptim,215,2.4583717097061424,1,1.4353685414357695,1,2.152245738668226,0.5237971617059837,3.9809994557652564,1.3220584248503933
93,DFT_CRT,time_scaling,wide,DEoptim,216,2.4583717097061424,1,1.4353685414357695,1,2.152245738668226,0.5237971617059837,3.9809994557652564,1.3220584248503933
93,DFT_CRT,time_scaling,wide,DEoptim,217,2.466486209316349,1,1.448937806914627,1,2.0049941511552714,0.5229313813804868,3.993782322683405,1.3292989376275737
93,DFT_CRT,time_scaling,wide,DEoptim,218,2.5626988990426693,1,1.52369940051184,1,2.1879118258069346,0.5070037272418548,3.9712950520994017,1.3244640499968314
93,DFT_CRT,time_scaling,wide,DEoptim,219,2.5626988990426693,1,1.52369940051184,1,2.1879118258069346,0.5070037272418548,3.9712950520994017,1.3244640499968314
93,DFT_CRT,time_scaling,wide,DEoptim,220,2.5626988990426693,1,1.52369940051184,1,2.1879118258069346,0.5070037272418548,3.9712950520994017,1.3244640499968314
93,DFT_CRT,time_scaling,wide,DEoptim,221,2.5626988990426693,1,1.52369940051184,1,2.1879118258069346,0.5070037272418548,3.9712950520994017,1.3244640499968314
93,DFT_CRT,time_scaling,wide,DEoptim,222,2.5626988990426693,1,1.52369940051184,1,2.1879118258069346,0.5070037272418548,3.9712950520994017,1.3244640499968314
93,DFT_CRT,time_scaling,wide,DEoptim,223,2.5626988990426693,1,1.52369940051184,1,2.1879118258069346,0.5070037272418548,3.9712950520994017,1.3244640499968314
93,DFT_CRT,time_scaling,wide,DEoptim,224,2.5626988990426693,1,1.52369940051184,1,2.1879118258069346,0.5070037272418548,3.9712950520994017,1.3244640499968314
93,DFT_CRT,time_scaling,wide,DEoptim,225,2.5626988990426693,1,1.52369940051184,1,2.1879118258069346,0.5070037272418548,3.9712950520994017,1.3244640499968314
93,DFT_CRT,time_scaling,wide,DEoptim,226,2.5626988990426693,1,1.52369940051184,1,2.1879118258069346,0.5070037272418548,3.9712950520994017,1.3244640499968314
93,DFT_CRT,time_scaling,wide,DEoptim,227,2.466486209316349,1,1.448937806914627,1,2.111861328687811,0.5229313813804868,3.993782322683405,1.3292989376275737
93,DFT_CRT,time_scaling,wide,DEoptim,228,2.466486209316349,1,1.448937806914627,1,2.111861328687811,0.5229313813804868,3.993782322683405,1.3292989376275737
93,DFT_CRT,time_scaling,wide,DEoptim,229,2.466486209316349,1,1.448937806914627,1,2.111861328687811,0.5229313813804868,3.993782322683405,1.3292989376275737
93,DFT_CRT,time_scaling,wide,DEoptim,230,2.466486209316349,1,1.448937806914627,1,2.111861328687811,0.5229313813804868,3.993782322683405,1.3292989376275737
93,DFT_CRT,time_scaling,wide,DEoptim,231,2.466486209316349,1,1.448937806914627,1,2.111861328687811,0.5229313813804868,3.993782322683405,1.3292989376275737
93,DFT_CRT,time_scaling,wide,DEoptim,232,2.466486209316349,1,1.448937806914627,1,2.111861328687811,0.5276901244301112,3.9864741660409235,1.3292989376275737
93,DFT_CRT,time_scaling,wide,DEoptim,233,2.5180060762512206,1,1.505674962675142,1,2.0744193315270145,0.5192185687611528,3.9823691047161973,1.324414120181249
93,DFT_CRT,time_scaling,wide,DEoptim,234,2.5180060762512206,1,1.505674962675142,1,2.0744193315270145,0.5192185687611528,3.9823691047161973,1.324414120181249
93,DFT_CRT,time_scaling,wide,DEoptim,235,2.5180060762512206,1,1.505674962675142,1,2.0744193315270145,0.5192185687611528,3.9823691047161973,1.324414120181249
93,DFT_CRT,time_scaling,wide,DEoptim,236,2.5180060762512206,1,1.505674962675142,1,2.0744193315270145,0.5192185687611528,3.9823691047161973,1.324414120181249
93,DFT_CRT,time_scaling,wide,DEoptim,237,2.5180060762512206,1,1.505674962675142,1,2.0744193315270145,0.5192185687611528,3.9823691047161973,1.324414120181249
93,DFT_CRT,time_scaling,wide,DEoptim,238,2.5180060762512206,1,1.505674962675142,1,2.0744193315270145,0.5192185687611528,3.9823691047161973,1.324414120181249
93,DFT_CRT,time_scaling,wide,DEoptim,239,2.5180060762512206,1,1.505674962675142,1,2.0744193315270145,0.5192185687611528,3.9823691047161973,1.324414120181249
93,DFT_CRT,time_scaling,wide,DEoptim,240,2.5180060762512206,1,1.505674962675142,1,2.0744193315270145,0.5192185687611528,3.9823691047161973,1.324414120181249
93,DFT_CRT,time_scaling,wide,DEoptim,241,2.5180060762512206,1,1.505674962675142,1,2.0744193315270145,0.5192185687611528,3.9823691047161973,1.324414120181249
93,DFT_CRT,time_scaling,wide,DEoptim,242,2.5180060762512206,1,1.505674962675142,1,2.0744193315270145,0.5192185687611528,3.9823691047161973,1.324414120181249
93,DFT_CRT,time_scaling,wide,DEoptim,243,2.5180060762512206,1,1.505674962675142,1,2.0744193315270145,0.5192185687611528,3.9823691047161973,1.324414120181249
93,DFT_CRT,time_scaling,wide,DEoptim,244,2.5180060762512206,1,1.505674962675142,1,2.0744193315270145,0.5192185687611528,3.9823691047161973,1.324414120181249
93,DFT_CRT,time_scaling,wide,DEoptim,245,2.5180060762512206,1,1.505674962675142,1,2.0744193315270145,0.5192185687611528,3.9823691047161973,1.324414120181249
93,DFT_CRT,time_scaling,wide,DEoptim,246,2.483444095630303,1,1.4784945475211413,1,2.047137616642382,0.5255083750539835,3.9644170852268648,1.3313716249511616
93,DFT_CRT,time_scaling,wide,DEoptim,247,2.483444095630303,1,1.4784945475211413,1,2.047137616642382,0.5255083750539835,3.9644170852268648,1.3313716249511616
93,DFT_CRT,time_scaling,wide,DEoptim,248,2.483444095630303,1,1.4784945475211413,1,2.047137616642382,0.5255083750539835,3.9644170852268648,1.3313716249511616
93,DFT_CRT,time_scaling,wide,DEoptim,249,2.483444095630303,1,1.4784945475211413,1,2.047137616642382,0.5255083750539835,3.9644170852268648,1.3313716249511616
93,DFT_CRT,time_scaling,wide,DEoptim,250,2.483444095630303,1,1.4784945475211413,1,2.047137616642382,0.5255083750539835,3.9644170852268648,1.3313716249511616
93,DFT_CRT,time_scaling,wide,DEoptim,251,2.483444095630303,1,1.4784945475211413,1,2.047137616642382,0.5255083750539835,3.9644170852268648,1.3313716249511616
93,DFT_CRT,time_scaling,wide,DEoptim,252,2.483444095630303,1,1.4784945475211413,1,2.047137616642382,0.5255083750539835,3.9644170852268648,1.3313716249511616
93,DFT_CRT,time_scaling,wide,DEoptim,253,2.483444095630303,1,1.4784945475211413,1,2.047137616642382,0.5255083750539835,3.9644170852268648,1.3313716249511616
93,DFT_CRT,time_scaling,wide,DEoptim,254,2.483444095630303,1,1.4784945475211413,1,2.047137616642382,0.5255083750539835,3.9644170852268648,1.3313716249511616
93,DFT_CRT,time_scaling,wide,DEoptim,255,2.5180060762512206,1,1.505674962675142,1,2.057352450620475,0.5192185687611528,3.9823691047161973,1.3267891360646606
93,DFT_CRT,time_scaling,wide,DEoptim,256,2.5180060762512206,1,1.505674962675142,1,2.057352450620475,0.5192185687611528,3.9823691047161973,1.3267891360646606
93,DFT_CRT,time_scaling,wide,DEoptim,257,2.528610901029395,1,1.50240884032513,1,2.063690928181363,0.5100292160155047,3.96295912091234,1.3302843640479656
93,DFT_CRT,time_scaling,wide,DEoptim,258,2.528610901029395,1,1.50240884032513,1,2.063690928181363,0.5100292160155047,3.96295912091234,1.3302843640479656
93,DFT_CRT,time_scaling,wide,DEoptim,259,2.528610901029395,1,1.50240884032513,1,2.063690928181363,0.5100292160155047,3.96295912091234,1.3302843640479656
93,DFT_CRT,time_scaling,wide,DEoptim,260,2.528610901029395,1,1.50240884032513,1,2.063690928181363,0.5100292160155047,3.96295912091234,1.3302843640479656
93,DFT_CRT,time_scaling,wide,DEoptim,261,2.528610901029395,1,1.50240884032513,1,2.063690928181363,0.5100292160155047,3.96295912091234,1.3302843640479656
93,DFT_CRT,time_scaling,wide,DEoptim,262,2.528610901029395,1,1.50240884032513,1,2.063690928181363,0.5100292160155047,3.96295912091234,1.3302843640479656
93,DFT_CRT,time_scaling,wide,DEoptim,263,2.528610901029395,1,1.50240884032513,1,2.063690928181363,0.5100292160155047,3.96295912091234,1.3302843640479656
93,DFT_CRT,time_scaling,wide,DEoptim,264,2.528610901029395,1,1.50240884032513,1,2.063690928181363,0.5100292160155047,3.96295912091234,1.3302843640479656
93,DFT_CRT,time_scaling,wide,DEoptim,265,2.528610901029395,1,1.50240884032513,1,2.063690928181363,0.5100292160155047,3.96295912091234,1.3302843640479656
93,DFT_CRT,time_scaling,wide,DEoptim,266,2.528610901029395,1,1.50240884032513,1,2.063690928181363,0.5100292160155047,3.96295912091234,1.3302843640479656
93,DFT_CRT,time_scaling,wide,DEoptim,267,2.528610901029395,1,1.50240884032513,1,2.063690928181363,0.5100292160155047,3.96295912091234,1.3302843640479656
93,DFT_CRT,time_scaling,wide,DEoptim,268,2.528610901029395,1,1.50240884032513,1,2.063690928181363,0.5100292160155047,3.96295912091234,1.3302843640479656
93,DFT_CRT,time_scaling,wide,DEoptim,269,2.528610901029395,1,1.50240884032513,1,2.063690928181363,0.5100292160155047,3.96295912091234,1.3302843640479656
93,DFT_CRT,time_scaling,wide,DEoptim,270,2.528610901029395,1,1.50240884032513,1,2.063690928181363,0.5100292160155047,3.96295912091234,1.3302843640479656
93,DFT_CRT,time_scaling,wide,DEoptim,271,2.528610901029395,1,1.50240884032513,1,2.063690928181363,0.5100292160155047,3.96295912091234,1.3302843640479656
93,DFT_CRT,time_scaling,wide,DEoptim,272,2.528610901029395,1,1.50240884032513,1,2.063690928181363,0.5100292160155047,3.96295912091234,1.3302843640479656
93,DFT_CRT,time_scaling,wide,DEoptim,273,2.528610901029395,1,1.50240884032513,1,2.063690928181363,0.5100292160155047,3.96295912091234,1.3302843640479656
93,DFT_CRT,time_scaling,wide,DEoptim,274,2.528610901029395,1,1.50240884032513,1,2.063690928181363,0.5100292160155047,3.96295912091234,1.3302843640479656
93,DFT_CRT,time_scaling,wide,DEoptim,275,2.528610901029395,1,1.50240884032513,1,2.063690928181363,0.5100292160155047,3.96295912091234,1.3302843640479656
93,DFT_CRT,time_scaling,wide,DEoptim,276,2.528610901029395,1,1.50240884032513,1,2.063690928181363,0.5100292160155047,3.96295912091234,1.3302843640479656
93,DFT_CRT,time_scaling,wide,DEoptim,277,2.528610901029395,1,1.50240884032513,1,2.063690928181363,0.5100292160155047,3.96295912091234,1.3302843640479656
93,DFT_CRT,time_scaling,wide,DEoptim,278,2.528610901029395,1,1.50240884032513,1,2.063690928181363,0.5100292160155047,3.96295912091234,1.3302843640479656
93,DFT_CRT,time_scaling,wide,DEoptim,279,2.496149357887644,1,1.4756713753813964,1,2.057352450620475,0.5192185687611528,3.9469958250180115,1.3328614141091923
93,DFT_CRT,time_scaling,wide,DEoptim,280,2.496149357887644,1,1.4756713753813964,1,2.057352450620475,0.5166437295839046,3.9469958250180115,1.3328614141091923
93,DFT_CRT,time_scaling,wide,DEoptim,281,2.496149357887644,1,1.4756713753813964,1,2.057352450620475,0.5166437295839046,3.9469958250180115,1.3328614141091923
93,DFT_CRT,time_scaling,wide,DEoptim,282,2.496149357887644,1,1.4756713753813964,1,2.057352450620475,0.5166437295839046,3.9469958250180115,1.3328614141091923
93,DFT_CRT,time_scaling,wide,DEoptim,283,2.496149357887644,1,1.4756713753813964,1,2.057352450620475,0.5166437295839046,3.9469958250180115,1.3328614141091923
93,DFT_CRT,time_scaling,wide,DEoptim,284,2.496149357887644,1,1.4756713753813964,1,2.057352450620475,0.5166437295839046,3.9469958250180115,1.3328614141091923
93,DFT_CRT,time_scaling,wide,DEoptim,285,2.496149357887644,1,1.4756713753813964,1,2.057352450620475,0.5166437295839046,3.9469958250180115,1.3328614141091923
93,DFT_CRT,time_scaling,wide,DEoptim,286,2.496149357887644,1,1.4756713753813964,1,2.057352450620475,0.5166437295839046,3.9469958250180115,1.3328614141091923
93,DFT_CRT,time_scaling,wide,DEoptim,287,2.496149357887644,1,1.4756713753813964,1,2.057352450620475,0.5166437295839046,3.9469958250180115,1.3328614141091923
93,DFT_CRT,time_scaling,wide,DEoptim,288,2.496149357887644,1,1.4756713753813964,1,2.057352450620475,0.5166437295839046,3.9469958250180115,1.3328614141091923
93,DFT_CRT,time_scaling,wide,DEoptim,289,2.496149357887644,1,1.4756713753813964,1,2.057352450620475,0.5166437295839046,3.9469958250180115,1.3328614141091923
93,DFT_CRT,time_scaling,wide,DEoptim,290,2.496149357887644,1,1.4756713753813964,1,2.057352450620475,0.5166437295839046,3.956393348400695,1.3328614141091923
93,DFT_CRT,time_scaling,wide,DEoptim,291,2.496149357887644,1,1.4756713753813964,1,2.057352450620475,0.5166437295839046,3.956393348400695,1.3328614141091923
93,DFT_CRT,time_scaling,wide,DEoptim,292,2.496149357887644,1,1.4756713753813964,1,2.057352450620475,0.5166437295839046,3.956393348400695,1.3328614141091923
93,DFT_CRT,time_scaling,wide,DEoptim,293,2.496149357887644,1,1.4756713753813964,1,2.057352450620475,0.5166437295839046,3.956393348400695,1.3328614141091923
93,DFT_CRT,time_scaling,wide,DEoptim,294,2.496149357887644,1,1.4756713753813964,1,2.057352450620475,0.5166437295839046,3.956393348400695,1.3324573012950167
93,DFT_CRT,time_scaling,wide,DEoptim,295,2.496149357887644,1,1.4756713753813964,1,2.057352450620475,0.5166437295839046,3.956393348400695,1.3324573012950167
93,DFT_CRT,time_scaling,wide,DEoptim,296,2.496149357887644,1,1.4756713753813964,1,2.057352450620475,0.5166437295839046,3.956393348400695,1.3324573012950167
93,DFT_CRT,time_scaling,wide,DEoptim,297,2.496149357887644,1,1.4756713753813964,1,2.057352450620475,0.5166437295839046,3.956393348400695,1.3324573012950167
93,DFT_CRT,time_scaling,wide,DEoptim,298,2.496149357887644,1,1.4756713753813964,1,2.057352450620475,0.5166437295839046,3.956393348400695,1.3324573012950167
93,DFT_CRT,time_scaling,wide,DEoptim,299,2.496149357887644,1,1.4756713753813964,1,2.057352450620475,0.5166437295839046,3.956393348400695,1.3324573012950167
93,DFT_CRT,time_scaling,wide,DEoptim,300,2.496149357887644,1,1.4756713753813964,1,2.057352450620475,0.5166437295839046,3.956393348400695,1.3324573012950167
93,DFT_CRT,time_scaling,wide,DEoptim,301,2.496149357887644,1,1.4756713753813964,1,2.057352450620475,0.5166437295839046,3.956393348400695,1.3324573012950167
93,DFT_CRT,time_scaling,wide,DEoptim,302,2.496149357887644,1,1.4756713753813964,1,2.057352450620475,0.5166437295839046,3.956393348400695,1.3324573012950167
93,DFT_CRT,time_scaling,wide,DEoptim,303,2.496149357887644,1,1.4756713753813964,1,2.057352450620475,0.5166437295839046,3.956393348400695,1.3324573012950167
93,DFT_CRT,time_scaling,wide,DEoptim,304,2.496149357887644,1,1.4756713753813964,1,2.057352450620475,0.5166437295839046,3.956393348400695,1.3324573012950167
93,DFT_CRT,time_scaling,wide,DEoptim,305,2.510296436182768,1,1.4915281136568361,1,2.0723454500331053,0.5172684741114222,3.9612210608559475,1.3318434804151171
93,DFT_CRT,time_scaling,wide,DEoptim,306,2.510296436182768,1,1.4915281136568361,1,2.0723454500331053,0.5172684741114222,3.9612210608559475,1.3318434804151171
93,DFT_CRT,time_scaling,wide,DEoptim,307,2.510296436182768,1,1.4915281136568361,1,2.0723454500331053,0.5172684741114222,3.9612210608559475,1.3318434804151171
93,DFT_CRT,time_scaling,wide,DEoptim,308,2.510296436182768,1,1.4915281136568361,1,2.0723454500331053,0.5172684741114222,3.9612210608559475,1.3318434804151171
93,DFT_CRT,time_scaling,wide,DEoptim,309,2.510296436182768,1,1.4915281136568361,1,2.0723454500331053,0.5172684741114222,3.9612210608559475,1.3318434804151171
93,DFT_CRT,time_scaling,wide,DEoptim,310,2.510296436182768,1,1.4915281136568361,1,2.0723454500331053,0.5172684741114222,3.9612210608559475,1.3318434804151171
93,DFT_CRT,time_scaling,wide,DEoptim,311,2.510296436182768,1,1.4915281136568361,1,2.0723454500331053,0.5172684741114222,3.9612210608559475,1.3318434804151171
93,DFT_CRT,time_scaling,wide,DEoptim,312,2.510296436182768,1,1.4915281136568361,1,2.0723454500331053,0.5172684741114222,3.9612210608559475,1.3318434804151171
93,DFT_CRT,time_scaling,wide,DEoptim,313,2.510296436182768,1,1.4915281136568361,1,2.0723454500331053,0.5172684741114222,3.9612210608559475,1.3318434804151171
93,DFT_CRT,time_scaling,wide,DEoptim,314,2.510296436182768,1,1.4915281136568361,1,2.0723454500331053,0.5172684741114222,3.9612210608559475,1.3318434804151171
93,DFT_CRT,time_scaling,wide,DEoptim,315,2.510296436182768,1,1.4915281136568361,1,2.0723454500331053,0.5172684741114222,3.9612210608559475,1.3318434804151171
93,DFT_CRT,time_scaling,wide,DEoptim,316,2.510296436182768,1,1.4915281136568361,1,2.0723454500331053,0.5172684741114222,3.9612210608559475,1.3318434804151171
93,DFT_CRT,time_scaling,wide,DEoptim,317,2.510296436182768,1,1.4915281136568361,1,2.0723454500331053,0.5172684741114222,3.9612210608559475,1.3318434804151171
93,DFT_CRT,time_scaling,wide,DEoptim,318,2.510296436182768,1,1.4915281136568361,1,2.0723454500331053,0.5172684741114222,3.9612210608559475,1.3318434804151171
93,DFT_CRT,time_scaling,wide,DEoptim,319,2.510296436182768,1,1.4915281136568361,1,2.0723454500331053,0.5172684741114222,3.9612210608559475,1.331223355173109
93,DFT_CRT,time_scaling,wide,DEoptim,320,2.510296436182768,1,1.4915281136568361,1,2.0723454500331053,0.5172684741114222,3.9612210608559475,1.331223355173109
93,DFT_CRT,time_scaling,wide,DEoptim,321,2.510296436182768,1,1.4915281136568361,1,2.0723454500331053,0.5172684741114222,3.9612210608559475,1.331223355173109
93,DFT_CRT,time_scaling,wide,DEoptim,322,2.510296436182768,1,1.4915281136568361,1,2.0723454500331053,0.5172684741114222,3.9612210608559475,1.331223355173109
93,DFT_CRT,time_scaling,wide,DEoptim,323,2.510296436182768,1,1.4915281136568361,1,2.0723454500331053,0.5172684741114222,3.9612210608559475,1.331223355173109
93,DFT_CRT,time_scaling,wide,DEoptim,324,2.510296436182768,1,1.4915281136568361,1,2.0723454500331053,0.5172684741114222,3.9612210608559475,1.331223355173109
93,DFT_CRT,time_scaling,wide,DEoptim,325,2.510296436182768,1,1.4915281136568361,1,2.0723454500331053,0.5172684741114222,3.9612210608559475,1.331223355173109
93,DFT_CRT,time_scaling,wide,DEoptim,326,2.510296436182768,1,1.4915281136568361,1,2.0723454500331053,0.5172684741114222,3.9612210608559475,1.331223355173109
93,DFT_CRT,time_scaling,wide,DEoptim,327,2.510296436182768,1,1.4915281136568361,1,2.0723454500331053,0.5172684741114222,3.9612210608559475,1.331223355173109
93,DFT_CRT,time_scaling,wide,DEoptim,328,2.510296436182768,1,1.4915281136568361,1,2.0723454500331053,0.5172684741114222,3.9612210608559475,1.331223355173109
93,DFT_CRT,time_scaling,wide,DEoptim,329,2.510296436182768,1,1.4915281136568361,1,2.0723454500331053,0.5172684741114222,3.9612210608559475,1.331223355173109
93,DFT_CRT,time_scaling,wide,DEoptim,330,2.510296436182768,1,1.4915281136568361,1,2.0723454500331053,0.5172684741114222,3.9612210608559475,1.331223355173109
93,DFT_CRT,time_scaling,wide,DEoptim,331,2.510296436182768,1,1.4915281136568361,1,2.0723454500331053,0.5172684741114222,3.9612210608559475,1.331223355173109
93,DFT_CRT,time_scaling,wide,DEoptim,332,2.510296436182768,1,1.4915281136568361,1,2.0723454500331053,0.5172684741114222,3.9612210608559475,1.331223355173109
93,DFT_CRT,time_scaling,wide,DEoptim,333,2.510296436182768,1,1.4915281136568361,1,2.0723454500331053,0.5172684741114222,3.9612210608559475,1.331223355173109
93,DFT_CRT,time_scaling,wide,DEoptim,334,2.510296436182768,1,1.4915281136568361,1,2.0723454500331053,0.5172684741114222,3.9612210608559475,1.331223355173109
93,DFT_CRT,time_scaling,wide,DEoptim,335,2.510296436182768,1,1.4915281136568361,1,2.0723454500331053,0.5172684741114222,3.9612210608559475,1.331223355173109
93,DFT_CRT,time_scaling,wide,DEoptim,336,2.510296436182768,1,1.4915281136568361,1,2.0723454500331053,0.5172684741114222,3.9612210608559475,1.331223355173109
93,DFT_CRT,time_scaling,wide,DEoptim,337,2.510296436182768,1,1.4915281136568361,1,2.0723454500331053,0.5172684741114222,3.9612210608559475,1.331223355173109
93,DFT_CRT,time_scaling,wide,DEoptim,338,2.510296436182768,1,1.4915281136568361,1,2.0723454500331053,0.5172684741114222,3.9612210608559475,1.331223355173109
93,DFT_CRT,time_scaling,wide,DEoptim,339,2.510296436182768,1,1.4915281136568361,1,2.0723454500331053,0.5172684741114222,3.9612210608559475,1.331223355173109
93,DFT_CRT,time_scaling,wide,DEoptim,340,2.510296436182768,1,1.4915281136568361,1,2.0723454500331053,0.5172684741114222,3.9612210608559475,1.331223355173109
93,DFT_CRT,time_scaling,wide,DEoptim,341,2.510296436182768,1,1.4915281136568361,1,2.0723454500331053,0.5172684741114222,3.9612210608559475,1.331223355173109
93,DFT_CRT,time_scaling,wide,DEoptim,342,2.510296436182768,1,1.4915281136568361,1,2.0723454500331053,0.5172684741114222,3.9612210608559475,1.331223355173109
93,DFT_CRT,time_scaling,wide,DEoptim,343,2.510296436182768,1,1.4915281136568361,1,2.0723454500331053,0.5172684741114222,3.9612210608559475,1.331223355173109
93,DFT_CRT,time_scaling,wide,DEoptim,344,2.510296436182768,1,1.4915281136568361,1,2.0723454500331053,0.5172684741114222,3.9612210608559475,1.331223355173109
93,DFT_CRT,time_scaling,wide,DEoptim,345,2.510296436182768,1,1.4915281136568361,1,2.0723454500331053,0.5172684741114222,3.9612210608559475,1.331223355173109
93,DFT_CRT,time_scaling,wide,DEoptim,346,2.5087545269308844,1,1.4861110908671087,1,2.0863724829644332,0.5170833515441069,3.9636859540748275,1.3300066410778246
93,DFT_CRT,time_scaling,wide,DEoptim,347,2.5087545269308844,1,1.488331689177012,1,2.0863724829644332,0.5170833515441069,3.9636859540748275,1.3300066410778246
93,DFT_CRT,time_scaling,wide,DEoptim,348,2.5087545269308844,1,1.488331689177012,1,2.0863724829644332,0.5170833515441069,3.9636859540748275,1.3300066410778246
93,DFT_CRT,time_scaling,wide,DEoptim,349,2.5087545269308844,1,1.488331689177012,1,2.0863724829644332,0.5170833515441069,3.9636859540748275,1.3300066410778246
93,DFT_CRT,time_scaling,wide,DEoptim,350,2.5087545269308844,1,1.488331689177012,1,2.0863724829644332,0.5170833515441069,3.9636859540748275,1.3300066410778246
93,DFT_CRT,time_scaling,wide,DEoptim,351,2.5087545269308844,1,1.488331689177012,1,2.0863724829644332,0.5170833515441069,3.9636859540748275,1.3300066410778246
93,DFT_CRT,time_scaling,wide,DEoptim,352,2.5087545269308844,1,1.488331689177012,1,2.0863724829644332,0.5170833515441069,3.9636859540748275,1.3300066410778246
93,DFT_CRT,time_scaling,wide,DEoptim,353,2.5087545269308844,1,1.488331689177012,1,2.0863724829644332,0.5170833515441069,3.9636859540748275,1.3300066410778246
93,DFT_CRT,time_scaling,wide,DEoptim,354,2.5087545269308844,1,1.488331689177012,1,2.0863724829644332,0.5170833515441069,3.9636859540748275,1.3300066410778246
93,DFT_CRT,time_scaling,wide,DEoptim,355,2.5087545269308844,1,1.488331689177012,1,2.0863724829644332,0.5170833515441069,3.9636859540748275,1.3300066410778246
93,DFT_CRT,time_scaling,wide,DEoptim,356,2.5087545269308844,1,1.488331689177012,1,2.0863724829644332,0.5170833515441069,3.9636859540748275,1.3300066410778246
93,DFT_CRT,time_scaling,wide,DEoptim,357,2.5087545269308844,1,1.488331689177012,1,2.0863724829644332,0.5170833515441069,3.9636859540748275,1.3300066410778246
93,DFT_CRT,time_scaling,wide,DEoptim,358,2.5087545269308844,1,1.488331689177012,1,2.0863724829644332,0.5170833515441069,3.9636859540748275,1.3300066410778246
93,DFT_CRT,time_scaling,wide,DEoptim,359,2.5087545269308844,1,1.488331689177012,1,2.0863724829644332,0.5170833515441069,3.9636859540748275,1.3300066410778246
93,DFT_CRT,time_scaling,wide,DEoptim,360,2.5087545269308844,1,1.488331689177012,1,2.0863724829644332,0.5170833515441069,3.9636859540748275,1.3300066410778246
93,DFT_CRT,time_scaling,wide,DEoptim,361,2.5087545269308844,1,1.488331689177012,1,2.0863724829644332,0.5170833515441069,3.9636859540748275,1.3300066410778246
93,DFT_CRT,time_scaling,wide,DEoptim,362,2.5087545269308844,1,1.488331689177012,1,2.0863724829644332,0.5170833515441069,3.9636859540748275,1.3300066410778246
93,DFT_CRT,time_scaling,wide,DEoptim,363,2.5087545269308844,1,1.488331689177012,1,2.0863724829644332,0.5170833515441069,3.9636859540748275,1.3300066410778246
93,DFT_CRT,time_scaling,wide,DEoptim,364,2.5087545269308844,1,1.488331689177012,1,2.0863724829644332,0.5170833515441069,3.9636859540748275,1.3300066410778246
93,DFT_CRT,time_scaling,wide,DEoptim,365,2.5087545269308844,1,1.488331689177012,1,2.0863724829644332,0.5170833515441069,3.964973743938961,1.3300066410778246
93,DFT_CRT,time_scaling,wide,DEoptim,366,2.5087545269308844,1,1.488331689177012,1,2.0863724829644332,0.5170833515441069,3.964973743938961,1.3300066410778246
93,DFT_CRT,time_scaling,wide,DEoptim,367,2.5087545269308844,1,1.488331689177012,1,2.0863724829644332,0.5170833515441069,3.964973743938961,1.3300066410778246
93,DFT_CRT,time_scaling,wide,DEoptim,368,2.5087545269308844,1,1.488331689177012,1,2.0863724829644332,0.5170833515441069,3.964973743938961,1.3300066410778246
93,DFT_CRT,time_scaling,wide,DEoptim,369,2.5087545269308844,1,1.488331689177012,1,2.0863724829644332,0.5170833515441069,3.964973743938961,1.3300066410778246
93,DFT_CRT,time_scaling,wide,DEoptim,370,2.5087545269308844,1,1.488331689177012,1,2.0863724829644332,0.5170833515441069,3.964973743938961,1.3300066410778246
93,DFT_CRT,time_scaling,wide,DEoptim,371,2.5087545269308844,1,1.488331689177012,1,2.0863724829644332,0.5170833515441069,3.964973743938961,1.3300066410778246
93,DFT_CRT,time_scaling,wide,DEoptim,372,2.5087545269308844,1,1.488331689177012,1,2.0863724829644332,0.5170833515441069,3.964973743938961,1.3300066410778246
93,DFT_CRT,time_scaling,wide,DEoptim,373,2.5087545269308844,1,1.488331689177012,1,2.0863724829644332,0.5170833515441069,3.964973743938961,1.3300066410778246
93,DFT_CRT,time_scaling,wide,DEoptim,374,2.5087545269308844,1,1.488331689177012,1,2.0863724829644332,0.5170833515441069,3.964973743938961,1.3300066410778246
93,DFT_CRT,time_scaling,wide,DEoptim,375,2.5087545269308844,1,1.488331689177012,1,2.0863724829644332,0.5170833515441069,3.964973743938961,1.3300066410778246
93,DFT_CRT,time_scaling,wide,DEoptim,376,2.5087545269308844,1,1.488331689177012,1,2.0863724829644332,0.5170833515441069,3.964973743938961,1.3300066410778246
93,DFT_CRT,time_scaling,wide,DEoptim,377,2.5087545269308844,1,1.488331689177012,1,2.0863724829644332,0.5170833515441069,3.964973743938961,1.3300066410778246
93,DFT_CRT,time_scaling,wide,DEoptim,378,2.5087545269308844,1,1.488331689177012,1,2.0863724829644332,0.5170833515441069,3.964973743938961,1.3300066410778246
93,DFT_CRT,time_scaling,wide,DEoptim,379,2.5087545269308844,1,1.488331689177012,1,2.0863724829644332,0.5170833515441069,3.964973743938961,1.3300066410778246
93,DFT_CRT,time_scaling,wide,DEoptim,380,2.5087545269308844,1,1.488331689177012,1,2.0863724829644332,0.5170833515441069,3.964973743938961,1.3300066410778246
93,DFT_CRT,time_scaling,wide,DEoptim,381,2.5087545269308844,1,1.488331689177012,1,2.0863724829644332,0.5170833515441069,3.964973743938961,1.3300066410778246
93,DFT_CRT,time_scaling,wide,DEoptim,382,2.5087545269308844,1,1.488331689177012,1,2.0863724829644332,0.5170833515441069,3.964973743938961,1.3300066410778246
93,DFT_CRT,time_scaling,wide,DEoptim,383,2.5087545269308844,1,1.488331689177012,1,2.0863724829644332,0.5170833515441069,3.964973743938961,1.3300066410778246
93,DFT_CRT,time_scaling,wide,DEoptim,384,2.5087545269308844,1,1.488331689177012,1,2.0863724829644332,0.5170833515441069,3.964973743938961,1.3300066410778246
93,DFT_CRT,time_scaling,wide,DEoptim,385,2.5087545269308844,1,1.488331689177012,1,2.0863724829644332,0.5170833515441069,3.964973743938961,1.3300066410778246
93,DFT_CRT,time_scaling,wide,DEoptim,386,2.5087545269308844,1,1.488331689177012,1,2.0863724829644332,0.5170833515441069,3.964973743938961,1.3300066410778246
93,DFT_CRT,time_scaling,wide,DEoptim,387,2.5087545269308844,1,1.488331689177012,1,2.0863724829644332,0.5170833515441069,3.964973743938961,1.3300066410778246
93,DFT_CRT,time_scaling,wide,DEoptim,388,2.5087545269308844,1,1.488331689177012,1,2.0863724829644332,0.5170833515441069,3.964973743938961,1.3300066410778246
93,DFT_CRT,time_scaling,wide,DEoptim,389,2.5087545269308844,1,1.488331689177012,1,2.0863724829644332,0.5170833515441069,3.964973743938961,1.3300066410778246
93,DFT_CRT,time_scaling,wide,DEoptim,390,2.5087545269308844,1,1.488331689177012,1,2.0863724829644332,0.5170833515441069,3.964973743938961,1.3300066410778246
93,DFT_CRT,time_scaling,wide,DEoptim,391,2.5087545269308844,1,1.488331689177012,1,2.0863724829644332,0.5170833515441069,3.964973743938961,1.3300066410778246
93,DFT_CRT,time_scaling,wide,DEoptim,392,2.5087545269308844,1,1.488331689177012,1,2.0863724829644332,0.5170833515441069,3.964973743938961,1.3300066410778246
93,DFT_CRT,time_scaling,wide,DEoptim,393,2.5087545269308844,1,1.488331689177012,1,2.0863724829644332,0.5170833515441069,3.964973743938961,1.3300066410778246
93,DFT_CRT,time_scaling,wide,DEoptim,394,2.5087545269308844,1,1.488331689177012,1,2.0863724829644332,0.5170833515441069,3.964973743938961,1.3300066410778246
93,DFT_CRT,time_scaling,wide,DEoptim,395,2.5087545269308844,1,1.488331689177012,1,2.0863724829644332,0.5170833515441069,3.964973743938961,1.3300066410778246
93,DFT_CRT,time_scaling,wide,DEoptim,396,2.4984292767586203,1,1.4788236147407605,1,2.082248650683013,0.5181823950152173,3.9567856969982245,1.332042973327892
93,DFT_CRT,time_scaling,wide,DEoptim,397,2.4984292767586203,1,1.4788236147407605,1,2.082248650683013,0.5181823950152173,3.9567856969982245,1.332042973327892
93,DFT_CRT,time_scaling,wide,DEoptim,398,2.4984292767586203,1,1.4788236147407605,1,2.082248650683013,0.5181823950152173,3.9567856969982245,1.332042973327892
93,DFT_CRT,time_scaling,wide,DEoptim,399,2.4984292767586203,1,1.4788236147407605,1,2.082248650683013,0.5181823950152173,3.9567856969982245,1.332042973327892
93,DFT_CRT,time_scaling,wide,DEoptim,400,2.4984292767586203,1,1.4788236147407605,1,2.082248650683013,0.5181823950152173,3.9567856969982245,1.332042973327892
93,DFT_CRT,time_scaling,wide,DEoptim,401,2.500029870560617,1,1.4794942966933917,1,2.075690065045767,0.5173373124718212,3.962523450203345,1.330455005151853
93,DFT_CRT,time_scaling,wide,DEoptim,402,2.500029870560617,1,1.4794942966933917,1,2.075690065045767,0.5173373124718212,3.962523450203345,1.330455005151853
93,DFT_CRT,time_scaling,wide,DEoptim,403,2.500029870560617,1,1.4794942966933917,1,2.075690065045767,0.5173373124718212,3.962523450203345,1.330455005151853
93,DFT_CRT,time_scaling,wide,DEoptim,404,2.500029870560617,1,1.4794942966933917,1,2.075690065045767,0.5173373124718212,3.962523450203345,1.330455005151853
93,DFT_CRT,time_scaling,wide,DEoptim,405,2.500029870560617,1,1.4794942966933917,1,2.075690065045767,0.5173373124718212,3.962523450203345,1.330455005151853
93,DFT_CRT,time_scaling,wide,DEoptim,406,2.500029870560617,1,1.4794942966933917,1,2.075690065045767,0.5173373124718212,3.962523450203345,1.330455005151853
93,DFT_CRT,time_scaling,wide,DEoptim,407,2.500029870560617,1,1.4794942966933917,1,2.075690065045767,0.5173373124718212,3.962523450203345,1.330455005151853
93,DFT_CRT,time_scaling,wide,DEoptim,408,2.500029870560617,1,1.4794942966933917,1,2.075690065045767,0.5173373124718212,3.962523450203345,1.330455005151853
93,DFT_CRT,time_scaling,wide,DEoptim,409,2.500029870560617,1,1.4794942966933917,1,2.075690065045767,0.5173373124718212,3.962523450203345,1.330455005151853
93,DFT_CRT,time_scaling,wide,DEoptim,410,2.500029870560617,1,1.4794942966933917,1,2.075690065045767,0.5173373124718212,3.962523450203345,1.330455005151853
93,DFT_CRT,time_scaling,wide,DEoptim,411,2.500029870560617,1,1.4794942966933917,1,2.075690065045767,0.5173373124718212,3.962523450203345,1.330455005151853
93,DFT_CRT,time_scaling,wide,DEoptim,412,2.500029870560617,1,1.4794942966933917,1,2.075690065045767,0.5173373124718212,3.962523450203345,1.330455005151853
93,DFT_CRT,time_scaling,wide,DEoptim,413,2.500029870560617,1,1.4794942966933917,1,2.075690065045767,0.5173373124718212,3.962523450203345,1.330455005151853
93,DFT_CRT,time_scaling,wide,DEoptim,414,2.500029870560617,1,1.4794942966933917,1,2.075690065045767,0.5173373124718212,3.962523450203345,1.330455005151853
93,DFT_CRT,time_scaling,wide,DEoptim,415,2.500029870560617,1,1.4794942966933917,1,2.075690065045767,0.5173373124718212,3.962523450203345,1.330455005151853
93,DFT_CRT,time_scaling,wide,DEoptim,416,2.500029870560617,1,1.4794942966933917,1,2.075690065045767,0.5173373124718212,3.962523450203345,1.330455005151853
93,DFT_CRT,time_scaling,wide,DEoptim,417,2.500029870560617,1,1.4794942966933917,1,2.075690065045767,0.5173373124718212,3.962523450203345,1.330455005151853
93,DFT_CRT,time_scaling,wide,DEoptim,418,2.5024873652853454,1,1.4819552435544217,1,2.087754935820411,0.5182455222331789,3.9609314995926717,1.3317903781037446
93,DFT_CRT,time_scaling,wide,DEoptim,419,2.5024873652853454,1,1.4819552435544217,1,2.087754935820411,0.5182455222331789,3.9609314995926717,1.3317903781037446
93,DFT_CRT,time_scaling,wide,DEoptim,420,2.5024873652853454,1,1.4819552435544217,1,2.087754935820411,0.5182455222331789,3.9609314995926717,1.3317903781037446
93,DFT_CRT,time_scaling,wide,DEoptim,421,2.5024873652853454,1,1.4819552435544217,1,2.087754935820411,0.5182455222331789,3.9609314995926717,1.3317903781037446
93,DFT_CRT,time_scaling,wide,DEoptim,422,2.5024873652853454,1,1.4819552435544217,1,2.087754935820411,0.5182455222331789,3.9609314995926717,1.3316522345552302
93,DFT_CRT,time_scaling,wide,DEoptim,423,2.5024873652853454,1,1.4819552435544217,1,2.0896171713733853,0.5182455222331789,3.9609314995926717,1.3316522345552302
93,DFT_CRT,time_scaling,wide,DEoptim,424,2.5024873652853454,1,1.4819552435544217,1,2.0896171713733853,0.5182455222331789,3.9609314995926717,1.3316522345552302
93,DFT_CRT,time_scaling,wide,DEoptim,425,2.5024873652853454,1,1.4819552435544217,1,2.0896171713733853,0.5182455222331789,3.9609314995926717,1.3316522345552302
93,DFT_CRT,time_scaling,wide,DEoptim,426,2.5024873652853454,1,1.4819552435544217,1,2.0896171713733853,0.5182455222331789,3.9609314995926717,1.3316522345552302
93,DFT_CRT,time_scaling,wide,DEoptim,427,2.5024873652853454,1,1.4819552435544217,1,2.0896171713733853,0.5182455222331789,3.9609314995926717,1.3316522345552302
93,DFT_CRT,time_scaling,wide,DEoptim,428,2.5024873652853454,1,1.4819552435544217,1,2.0896171713733853,0.5182455222331789,3.9609314995926717,1.3316522345552302
93,DFT_CRT,time_scaling,wide,DEoptim,429,2.5024873652853454,1,1.4819552435544217,1,2.0896171713733853,0.5182455222331789,3.9609314995926717,1.3316522345552302
93,DFT_CRT,time_scaling,wide,DEoptim,430,2.5024873652853454,1,1.4819552435544217,1,2.0896171713733853,0.5182455222331789,3.9609314995926717,1.3316522345552302
93,DFT_CRT,time_scaling,wide,DEoptim,431,2.5024873652853454,1,1.4819552435544217,1,2.0896171713733853,0.5182455222331789,3.9609314995926717,1.3316522345552302
93,DFT_CRT,time_scaling,wide,DEoptim,432,2.5024873652853454,1,1.4819552435544217,1,2.0896171713733853,0.5182455222331789,3.9609314995926717,1.3316522345552302
93,DFT_CRT,time_scaling,wide,DEoptim,433,2.5024873652853454,1,1.4819552435544217,1,2.0896171713733853,0.5182455222331789,3.9609314995926717,1.3316522345552302
93,DFT_CRT,time_scaling,wide,DEoptim,434,2.5024873652853454,1,1.4819552435544217,1,2.094249945074506,0.5182455222331789,3.9609314995926717,1.3316522345552302
93,DFT_CRT,time_scaling,wide,DEoptim,435,2.5024873652853454,1,1.4819552435544217,1,2.094249945074506,0.5182455222331789,3.9609314995926717,1.3316522345552302
93,DFT_CRT,time_scaling,wide,DEoptim,436,2.5052476100810277,1,1.4840684675572315,1,2.0914738981920866,0.5174034495343337,3.964810148700545,1.3302540602119572
93,DFT_CRT,time_scaling,wide,DEoptim,437,2.5052476100810277,1,1.4840684675572315,1,2.0914738981920866,0.5174034495343337,3.964810148700545,1.3302540602119572
93,DFT_CRT,time_scaling,wide,DEoptim,438,2.5052476100810277,1,1.4840684675572315,1,2.0914738981920866,0.5174034495343337,3.964810148700545,1.3302540602119572
93,DFT_CRT,time_scaling,wide,DEoptim,439,2.5052476100810277,1,1.4840684675572315,1,2.0914738981920866,0.5174034495343337,3.964810148700545,1.3302540602119572
93,DFT_CRT,time_scaling,wide,DEoptim,440,2.5052476100810277,1,1.4840684675572315,1,2.0914738981920866,0.5174034495343337,3.9641458159968836,1.3302540602119572
93,DFT_CRT,time_scaling,wide,DEoptim,441,2.5052476100810277,1,1.4840684675572315,1,2.0914738981920866,0.5174034495343337,3.9641458159968836,1.3302540602119572
93,DFT_CRT,time_scaling,wide,DEoptim,442,2.5052476100810277,1,1.4840684675572315,1,2.0914738981920866,0.5174034495343337,3.9641458159968836,1.3302540602119572
93,DFT_CRT,time_scaling,wide,DEoptim,443,2.5052476100810277,1,1.4840684675572315,1,2.0914738981920866,0.5174034495343337,3.9641458159968836,1.3302540602119572
93,DFT_CRT,time_scaling,wide,DEoptim,444,2.5052476100810277,1,1.4840684675572315,1,2.0914738981920866,0.5174034495343337,3.9641458159968836,1.3302540602119572
93,DFT_CRT,time_scaling,wide,DEoptim,445,2.5052476100810277,1,1.4840684675572315,1,2.0914738981920866,0.5174034495343337,3.9641458159968836,1.3302540602119572
93,DFT_CRT,time_scaling,wide,DEoptim,446,2.5052476100810277,1,1.4840684675572315,1,2.0914738981920866,0.5174034495343337,3.9641458159968836,1.3302540602119572
93,DFT_CRT,time_scaling,wide,DEoptim,447,2.5052476100810277,1,1.4840684675572315,1,2.0914738981920866,0.5174034495343337,3.9641458159968836,1.3302540602119572
93,DFT_CRT,time_scaling,wide,DEoptim,448,2.5052476100810277,1,1.4840684675572315,1,2.0914738981920866,0.5174034495343337,3.9641458159968836,1.3302540602119572
93,DFT_CRT,time_scaling,wide,DEoptim,449,2.5052476100810277,1,1.4840684675572315,1,2.0914738981920866,0.5174034495343337,3.9641458159968836,1.3302540602119572
93,DFT_CRT,time_scaling,wide,DEoptim,450,2.5052476100810277,1,1.4840684675572315,1,2.0914738981920866,0.5174034495343337,3.9641458159968836,1.3302540602119572
93,DFT_CRT,time_scaling,wide,DEoptim,451,2.5052476100810277,1,1.4840684675572315,1,2.0914738981920866,0.5174034495343337,3.9641458159968836,1.3302540602119572
93,DFT_CRT,time_scaling,wide,DEoptim,452,2.5052476100810277,1,1.4840684675572315,1,2.0914738981920866,0.5174034495343337,3.9641458159968836,1.3302540602119572
93,DFT_CRT,time_scaling,wide,DEoptim,453,2.5052476100810277,1,1.4840684675572315,1,2.0914738981920866,0.5174034495343337,3.9641458159968836,1.3302540602119572
93,DFT_CRT,time_scaling,wide,DEoptim,454,2.5052476100810277,1,1.4840684675572315,1,2.0914738981920866,0.5174034495343337,3.9641458159968836,1.3302540602119572
93,DFT_CRT,time_scaling,wide,DEoptim,455,2.5052476100810277,1,1.4840684675572315,1,2.0914738981920866,0.5174034495343337,3.9641458159968836,1.3302540602119572
93,DFT_CRT,time_scaling,wide,DEoptim,456,2.5052476100810277,1,1.4840684675572315,1,2.0914738981920866,0.5174034495343337,3.9641458159968836,1.3302540602119572
93,DFT_CRT,time_scaling,wide,DEoptim,457,2.5052476100810277,1,1.4840684675572315,1,2.0914738981920866,0.5174034495343337,3.9641458159968836,1.3302540602119572
93,DFT_CRT,time_scaling,wide,DEoptim,458,2.5052476100810277,1,1.4840684675572315,1,2.0914738981920866,0.5174034495343337,3.9641458159968836,1.3302540602119572
93,DFT_CRT,time_scaling,wide,DEoptim,459,2.5052476100810277,1,1.4840684675572315,1,2.0914738981920866,0.5174034495343337,3.9641458159968836,1.3302540602119572
93,DFT_CRT,time_scaling,wide,DEoptim,460,2.5052476100810277,1,1.4840684675572315,1,2.0914738981920866,0.5174034495343337,3.9641458159968836,1.3302540602119572
93,DFT_CRT,time_scaling,wide,DEoptim,461,2.5052476100810277,1,1.4840684675572315,1,2.0914738981920866,0.5174034495343337,3.9641458159968836,1.3302540602119572
93,DFT_CRT,time_scaling,wide,DEoptim,462,2.5024873652853454,1,1.4819552435544217,1,2.094249945074506,0.5182455222331789,3.9618078106853023,1.3311691555597311
93,DFT_CRT,time_scaling,wide,DEoptim,463,2.5024873652853454,1,1.4819552435544217,1,2.094249945074506,0.5182455222331789,3.9618078106853023,1.3311691555597311
93,DFT_CRT,time_scaling,wide,DEoptim,464,2.5024873652853454,1,1.4819552435544217,1,2.094249945074506,0.5182455222331789,3.9618078106853023,1.3311691555597311
93,DFT_CRT,time_scaling,wide,DEoptim,465,2.5024873652853454,1,1.4819552435544217,1,2.094249945074506,0.5182455222331789,3.9618078106853023,1.3311691555597311
93,DFT_CRT,time_scaling,wide,DEoptim,466,2.5024873652853454,1,1.4819552435544217,1,2.094249945074506,0.5182455222331789,3.9618078106853023,1.3311691555597311
93,DFT_CRT,time_scaling,wide,DEoptim,467,2.5024873652853454,1,1.4819552435544217,1,2.094249945074506,0.5182455222331789,3.9618078106853023,1.3311691555597311
93,DFT_CRT,time_scaling,wide,DEoptim,468,2.5024873652853454,1,1.4819552435544217,1,2.094249945074506,0.5182455222331789,3.9618078106853023,1.3311691555597311
93,DFT_CRT,time_scaling,wide,DEoptim,469,2.5024873652853454,1,1.4819552435544217,1,2.094249945074506,0.5182455222331789,3.9618078106853023,1.3311691555597311
93,DFT_CRT,time_scaling,wide,DEoptim,470,2.5024873652853454,1,1.4819552435544217,1,2.094249945074506,0.5182455222331789,3.9618078106853023,1.3311691555597311
93,DFT_CRT,time_scaling,wide,DEoptim,471,2.5024873652853454,1,1.4819552435544217,1,2.094249945074506,0.5182455222331789,3.9618078106853023,1.3311691555597311
93,DFT_CRT,time_scaling,wide,DEoptim,472,2.5024873652853454,1,1.4819552435544217,1,2.094249945074506,0.5182455222331789,3.9618078106853023,1.3311691555597311
93,DFT_CRT,time_scaling,wide,DEoptim,473,2.5024873652853454,1,1.4819552435544217,1,2.094249945074506,0.5182455222331789,3.9618078106853023,1.3311691555597311
93,DFT_CRT,time_scaling,wide,DEoptim,474,2.5024873652853454,1,1.4819552435544217,1,2.094249945074506,0.5182455222331789,3.9618078106853023,1.3311691555597311
93,DFT_CRT,time_scaling,wide,DEoptim,475,2.5024873652853454,1,1.4819552435544217,1,2.094249945074506,0.5182455222331789,3.9618078106853023,1.3311691555597311
93,DFT_CRT,time_scaling,wide,DEoptim,476,2.5024873652853454,1,1.4819552435544217,1,2.094249945074506,0.5182455222331789,3.9618078106853023,1.3311691555597311
93,DFT_CRT,time_scaling,wide,DEoptim,477,2.5024873652853454,1,1.4819552435544217,1,2.094249945074506,0.5182455222331789,3.9618078106853023,1.3311691555597311
93,DFT_CRT,time_scaling,wide,DEoptim,478,2.5024873652853454,1,1.4819552435544217,1,2.094249945074506,0.5182455222331789,3.9618078106853023,1.3311691555597311
93,DFT_CRT,time_scaling,wide,DEoptim,479,2.5024873652853454,1,1.4819552435544217,1,2.094249945074506,0.5182455222331789,3.9618078106853023,1.3311691555597311
93,DFT_CRT,time_scaling,wide,DEoptim,480,2.5024873652853454,1,1.4819552435544217,1,2.094249945074506,0.5182455222331789,3.9618078106853023,1.3311691555597311
93,DFT_CRT,time_scaling,wide,DEoptim,481,2.5024873652853454,1,1.4819552435544217,1,2.094249945074506,0.5182455222331789,3.9626943932985172,1.3309675842503408
93,DFT_CRT,time_scaling,wide,DEoptim,482,2.5024873652853454,1,1.4819552435544217,1,2.094249945074506,0.5182455222331789,3.9626943932985172,1.3309675842503408
93,DFT_CRT,time_scaling,wide,DEoptim,483,2.5024873652853454,1,1.4819552435544217,1,2.094249945074506,0.5182455222331789,3.9626943932985172,1.3309675842503408
93,DFT_CRT,time_scaling,wide,DEoptim,484,2.5024873652853454,1,1.4819552435544217,1,2.094249945074506,0.5182455222331789,3.9626943932985172,1.3309675842503408
93,DFT_CRT,time_scaling,wide,DEoptim,485,2.5024873652853454,1,1.4819552435544217,1,2.094249945074506,0.5182455222331789,3.9626943932985172,1.3309675842503408
93,DFT_CRT,time_scaling,wide,DEoptim,486,2.5024873652853454,1,1.4819552435544217,1,2.094249945074506,0.5182455222331789,3.9626943932985172,1.3309675842503408
93,DFT_CRT,time_scaling,wide,DEoptim,487,2.5024873652853454,1,1.4819552435544217,1,2.094249945074506,0.5182455222331789,3.9626943932985172,1.3309675842503408
93,DFT_CRT,time_scaling,wide,DEoptim,488,2.5024873652853454,1,1.4819552435544217,1,2.094249945074506,0.5182455222331789,3.9626943932985172,1.3309675842503408
93,DFT_CRT,time_scaling,wide,DEoptim,489,2.5024873652853454,1,1.4819552435544217,1,2.094249945074506,0.5182455222331789,3.9626943932985172,1.3309675842503408
93,DFT_CRT,time_scaling,wide,DEoptim,490,2.5024873652853454,1,1.4819552435544217,1,2.094249945074506,0.5182455222331789,3.9626943932985172,1.3309675842503408
93,DFT_CRT,time_scaling,wide,DEoptim,491,2.5024873652853454,1,1.4819552435544217,1,2.094249945074506,0.5182455222331789,3.9626943932985172,1.3309675842503408
93,DFT_CRT,time_scaling,wide,DEoptim,492,2.5024873652853454,1,1.4819552435544217,1,2.094249945074506,0.5182455222331789,3.9626943932985172,1.3309675842503408
93,DFT_CRT,time_scaling,wide,DEoptim,493,2.5024873652853454,1,1.4819552435544217,1,2.094249945074506,0.5182455222331789,3.9626943932985172,1.3309675842503408
93,DFT_CRT,time_scaling,wide,DEoptim,494,2.5024873652853454,1,1.4819552435544217,1,2.094249945074506,0.5182455222331789,3.9626943932985172,1.3309675842503408
93,DFT_CRT,time_scaling,wide,DEoptim,495,2.5024873652853454,1,1.4819552435544217,1,2.094249945074506,0.5182455222331789,3.9626943932985172,1.3309675842503408
93,DFT_CRT,time_scaling,wide,DEoptim,496,2.5024873652853454,1,1.4819552435544217,1,2.094249945074506,0.5182455222331789,3.9626943932985172,1.3309675842503408
93,DFT_CRT,time_scaling,wide,DEoptim,497,2.5024873652853454,1,1.4819552435544217,1,2.094249945074506,0.5182455222331789,3.9626943932985172,1.3309675842503408
93,DFT_CRT,time_scaling,wide,DEoptim,498,2.5024873652853454,1,1.4819552435544217,1,2.094249945074506,0.5182455222331789,3.9626943932985172,1.3309675842503408
93,DFT_CRT,time_scaling,wide,DEoptim,499,2.5024873652853454,1,1.4819552435544217,1,2.094249945074506,0.5182455222331789,3.9626943932985172,1.3309675842503408
93,DFT_CRT,time_scaling,wide,DEoptim,500,2.5024873652853454,1,1.4819552435544217,1,2.094249945074506,0.5182455222331789,3.9626943932985172,1.3309675842503408
93,DFT_CRT,time_scaling,wide,DEoptim,501,2.5024873652853454,1,1.4819552435544217,1,2.094249945074506,0.5182455222331789,3.9626943932985172,1.3309675842503408
93,DFT_CRT,time_scaling,wide,DEoptim,502,2.5024873652853454,1,1.4819552435544217,1,2.094249945074506,0.5182455222331789,3.9626943932985172,1.3309675842503408
93,DFT_CRT,time_scaling,wide,DEoptim,503,2.5024873652853454,1,1.4819552435544217,1,2.094249945074506,0.5182455222331789,3.9626943932985172,1.3309675842503408
93,DFT_CRT,time_scaling,wide,DEoptim,504,2.5024873652853454,1,1.4819552435544217,1,2.094249945074506,0.5182455222331789,3.9626943932985172,1.3309675842503408
93,DFT_CRT,time_scaling,wide,DEoptim,505,2.5024873652853454,1,1.4819552435544217,1,2.094249945074506,0.5182455222331789,3.9626943932985172,1.3309675842503408
93,DFT_CRT,time_scaling,wide,DEoptim,506,2.5024873652853454,1,1.4819552435544217,1,2.094249945074506,0.5182455222331789,3.9626943932985172,1.3309675842503408
93,DFT_CRT,time_scaling,wide,DEoptim,507,2.5024873652853454,1,1.4819552435544217,1,2.094249945074506,0.5182455222331789,3.9626943932985172,1.3309675842503408
93,DFT_CRT,time_scaling,wide,DEoptim,508,2.5024873652853454,1,1.4819552435544217,1,2.094249945074506,0.5182455222331789,3.9626943932985172,1.3309675842503408
93,DFT_CRT,time_scaling,wide,DEoptim,509,2.5024873652853454,1,1.4819552435544217,1,2.094249945074506,0.5182455222331789,3.9626943932985172,1.3309675842503408
93,DFT_CRT,time_scaling,wide,DEoptim,510,2.5023193341986216,1,1.4819552435544217,1,2.094249945074506,0.5182455222331789,3.9626943932985172,1.3309675842503408
93,DFT_CRT,time_scaling,wide,DEoptim,511,2.5023193341986216,1,1.4819552435544217,1,2.094249945074506,0.5182455222331789,3.9626943932985172,1.3309675842503408
93,DFT_CRT,time_scaling,wide,DEoptim,512,2.5023193341986216,1,1.4819552435544217,1,2.094249945074506,0.5182455222331789,3.9626943932985172,1.3309675842503408
93,DFT_CRT,time_scaling,wide,DEoptim,513,2.5023193341986216,1,1.4819552435544217,1,2.094249945074506,0.5182455222331789,3.9626943932985172,1.3309675842503408
93,DFT_CRT,time_scaling,wide,DEoptim,514,2.5023193341986216,1,1.4819552435544217,1,2.094249945074506,0.5182455222331789,3.9626943932985172,1.3309675842503408
93,DFT_CRT,time_scaling,wide,DEoptim,515,2.5007644372457047,1,1.4810233759054166,1,2.0852109160486427,0.5180672925109234,3.9632868776830725,1.3305126297943302
93,DFT_CRT,time_scaling,wide,DEoptim,516,2.5007644372457047,1,1.4810233759054166,1,2.0852109160486427,0.5180672925109234,3.9632868776830725,1.3305126297943302
93,DFT_CRT,time_scaling,wide,DEoptim,517,2.5007644372457047,1,1.4810233759054166,1,2.0852109160486427,0.5180672925109234,3.9632868776830725,1.3305126297943302
93,DFT_CRT,time_scaling,wide,DEoptim,518,2.5007644372457047,1,1.4810233759054166,1,2.0852109160486427,0.5180672925109234,3.9632868776830725,1.3305126297943302
93,DFT_CRT,time_scaling,wide,DEoptim,519,2.5007644372457047,1,1.4810233759054166,1,2.0852109160486427,0.5180672925109234,3.9632868776830725,1.3305126297943302
93,DFT_CRT,time_scaling,wide,DEoptim,520,2.5007644372457047,1,1.4810233759054166,1,2.0852109160486427,0.5180672925109234,3.9632868776830725,1.3305126297943302
93,DFT_CRT,time_scaling,wide,DEoptim,521,2.5007644372457047,1,1.4810233759054166,1,2.0852109160486427,0.5180672925109234,3.9632868776830725,1.3305126297943302
93,DFT_CRT,time_scaling,wide,DEoptim,522,2.5007644372457047,1,1.4810233759054166,1,2.0852109160486427,0.5180672925109234,3.9632868776830725,1.3305126297943302
93,DFT_CRT,time_scaling,wide,DEoptim,523,2.5007644372457047,1,1.4810233759054166,1,2.0852109160486427,0.5180672925109234,3.9632868776830725,1.3305126297943302
93,DFT_CRT,time_scaling,wide,DEoptim,524,2.5007644372457047,1,1.4810233759054166,1,2.0852109160486427,0.5180672925109234,3.9632868776830725,1.3305126297943302
93,DFT_CRT,time_scaling,wide,DEoptim,525,2.5007644372457047,1,1.4810233759054166,1,2.0852109160486427,0.5180672925109234,3.9632868776830725,1.3305126297943302
93,DFT_CRT,time_scaling,wide,DEoptim,526,2.5007644372457047,1,1.4810233759054166,1,2.0852109160486427,0.5180672925109234,3.9632868776830725,1.3305126297943302
93,DFT_CRT,time_scaling,wide,DEoptim,527,2.5007644372457047,1,1.4810233759054166,1,2.0852109160486427,0.5180672925109234,3.9632868776830725,1.3305126297943302
93,DFT_CRT,time_scaling,wide,DEoptim,528,2.5007644372457047,1,1.4810233759054166,1,2.0852109160486427,0.5180672925109234,3.962922072423431,1.3307777482597396
93,DFT_CRT,time_scaling,wide,DEoptim,529,2.5007644372457047,1,1.4810233759054166,1,2.0852109160486427,0.5180672925109234,3.962922072423431,1.3307777482597396
93,DFT_CRT,time_scaling,wide,DEoptim,530,2.5007644372457047,1,1.4810233759054166,1,2.0852109160486427,0.5180672925109234,3.962922072423431,1.3307777482597396
93,DFT_CRT,time_scaling,wide,DEoptim,531,2.5007644372457047,1,1.4810233759054166,1,2.0852109160486427,0.5185283107615865,3.9634988530683954,1.3307777482597396
93,DFT_CRT,time_scaling,wide,DEoptim,532,2.5007644372457047,1,1.4810233759054166,1,2.0852109160486427,0.5185283107615865,3.9634988530683954,1.3307777482597396
93,DFT_CRT,time_scaling,wide,DEoptim,533,2.5007644372457047,1,1.4810233759054166,1,2.0852109160486427,0.5185283107615865,3.9634988530683954,1.3307777482597396
93,DFT_CRT,time_scaling,wide,DEoptim,534,2.5013835960582704,1,1.4812129544142645,1,2.0886340127960548,0.5180826486086171,3.9628399515739914,1.330493743849352
93,DFT_CRT,time_scaling,wide,DEoptim,535,2.5013835960582704,1,1.4812129544142645,1,2.0886340127960548,0.5180826486086171,3.9628399515739914,1.330493743849352
93,DFT_CRT,time_scaling,wide,DEoptim,536,2.5013835960582704,1,1.4812129544142645,1,2.0886340127960548,0.5180826486086171,3.9628399515739914,1.330493743849352
93,DFT_CRT,time_scaling,wide,DEoptim,537,2.5013835960582704,1,1.4812129544142645,1,2.0886340127960548,0.5180826486086171,3.9628399515739914,1.330493743849352
93,DFT_CRT,time_scaling,wide,DEoptim,538,2.5013835960582704,1,1.4812129544142645,1,2.0886340127960548,0.5180826486086171,3.9628399515739914,1.330493743849352
93,DFT_CRT,time_scaling,wide,DEoptim,539,2.5013835960582704,1,1.4812129544142645,1,2.0886340127960548,0.5180826486086171,3.9628399515739914,1.330493743849352
93,DFT_CRT,time_scaling,wide,DEoptim,540,2.5013835960582704,1,1.4812129544142645,1,2.0886340127960548,0.5180826486086171,3.9628399515739914,1.330493743849352
93,DFT_CRT,time_scaling,wide,DEoptim,541,2.5013835960582704,1,1.4812129544142645,1,2.0886340127960548,0.5180826486086171,3.9628399515739914,1.330493743849352
93,DFT_CRT,time_scaling,wide,DEoptim,542,2.5013835960582704,1,1.4812129544142645,1,2.0886340127960548,0.5180826486086171,3.9628399515739914,1.330493743849352
93,DFT_CRT,time_scaling,wide,DEoptim,543,2.5013835960582704,1,1.4812129544142645,1,2.0886340127960548,0.5180826486086171,3.9628399515739914,1.330493743849352
93,DFT_CRT,time_scaling,wide,DEoptim,544,2.5013835960582704,1,1.4812129544142645,1,2.0886340127960548,0.5180826486086171,3.9628399515739914,1.330493743849352
93,DFT_CRT,time_scaling,wide,DEoptim,545,2.5013835960582704,1,1.4812129544142645,1,2.0886340127960548,0.5180826486086171,3.9628399515739914,1.330493743849352
93,DFT_CRT,time_scaling,wide,DEoptim,546,2.5013835960582704,1,1.4812129544142645,1,2.0886340127960548,0.5180826486086171,3.9628399515739914,1.330493743849352
93,DFT_CRT,time_scaling,wide,DEoptim,547,2.5013835960582704,1,1.4812129544142645,1,2.0886340127960548,0.5180826486086171,3.9628399515739914,1.330493743849352
