participant_id,model_name,parameterization,bound_settings,algorithm,iter,alpha,mu,beta,kappa1,kappa2,kappa3,w,theta_star,t0
58,DFT_CRT,time_scaling,wide,DEoptim,1,2.0632905573025346,1,0.5839202535385266,1,9.994586305692792,6.612316926475614,0.5766797561960667,5.9051881673978635,0.30090185907902195
58,DFT_CRT,time_scaling,wide,DEoptim,2,2.54055938862497,1,2.8312731085252016,1,9.976374875754118,2.8206549119204283,0.5763866827596631,7.528174207264091,0.7416069930186496
58,DFT_CRT,time_scaling,wide,DEoptim,3,2.54055938862497,1,2.8312731085252016,1,9.976374875754118,2.8206549119204283,0.5763866827596631,7.528174207264091,0.7416069930186496
58,DFT_CRT,time_scaling,wide,DEoptim,4,1.4956534053361976,1,1.0327237701578997,1,3.5949601139873266,0.6453169574961066,0.45642811418682083,3.7241258911089967,0.30932445344515147
58,DFT_CRT,time_scaling,wide,DEoptim,5,1.4956534053361976,1,1.0327237701578997,1,3.5949601139873266,0.6453169574961066,0.45642811418682083,3.7241258911089967,0.30932445344515147
58,DFT_CRT,time_scaling,wide,DEoptim,6,1.4956534053361976,1,1.0327237701578997,1,3.5949601139873266,0.6453169574961066,0.45642811418682083,3.7241258911089967,0.30932445344515147
58,DFT_CRT,time_scaling,wide,DEoptim,7,1.4956534053361976,1,1.0327237701578997,1,3.5949601139873266,0.6453169574961066,0.45642811418682083,3.7241258911089967,0.30932445344515147
58,DFT_CRT,time_scaling,wide,DEoptim,8,2.5720039343680234,1,2.8253279406488874,1,7.759034943301231,8.945222442504019,0.39160173259566056,4.211310237527359,0.794015286887568
58,DFT_CRT,time_scaling,wide,DEoptim,9,2.5720039343680234,1,2.8253279406488874,1,7.759034943301231,8.945222442504019,0.39160173259566056,4.211310237527359,0.794015286887568
58,DFT_CRT,time_scaling,wide,DEoptim,10,2.5720039343680234,1,2.8253279406488874,1,5.866080347129255,8.945222442504019,0.39160173259566056,4.211310237527359,0.794015286887568
58,DFT_CRT,time_scaling,wide,DEoptim,11,2.5720039343680234,1,2.8253279406488874,1,5.866080347129255,8.945222442504019,0.39160173259566056,4.211310237527359,0.794015286887568
58,DFT_CRT,time_scaling,wide,DEoptim,12,2.5720039343680234,1,2.8253279406488874,1,5.866080347129255,8.945222442504019,0.39160173259566056,4.211310237527359,0.794015286887568
58,DFT_CRT,time_scaling,wide,DEoptim,13,2.5720039343680234,1,2.8253279406488874,1,5.866080347129255,8.945222442504019,0.39160173259566056,4.211310237527359,0.794015286887568
58,DFT_CRT,time_scaling,wide,DEoptim,14,2.5720039343680234,1,2.8253279406488874,1,4.70358881158486,9.707027464997024,0.39160173259566056,4.211310237527359,0.794015286887568
58,DFT_CRT,time_scaling,wide,DEoptim,15,2.5720039343680234,1,2.8253279406488874,1,4.70358881158486,9.707027464997024,0.39160173259566056,4.211310237527359,0.794015286887568
58,DFT_CRT,time_scaling,wide,DEoptim,16,2.5720039343680234,1,2.8253279406488874,1,4.70358881158486,9.707027464997024,0.39160173259566056,4.211310237527359,0.794015286887568
58,DFT_CRT,time_scaling,wide,DEoptim,17,2.5720039343680234,1,2.8253279406488874,1,4.70358881158486,9.707027464997024,0.39160173259566056,4.211310237527359,0.794015286887568
58,DFT_CRT,time_scaling,wide,DEoptim,18,2.5720039343680234,1,2.8253279406488874,1,4.70358881158486,9.707027464997024,0.39160173259566056,4.211310237527359,0.794015286887568
58,DFT_CRT,time_scaling,wide,DEoptim,19,2.5720039343680234,1,2.8253279406488874,1,4.70358881158486,9.707027464997024,0.39160173259566056,4.211310237527359,0.794015286887568
58,DFT_CRT,time_scaling,wide,DEoptim,20,2.5720039343680234,1,2.8253279406488874,1,4.70358881158486,9.707027464997024,0.39160173259566056,4.211310237527359,0.794015286887568
58,DFT_CRT,time_scaling,wide,DEoptim,21,2.5720039343680234,1,2.8253279406488874,1,4.70358881158486,9.707027464997024,0.39160173259566056,4.211310237527359,0.794015286887568
58,DFT_CRT,time_scaling,wide,DEoptim,22,2.5720039343680234,1,2.8253279406488874,1,4.70358881158486,9.707027464997024,0.39160173259566056,4.211310237527359,0.794015286887568
58,DFT_CRT,time_scaling,wide,DEoptim,23,1.7895473854567843,1,1.707480986295268,1,1.5744814038366979,9.91785753426999,0.33251110396626155,3.0105442887068987,1.2214008612617007
58,DFT_CRT,time_scaling,wide,DEoptim,24,1.7895473854567843,1,1.707480986295268,1,1.5744814038366979,9.91785753426999,0.33251110396626155,3.0105442887068987,1.2214008612617007
58,DFT_CRT,time_scaling,wide,DEoptim,25,1.7333423090362918,1,1.8858874163073487,1,6.167607685420366,8.409017799422145,0.4702335784413002,2.467138292207146,1.3977962354547346
58,DFT_CRT,time_scaling,wide,DEoptim,26,1.7333423090362918,1,1.8858874163073487,1,5.23158293337743,1.6227097409654858,0.4702335784413002,2.467138292207146,1.3977962354547346
58,DFT_CRT,time_scaling,wide,DEoptim,27,1.7333423090362918,1,1.8858874163073487,1,5.23158293337743,1.6227097409654858,0.4702335784413002,2.467138292207146,1.3977962354547346
58,DFT_CRT,time_scaling,wide,DEoptim,28,1.7333423090362918,1,1.8858874163073487,1,5.23158293337743,1.6227097409654858,0.4702335784413002,2.467138292207146,1.3977962354547346
58,DFT_CRT,time_scaling,wide,DEoptim,29,1.7333423090362918,1,1.8858874163073487,1,5.23158293337743,1.6227097409654858,0.4702335784413002,2.467138292207146,1.3977962354547346
58,DFT_CRT,time_scaling,wide,DEoptim,30,1.7333423090362918,1,1.8858874163073487,1,3.5459864935281824,1.6227097409654858,0.4702335784413002,2.467138292207146,1.3977962354547346
58,DFT_CRT,time_scaling,wide,DEoptim,31,1.7333423090362918,1,1.8858874163073487,1,3.5459864935281824,1.6227097409654858,0.4702335784413002,2.467138292207146,1.3977962354547346
58,DFT_CRT,time_scaling,wide,DEoptim,32,1.7333423090362918,1,1.8858874163073487,1,3.5459864935281824,1.6227097409654858,0.4702335784413002,2.467138292207146,1.3977962354547346
58,DFT_CRT,time_scaling,wide,DEoptim,33,1.8104371395525538,1,2.1430707681676844,1,3.1563672193734527,1.0252401572215921,0.6409222188736483,2.295678686933116,1.281450218216562
58,DFT_CRT,time_scaling,wide,DEoptim,34,1.8104371395525538,1,2.1430707681676844,1,5.102112090254959,6.169561368878931,0.6409222188736483,2.295678686933116,1.281450218216562
58,DFT_CRT,time_scaling,wide,DEoptim,35,1.8104371395525538,1,2.1430707681676844,1,5.102112090254959,6.169561368878931,0.6409222188736483,2.295678686933116,1.281450218216562
58,DFT_CRT,time_scaling,wide,DEoptim,36,1.8104371395525538,1,2.1430707681676844,1,5.102112090254959,6.169561368878931,0.6409222188736483,2.295678686933116,1.281450218216562
58,DFT_CRT,time_scaling,wide,DEoptim,37,1.8104371395525538,1,2.1430707681676844,1,5.102112090254959,6.169561368878931,0.6409222188736483,2.295678686933116,1.281450218216562
58,DFT_CRT,time_scaling,wide,DEoptim,38,1.8104371395525538,1,2.1430707681676844,1,5.102112090254959,6.169561368878931,0.6409222188736483,2.295678686933116,1.281450218216562
58,DFT_CRT,time_scaling,wide,DEoptim,39,1.8104371395525538,1,2.1430707681676844,1,5.102112090254959,6.169561368878931,0.6409222188736483,2.295678686933116,1.281450218216562
58,DFT_CRT,time_scaling,wide,DEoptim,40,1.8104371395525538,1,2.1430707681676844,1,5.102112090254959,6.169561368878931,0.6409222188736483,2.295678686933116,1.281450218216562
58,DFT_CRT,time_scaling,wide,DEoptim,41,1.997669265120776,1,2.370217226517347,1,3.341116058882325,7.378945205365302,0.6674516074457498,2.911654776719014,1.2568750134695525
58,DFT_CRT,time_scaling,wide,DEoptim,42,2.1552341826435093,1,2.442228722973234,1,6.946549769490957,1.3070175703334863,0.5203610240845714,2.130637006484038,1.3691089785308257
58,DFT_CRT,time_scaling,wide,DEoptim,43,2.1552341826435093,1,2.442228722973234,1,6.946549769490957,1.3070175703334863,0.5203610240845714,2.130637006484038,1.3691089785308257
58,DFT_CRT,time_scaling,wide,DEoptim,44,2.389500558545044,1,2.8873161018552445,1,4.458969357453777,3.111383183578443,0.5135076679856381,3.0105442887068987,1.1565560891877837
58,DFT_CRT,time_scaling,wide,DEoptim,45,2.389500558545044,1,2.8873161018552445,1,4.458969357453777,3.111383183578443,0.5135076679856381,3.0105442887068987,1.1565560891877837
58,DFT_CRT,time_scaling,wide,DEoptim,46,2.389500558545044,1,2.8873161018552445,1,4.458969357453777,3.111383183578443,0.5135076679856381,3.0105442887068987,1.1565560891877837
58,DFT_CRT,time_scaling,wide,DEoptim,47,2.389500558545044,1,2.8873161018552445,1,4.458969357453777,3.111383183578443,0.5135076679856381,3.0105442887068987,1.1565560891877837
58,DFT_CRT,time_scaling,wide,DEoptim,48,2.1552341826435093,1,2.442228722973234,1,5.574510843809022,2.166573184084832,0.5203610240845714,2.130637006484038,1.3691089785308257
58,DFT_CRT,time_scaling,wide,DEoptim,49,2.1552341826435093,1,2.442228722973234,1,5.574510843809022,2.166573184084832,0.5203610240845714,2.130637006484038,1.3691089785308257
58,DFT_CRT,time_scaling,wide,DEoptim,50,2.389500558545044,1,2.840363731825287,1,4.458969357453777,3.111383183578443,0.5135076679856381,3.0105442887068987,1.1565560891877837
58,DFT_CRT,time_scaling,wide,DEoptim,51,2.3201064065891486,1,2.8253279406488874,1,2.1004974143788733,2.611438339799249,0.559002693995756,2.5284518927877158,1.344103992700871
58,DFT_CRT,time_scaling,wide,DEoptim,52,2.3201064065891486,1,2.8253279406488874,1,2.1004974143788733,2.611438339799249,0.559002693995756,2.5284518927877158,1.344103992700871
58,DFT_CRT,time_scaling,wide,DEoptim,53,2.3201064065891486,1,2.8253279406488874,1,2.1004974143788733,2.611438339799249,0.559002693995756,2.5284518927877158,1.344103992700871
58,DFT_CRT,time_scaling,wide,DEoptim,54,2.3201064065891486,1,2.8253279406488874,1,2.1004974143788733,2.611438339799249,0.559002693995756,2.5284518927877158,1.344103992700871
58,DFT_CRT,time_scaling,wide,DEoptim,55,2.3201064065891486,1,2.8253279406488874,1,2.1004974143788733,6.869749589823186,0.559002693995756,2.5284518927877158,1.344103992700871
58,DFT_CRT,time_scaling,wide,DEoptim,56,2.3201064065891486,1,2.8253279406488874,1,2.1004974143788733,6.869749589823186,0.559002693995756,2.5284518927877158,1.344103992700871
58,DFT_CRT,time_scaling,wide,DEoptim,57,2.3201064065891486,1,2.8253279406488874,1,2.1004974143788733,6.869749589823186,0.559002693995756,2.5284518927877158,1.344103992700871
58,DFT_CRT,time_scaling,wide,DEoptim,58,2.3201064065891486,1,2.8253279406488874,1,2.1004974143788733,6.869749589823186,0.559002693995756,2.5284518927877158,1.344103992700871
58,DFT_CRT,time_scaling,wide,DEoptim,59,2.3201064065891486,1,2.8253279406488874,1,2.1004974143788733,6.869749589823186,0.559002693995756,2.5284518927877158,1.344103992700871
58,DFT_CRT,time_scaling,wide,DEoptim,60,2.3201064065891486,1,2.8253279406488874,1,2.1004974143788733,6.869749589823186,0.559002693995756,2.5284518927877158,1.344103992700871
58,DFT_CRT,time_scaling,wide,DEoptim,61,2.3201064065891486,1,2.8253279406488874,1,2.1004974143788733,6.869749589823186,0.559002693995756,2.5284518927877158,1.344103992700871
58,DFT_CRT,time_scaling,wide,DEoptim,62,2.3201064065891486,1,2.8253279406488874,1,2.1004974143788733,6.869749589823186,0.559002693995756,2.5284518927877158,1.344103992700871
58,DFT_CRT,time_scaling,wide,DEoptim,63,2.3201064065891486,1,2.8253279406488874,1,2.1004974143788733,6.869749589823186,0.559002693995756,2.5284518927877158,1.344103992700871
58,DFT_CRT,time_scaling,wide,DEoptim,64,2.3201064065891486,1,2.8253279406488874,1,2.1004974143788733,6.869749589823186,0.559002693995756,2.5284518927877158,1.344103992700871
58,DFT_CRT,time_scaling,wide,DEoptim,65,2.3201064065891486,1,2.8253279406488874,1,2.1004974143788733,6.869749589823186,0.559002693995756,2.5284518927877158,1.344103992700871
58,DFT_CRT,time_scaling,wide,DEoptim,66,2.3201064065891486,1,2.8253279406488874,1,2.1004974143788733,6.869749589823186,0.559002693995756,2.5284518927877158,1.344103992700871
58,DFT_CRT,time_scaling,wide,DEoptim,67,2.3201064065891486,1,2.8253279406488874,1,2.1004974143788733,6.869749589823186,0.559002693995756,2.5284518927877158,1.344103992700871
58,DFT_CRT,time_scaling,wide,DEoptim,68,2.3201064065891486,1,2.8253279406488874,1,2.1004974143788733,6.869749589823186,0.559002693995756,2.5284518927877158,1.344103992700871
58,DFT_CRT,time_scaling,wide,DEoptim,69,2.4759042373224336,1,2.9195250558326507,1,0.9549569023999296,4.524169331768232,0.3741116992356439,2.3028764642889934,1.370879652353937
58,DFT_CRT,time_scaling,wide,DEoptim,70,2.4759042373224336,1,2.9195250558326507,1,0.9549569023999296,4.524169331768232,0.3741116992356439,2.3028764642889934,1.370879652353937
58,DFT_CRT,time_scaling,wide,DEoptim,71,2.365431815099047,1,2.7472140622657126,1,1.9467230907140736,4.430952928960323,0.42013536853898126,2.552543643659385,1.2768049764398883
58,DFT_CRT,time_scaling,wide,DEoptim,72,2.365431815099047,1,2.7472140622657126,1,1.9467230907140736,4.430952928960323,0.42013536853898126,2.552543643659385,1.2768049764398883
58,DFT_CRT,time_scaling,wide,DEoptim,73,2.365431815099047,1,2.7472140622657126,1,1.9467230907140736,4.430952928960323,0.42013536853898126,2.552543643659385,1.2768049764398883
58,DFT_CRT,time_scaling,wide,DEoptim,74,2.365431815099047,1,2.7472140622657126,1,1.9467230907140736,4.430952928960323,0.42013536853898126,2.552543643659385,1.2768049764398883
58,DFT_CRT,time_scaling,wide,DEoptim,75,2.365431815099047,1,2.7472140622657126,1,1.9467230907140736,4.430952928960323,0.42013536853898126,2.552543643659385,1.2768049764398883
58,DFT_CRT,time_scaling,wide,DEoptim,76,2.365431815099047,1,2.7472140622657126,1,1.9467230907140736,4.430952928960323,0.42013536853898126,2.552543643659385,1.2768049764398883
58,DFT_CRT,time_scaling,wide,DEoptim,77,2.365431815099047,1,2.7472140622657126,1,1.9467230907140736,4.430952928960323,0.42013536853898126,2.552543643659385,1.2768049764398883
58,DFT_CRT,time_scaling,wide,DEoptim,78,2.365431815099047,1,2.7472140622657126,1,1.9467230907140736,4.430952928960323,0.42013536853898126,2.552543643659385,1.2768049764398883
58,DFT_CRT,time_scaling,wide,DEoptim,79,2.365431815099047,1,2.7472140622657126,1,1.6510780726524237,4.430952928960323,0.42013536853898126,2.552543643659385,1.2768049764398883
58,DFT_CRT,time_scaling,wide,DEoptim,80,2.365431815099047,1,2.7472140622657126,1,1.6510780726524237,4.430952928960323,0.42013536853898126,2.552543643659385,1.2768049764398883
58,DFT_CRT,time_scaling,wide,DEoptim,81,2.365431815099047,1,2.7472140622657126,1,1.6510780726524237,4.430952928960323,0.42013536853898126,2.552543643659385,1.2768049764398883
58,DFT_CRT,time_scaling,wide,DEoptim,82,2.365431815099047,1,2.7472140622657126,1,1.6510780726524237,4.430952928960323,0.42013536853898126,2.552543643659385,1.2768049764398883
58,DFT_CRT,time_scaling,wide,DEoptim,83,2.365431815099047,1,2.7472140622657126,1,1.6510780726524237,4.430952928960323,0.42013536853898126,2.552543643659385,1.2768049764398883
58,DFT_CRT,time_scaling,wide,DEoptim,84,2.365431815099047,1,2.7472140622657126,1,1.6510780726524237,4.430952928960323,0.42013536853898126,2.552543643659385,1.2768049764398883
58,DFT_CRT,time_scaling,wide,DEoptim,85,2.365431815099047,1,2.7472140622657126,1,1.6510780726524237,4.430952928960323,0.42013536853898126,2.552543643659385,1.2768049764398883
58,DFT_CRT,time_scaling,wide,DEoptim,86,2.365431815099047,1,2.7472140622657126,1,1.6510780726524237,4.430952928960323,0.42013536853898126,2.552543643659385,1.2768049764398883
58,DFT_CRT,time_scaling,wide,DEoptim,87,2.365431815099047,1,2.7472140622657126,1,1.6510780726524237,4.430952928960323,0.42013536853898126,2.552543643659385,1.2768049764398883
58,DFT_CRT,time_scaling,wide,DEoptim,88,2.365431815099047,1,2.7472140622657126,1,1.6510780726524237,4.430952928960323,0.42013536853898126,2.552543643659385,1.2768049764398883
58,DFT_CRT,time_scaling,wide,DEoptim,89,2.365431815099047,1,2.7472140622657126,1,1.6510780726524237,4.430952928960323,0.42013536853898126,2.552543643659385,1.2768049764398883
58,DFT_CRT,time_scaling,wide,DEoptim,90,2.365431815099047,1,2.7472140622657126,1,1.6510780726524237,4.430952928960323,0.42013536853898126,2.552543643659385,1.2768049764398883
58,DFT_CRT,time_scaling,wide,DEoptim,91,2.365431815099047,1,2.7472140622657126,1,1.6510780726524237,4.430952928960323,0.42013536853898126,2.552543643659385,1.2768049764398883
58,DFT_CRT,time_scaling,wide,DEoptim,92,2.365431815099047,1,2.7472140622657126,1,1.6510780726524237,4.430952928960323,0.42013536853898126,2.552543643659385,1.2768049764398883
58,DFT_CRT,time_scaling,wide,DEoptim,93,2.365431815099047,1,2.7472140622657126,1,1.6510780726524237,4.430952928960323,0.42013536853898126,2.552543643659385,1.2768049764398883
58,DFT_CRT,time_scaling,wide,DEoptim,94,2.396032107169715,1,2.7532503382546722,1,2.3183584236953547,7.661451022140682,0.4771117093339169,2.4559715691776103,1.3366798792597558
58,DFT_CRT,time_scaling,wide,DEoptim,95,2.396032107169715,1,2.7532503382546722,1,2.3183584236953547,7.661451022140682,0.4771117093339169,2.4559715691776103,1.3366798792597558
58,DFT_CRT,time_scaling,wide,DEoptim,96,2.396032107169715,1,2.7532503382546722,1,2.3183584236953547,7.661451022140682,0.4771117093339169,2.4559715691776103,1.3366798792597558
58,DFT_CRT,time_scaling,wide,DEoptim,97,2.396032107169715,1,2.7532503382546722,1,2.3183584236953547,7.661451022140682,0.4771117093339169,2.4559715691776103,1.3366798792597558
58,DFT_CRT,time_scaling,wide,DEoptim,98,2.396032107169715,1,2.7532503382546722,1,2.3183584236953547,7.661451022140682,0.4771117093339169,2.4559715691776103,1.3366798792597558
58,DFT_CRT,time_scaling,wide,DEoptim,99,2.396032107169715,1,2.7532503382546722,1,2.3183584236953547,7.661451022140682,0.4771117093339169,2.4559715691776103,1.3366798792597558
58,DFT_CRT,time_scaling,wide,DEoptim,100,2.396032107169715,1,2.7532503382546722,1,2.3183584236953547,7.661451022140682,0.4771117093339169,2.4559715691776103,1.3366798792597558
58,DFT_CRT,time_scaling,wide,DEoptim,101,2.396032107169715,1,2.7532503382546722,1,2.3183584236953547,7.661451022140682,0.4771117093339169,2.4559715691776103,1.3366798792597558
58,DFT_CRT,time_scaling,wide,DEoptim,102,2.396032107169715,1,2.7532503382546722,1,2.3183584236953547,7.661451022140682,0.4771117093339169,2.4559715691776103,1.3366798792597558
58,DFT_CRT,time_scaling,wide,DEoptim,103,2.396032107169715,1,2.7532503382546722,1,2.3183584236953547,7.661451022140682,0.4771117093339169,2.4559715691776103,1.3366798792597558
58,DFT_CRT,time_scaling,wide,DEoptim,104,2.396032107169715,1,2.7532503382546722,1,2.3183584236953547,7.661451022140682,0.4771117093339169,2.4559715691776103,1.3366798792597558
58,DFT_CRT,time_scaling,wide,DEoptim,105,2.396032107169715,1,2.7532503382546722,1,2.3183584236953547,7.661451022140682,0.4771117093339169,2.4559715691776103,1.3366798792597558
58,DFT_CRT,time_scaling,wide,DEoptim,106,2.396032107169715,1,2.7532503382546722,1,2.3183584236953547,7.661451022140682,0.4771117093339169,2.4559715691776103,1.3366798792597558
58,DFT_CRT,time_scaling,wide,DEoptim,107,2.396032107169715,1,2.7532503382546722,1,2.3183584236953547,7.661451022140682,0.4771117093339169,2.4559715691776103,1.3366798792597558
58,DFT_CRT,time_scaling,wide,DEoptim,108,2.4046596554523263,1,2.7822100384338877,1,2.560912716712316,6.570973312635657,0.5000964252173409,2.4442454793058985,1.3090705270096077
58,DFT_CRT,time_scaling,wide,DEoptim,109,2.4046596554523263,1,2.7822100384338877,1,2.560912716712316,6.570973312635657,0.5000964252173409,2.4442454793058985,1.3090705270096077
58,DFT_CRT,time_scaling,wide,DEoptim,110,2.4046596554523263,1,2.7822100384338877,1,2.560912716712316,6.570973312635657,0.5000964252173409,2.4442454793058985,1.3090705270096077
58,DFT_CRT,time_scaling,wide,DEoptim,111,2.4046596554523263,1,2.7822100384338877,1,2.560912716712316,6.570973312635657,0.5000964252173409,2.4442454793058985,1.3090705270096077
58,DFT_CRT,time_scaling,wide,DEoptim,112,2.6997885438545786,1,2.9765572072257465,1,2.433484531231259,7.505658665668506,0.3730165393039134,2.509364154197126,1.295459037434105
58,DFT_CRT,time_scaling,wide,DEoptim,113,2.6997885438545786,1,2.9765572072257465,1,2.433484531231259,7.505658665668506,0.3730165393039134,2.509364154197126,1.295459037434105
58,DFT_CRT,time_scaling,wide,DEoptim,114,2.6997885438545786,1,2.9765572072257465,1,2.433484531231259,7.505658665668506,0.3730165393039134,2.509364154197126,1.295459037434105
58,DFT_CRT,time_scaling,wide,DEoptim,115,2.6997885438545786,1,2.9765572072257465,1,2.433484531231259,7.505658665668506,0.3730165393039134,2.509364154197126,1.295459037434105
58,DFT_CRT,time_scaling,wide,DEoptim,116,2.6997885438545786,1,2.9765572072257465,1,2.433484531231259,7.505658665668506,0.3730165393039134,2.509364154197126,1.295459037434105
58,DFT_CRT,time_scaling,wide,DEoptim,117,2.6997885438545786,1,2.9765572072257465,1,2.433484531231259,6.6059209515327515,0.3730165393039134,2.509364154197126,1.295459037434105
58,DFT_CRT,time_scaling,wide,DEoptim,118,2.558205100923819,1,2.91569646387618,1,2.1795473711726667,4.290613550582446,0.41194482569204616,2.4603128948195496,1.305821504081374
58,DFT_CRT,time_scaling,wide,DEoptim,119,2.558205100923819,1,2.91569646387618,1,2.1795473711726667,4.290613550582446,0.41194482569204616,2.4603128948195496,1.305821504081374
58,DFT_CRT,time_scaling,wide,DEoptim,120,2.558205100923819,1,2.91569646387618,1,2.1795473711726667,4.290613550582446,0.41194482569204616,2.4603128948195496,1.305821504081374
58,DFT_CRT,time_scaling,wide,DEoptim,121,2.558205100923819,1,2.91569646387618,1,2.1795473711726667,4.290613550582446,0.41194482569204616,2.4603128948195496,1.305821504081374
58,DFT_CRT,time_scaling,wide,DEoptim,122,2.558205100923819,1,2.91569646387618,1,2.1795473711726667,4.290613550582446,0.41194482569204616,2.4603128948195496,1.305821504081374
58,DFT_CRT,time_scaling,wide,DEoptim,123,2.5352044959410156,1,2.992288771713239,1,1.9643447652443085,4.497092408087754,0.42397987621045785,2.5715448419645273,1.308907041011213
58,DFT_CRT,time_scaling,wide,DEoptim,124,2.5352044959410156,1,2.992288771713239,1,1.9643447652443085,4.497092408087754,0.4298804204810479,2.5715448419645273,1.308907041011213
58,DFT_CRT,time_scaling,wide,DEoptim,125,2.5352044959410156,1,2.992288771713239,1,1.9643447652443085,4.497092408087754,0.4298804204810479,2.5715448419645273,1.308907041011213
58,DFT_CRT,time_scaling,wide,DEoptim,126,2.5352044959410156,1,2.992288771713239,1,1.9643447652443085,4.497092408087754,0.4298804204810479,2.5715448419645273,1.308907041011213
58,DFT_CRT,time_scaling,wide,DEoptim,127,2.5352044959410156,1,2.992288771713239,1,1.9643447652443085,4.497092408087754,0.4298804204810479,2.5715448419645273,1.308907041011213
58,DFT_CRT,time_scaling,wide,DEoptim,128,2.5352044959410156,1,2.992288771713239,1,1.9643447652443085,4.497092408087754,0.4298804204810479,2.5715448419645273,1.308907041011213
58,DFT_CRT,time_scaling,wide,DEoptim,129,2.5352044959410156,1,2.992288771713239,1,1.9643447652443085,4.497092408087754,0.4298804204810479,2.5715448419645273,1.308907041011213
58,DFT_CRT,time_scaling,wide,DEoptim,130,2.5352044959410156,1,2.992288771713239,1,1.9643447652443085,4.497092408087754,0.4298804204810479,2.5715448419645273,1.308907041011213
58,DFT_CRT,time_scaling,wide,DEoptim,131,2.5352044959410156,1,2.992288771713239,1,1.9643447652443085,4.497092408087754,0.4298804204810479,2.5715448419645273,1.308907041011213
58,DFT_CRT,time_scaling,wide,DEoptim,132,2.5352044959410156,1,2.914915008111511,1,1.9643447652443085,4.497092408087754,0.4298804204810479,2.5715448419645273,1.308907041011213
58,DFT_CRT,time_scaling,wide,DEoptim,133,2.5352044959410156,1,2.914915008111511,1,1.9643447652443085,4.497092408087754,0.4298804204810479,2.5715448419645273,1.308907041011213
58,DFT_CRT,time_scaling,wide,DEoptim,134,2.5352044959410156,1,2.914915008111511,1,1.9643447652443085,4.497092408087754,0.4298804204810479,2.5715448419645273,1.308907041011213
58,DFT_CRT,time_scaling,wide,DEoptim,135,2.5352044959410156,1,2.914915008111511,1,1.9643447652443085,4.497092408087754,0.4298804204810479,2.5715448419645273,1.308907041011213
58,DFT_CRT,time_scaling,wide,DEoptim,136,2.5352044959410156,1,2.914915008111511,1,1.9643447652443085,4.497092408087754,0.4298804204810479,2.5715448419645273,1.308907041011213
58,DFT_CRT,time_scaling,wide,DEoptim,137,2.5352044959410156,1,2.914915008111511,1,1.9643447652443085,4.497092408087754,0.4298804204810479,2.5715448419645273,1.308907041011213
58,DFT_CRT,time_scaling,wide,DEoptim,138,2.5352044959410156,1,2.914915008111511,1,1.9643447652443085,4.497092408087754,0.4298804204810479,2.5715448419645273,1.308907041011213
58,DFT_CRT,time_scaling,wide,DEoptim,139,2.5352044959410156,1,2.914915008111511,1,1.9643447652443085,4.497092408087754,0.4298804204810479,2.557121784687047,1.308907041011213
58,DFT_CRT,time_scaling,wide,DEoptim,140,2.5352044959410156,1,2.914915008111511,1,1.9643447652443085,4.497092408087754,0.4298804204810479,2.557121784687047,1.308907041011213
58,DFT_CRT,time_scaling,wide,DEoptim,141,2.5352044959410156,1,2.914915008111511,1,1.9643447652443085,4.497092408087754,0.4298804204810479,2.557121784687047,1.308907041011213
58,DFT_CRT,time_scaling,wide,DEoptim,142,2.5352044959410156,1,2.914915008111511,1,1.9643447652443085,4.497092408087754,0.4298804204810479,2.500719808405345,1.3096385526587848
58,DFT_CRT,time_scaling,wide,DEoptim,143,2.5352044959410156,1,2.914915008111511,1,1.9643447652443085,4.497092408087754,0.4298804204810479,2.500719808405345,1.3096385526587848
58,DFT_CRT,time_scaling,wide,DEoptim,144,2.5352044959410156,1,2.914915008111511,1,1.9643447652443085,4.497092408087754,0.4298804204810479,2.500719808405345,1.3096385526587848
58,DFT_CRT,time_scaling,wide,DEoptim,145,2.5352044959410156,1,2.914915008111511,1,1.9643447652443085,4.497092408087754,0.4298804204810479,2.500719808405345,1.3096385526587848
58,DFT_CRT,time_scaling,wide,DEoptim,146,2.5352044959410156,1,2.914915008111511,1,1.9643447652443085,4.497092408087754,0.4298804204810479,2.500719808405345,1.3096385526587848
58,DFT_CRT,time_scaling,wide,DEoptim,147,2.5352044959410156,1,2.914915008111511,1,1.9643447652443085,4.497092408087754,0.4298804204810479,2.500719808405345,1.3222205291624813
58,DFT_CRT,time_scaling,wide,DEoptim,148,2.5352044959410156,1,2.914915008111511,1,1.9643447652443085,4.497092408087754,0.4298804204810479,2.500719808405345,1.3222205291624813
58,DFT_CRT,time_scaling,wide,DEoptim,149,2.5352044959410156,1,2.914915008111511,1,1.9643447652443085,4.497092408087754,0.4298804204810479,2.500719808405345,1.3222205291624813
58,DFT_CRT,time_scaling,wide,DEoptim,150,2.5352044959410156,1,2.914915008111511,1,1.9643447652443085,4.497092408087754,0.4298804204810479,2.500719808405345,1.3222205291624813
58,DFT_CRT,time_scaling,wide,DEoptim,151,2.5352044959410156,1,2.914915008111511,1,1.9643447652443085,4.497092408087754,0.4298804204810479,2.500719808405345,1.3222205291624813
58,DFT_CRT,time_scaling,wide,DEoptim,152,2.5791141404334206,1,2.9765572072257465,1,2.433484531231259,6.6059209515327515,0.43233904329665684,2.534877813497882,1.3111258939778072
58,DFT_CRT,time_scaling,wide,DEoptim,153,2.5791141404334206,1,2.9765572072257465,1,2.433484531231259,6.6059209515327515,0.43233904329665684,2.534877813497882,1.3111258939778072
58,DFT_CRT,time_scaling,wide,DEoptim,154,2.5791141404334206,1,2.9765572072257465,1,2.433484531231259,6.6059209515327515,0.43233904329665684,2.534877813497882,1.3111258939778072
58,DFT_CRT,time_scaling,wide,DEoptim,155,2.5791141404334206,1,2.9765572072257465,1,2.433484531231259,6.6059209515327515,0.43233904329665684,2.534877813497882,1.3111258939778072
58,DFT_CRT,time_scaling,wide,DEoptim,156,2.5791141404334206,1,2.9765572072257465,1,2.433484531231259,6.6059209515327515,0.43233904329665684,2.534877813497882,1.3111258939778072
58,DFT_CRT,time_scaling,wide,DEoptim,157,2.620801123371514,1,2.989174845338533,1,1.9643447652443085,4.497092408087754,0.4298804204810479,2.500719808405345,1.3222205291624813
58,DFT_CRT,time_scaling,wide,DEoptim,158,2.620801123371514,1,2.989174845338533,1,1.9643447652443085,4.497092408087754,0.4298804204810479,2.500719808405345,1.3222205291624813
58,DFT_CRT,time_scaling,wide,DEoptim,159,2.620801123371514,1,2.989174845338533,1,1.9643447652443085,4.497092408087754,0.4298804204810479,2.500719808405345,1.3222205291624813
58,DFT_CRT,time_scaling,wide,DEoptim,160,2.620801123371514,1,2.989174845338533,1,1.9643447652443085,4.497092408087754,0.4298804204810479,2.500719808405345,1.3222205291624813
58,DFT_CRT,time_scaling,wide,DEoptim,161,2.620801123371514,1,2.989174845338533,1,1.9643447652443085,4.497092408087754,0.4298804204810479,2.500719808405345,1.3222205291624813
58,DFT_CRT,time_scaling,wide,DEoptim,162,2.620801123371514,1,2.989174845338533,1,1.9643447652443085,4.497092408087754,0.4298804204810479,2.500719808405345,1.3222205291624813
58,DFT_CRT,time_scaling,wide,DEoptim,163,2.620801123371514,1,2.989174845338533,1,1.9643447652443085,4.497092408087754,0.4298804204810479,2.500719808405345,1.3222205291624813
58,DFT_CRT,time_scaling,wide,DEoptim,164,2.620801123371514,1,2.989174845338533,1,1.9643447652443085,4.497092408087754,0.4298804204810479,2.500719808405345,1.3222205291624813
58,DFT_CRT,time_scaling,wide,DEoptim,165,2.620801123371514,1,2.989174845338533,1,1.9643447652443085,4.497092408087754,0.4298804204810479,2.500719808405345,1.3222205291624813
58,DFT_CRT,time_scaling,wide,DEoptim,166,2.620801123371514,1,2.989174845338533,1,1.9643447652443085,4.497092408087754,0.4298804204810479,2.500719808405345,1.3222205291624813
58,DFT_CRT,time_scaling,wide,DEoptim,167,2.620801123371514,1,2.989174845338533,1,1.9643447652443085,4.497092408087754,0.4298804204810479,2.500719808405345,1.3222205291624813
58,DFT_CRT,time_scaling,wide,DEoptim,168,2.620801123371514,1,2.989174845338533,1,1.9643447652443085,4.497092408087754,0.4298804204810479,2.500719808405345,1.3222205291624813
58,DFT_CRT,time_scaling,wide,DEoptim,169,2.620801123371514,1,2.989174845338533,1,1.9643447652443085,4.497092408087754,0.4298804204810479,2.500719808405345,1.3222205291624813
58,DFT_CRT,time_scaling,wide,DEoptim,170,2.5791141404334206,1,2.9765572072257465,1,2.241172679604948,5.4952507428847905,0.43233904329665684,2.534877813497882,1.3111258939778072
58,DFT_CRT,time_scaling,wide,DEoptim,171,2.5791141404334206,1,2.9765572072257465,1,2.241172679604948,5.4952507428847905,0.43233904329665684,2.534877813497882,1.3111258939778072
58,DFT_CRT,time_scaling,wide,DEoptim,172,2.5791141404334206,1,2.9765572072257465,1,2.241172679604948,5.4952507428847905,0.43233904329665684,2.534877813497882,1.3111258939778072
58,DFT_CRT,time_scaling,wide,DEoptim,173,2.5791141404334206,1,2.9765572072257465,1,2.241172679604948,5.4952507428847905,0.43233904329665684,2.534877813497882,1.3111258939778072
58,DFT_CRT,time_scaling,wide,DEoptim,174,2.5791141404334206,1,2.9765572072257465,1,2.241172679604948,5.4952507428847905,0.43233904329665684,2.534877813497882,1.3111258939778072
58,DFT_CRT,time_scaling,wide,DEoptim,175,2.5791141404334206,1,2.9765572072257465,1,2.241172679604948,5.4952507428847905,0.43233904329665684,2.534877813497882,1.3111258939778072
58,DFT_CRT,time_scaling,wide,DEoptim,176,2.5791141404334206,1,2.9765572072257465,1,2.241172679604948,5.4952507428847905,0.43233904329665684,2.534877813497882,1.3111258939778072
58,DFT_CRT,time_scaling,wide,DEoptim,177,2.5791141404334206,1,2.9765572072257465,1,2.241172679604948,5.4952507428847905,0.43233904329665684,2.534877813497882,1.3111258939778072
58,DFT_CRT,time_scaling,wide,DEoptim,178,2.5791141404334206,1,2.9765572072257465,1,2.136546591168116,4.591447072224087,0.43233904329665684,2.534877813497882,1.3111258939778072
58,DFT_CRT,time_scaling,wide,DEoptim,179,2.6100495104483654,1,2.983715839746132,1,2.144752290882522,4.662170977128763,0.42083514910175135,2.4932846449110593,1.3167396601377501
58,DFT_CRT,time_scaling,wide,DEoptim,180,2.6100495104483654,1,2.983715839746132,1,2.144752290882522,4.662170977128763,0.42083514910175135,2.4932846449110593,1.3167396601377501
58,DFT_CRT,time_scaling,wide,DEoptim,181,2.6100495104483654,1,2.983715839746132,1,2.144752290882522,4.662170977128763,0.42083514910175135,2.4932846449110593,1.3167396601377501
58,DFT_CRT,time_scaling,wide,DEoptim,182,2.6100495104483654,1,2.983715839746132,1,2.144752290882522,4.662170977128763,0.42083514910175135,2.4932846449110593,1.3167396601377501
58,DFT_CRT,time_scaling,wide,DEoptim,183,2.6100495104483654,1,2.983715839746132,1,2.144752290882522,4.662170977128763,0.42083514910175135,2.4932846449110593,1.3167396601377501
58,DFT_CRT,time_scaling,wide,DEoptim,184,2.6100495104483654,1,2.983715839746132,1,2.144752290882522,4.662170977128763,0.42083514910175135,2.4932846449110593,1.3167396601377501
58,DFT_CRT,time_scaling,wide,DEoptim,185,2.6100495104483654,1,2.983715839746132,1,2.144752290882522,4.662170977128763,0.42083514910175135,2.4932846449110593,1.3167396601377501
58,DFT_CRT,time_scaling,wide,DEoptim,186,2.6100495104483654,1,2.983715839746132,1,2.144752290882522,4.662170977128763,0.42083514910175135,2.4932846449110593,1.3167396601377501
58,DFT_CRT,time_scaling,wide,DEoptim,187,2.6100495104483654,1,2.983715839746132,1,2.144752290882522,4.662170977128763,0.42083514910175135,2.4932846449110593,1.3167396601377501
58,DFT_CRT,time_scaling,wide,DEoptim,188,2.6100495104483654,1,2.983715839746132,1,2.144752290882522,4.662170977128763,0.42083514910175135,2.4932846449110593,1.3167396601377501
58,DFT_CRT,time_scaling,wide,DEoptim,189,2.6100495104483654,1,2.983715839746132,1,2.144752290882522,4.662170977128763,0.42083514910175135,2.4932846449110593,1.3167396601377501
58,DFT_CRT,time_scaling,wide,DEoptim,190,2.5791141404334206,1,2.998411710726095,1,1.8121816696733655,4.591447072224087,0.43233904329665684,2.534877813497882,1.3111258939778072
58,DFT_CRT,time_scaling,wide,DEoptim,191,2.5791141404334206,1,2.998411710726095,1,1.8121816696733655,4.591447072224087,0.43233904329665684,2.534877813497882,1.3111258939778072
58,DFT_CRT,time_scaling,wide,DEoptim,192,2.5791141404334206,1,2.998411710726095,1,1.8121816696733655,4.591447072224087,0.43233904329665684,2.534877813497882,1.3111258939778072
58,DFT_CRT,time_scaling,wide,DEoptim,193,2.5847184367235556,1,2.989174845338533,1,1.9643447652443085,4.497092408087754,0.4298804204810479,2.500719808405345,1.3124406471698984
58,DFT_CRT,time_scaling,wide,DEoptim,194,2.5847184367235556,1,2.989174845338533,1,1.9643447652443085,4.497092408087754,0.4298804204810479,2.500719808405345,1.3124406471698984
58,DFT_CRT,time_scaling,wide,DEoptim,195,2.5847184367235556,1,2.989174845338533,1,1.9643447652443085,4.497092408087754,0.4298804204810479,2.500719808405345,1.3124406471698984
58,DFT_CRT,time_scaling,wide,DEoptim,196,2.5847184367235556,1,2.989174845338533,1,1.9643447652443085,4.497092408087754,0.4298804204810479,2.500719808405345,1.3124406471698984
58,DFT_CRT,time_scaling,wide,DEoptim,197,2.5847184367235556,1,2.989174845338533,1,1.9643447652443085,4.497092408087754,0.4298804204810479,2.500719808405345,1.3124406471698984
58,DFT_CRT,time_scaling,wide,DEoptim,198,2.5847184367235556,1,2.989174845338533,1,1.9643447652443085,4.497092408087754,0.4298804204810479,2.500719808405345,1.3124406471698984
58,DFT_CRT,time_scaling,wide,DEoptim,199,2.5847184367235556,1,2.989174845338533,1,1.9643447652443085,4.497092408087754,0.4298804204810479,2.500719808405345,1.3124406471698984
58,DFT_CRT,time_scaling,wide,DEoptim,200,2.5847184367235556,1,2.989174845338533,1,1.9643447652443085,4.497092408087754,0.4298804204810479,2.500719808405345,1.3124406471698984
58,DFT_CRT,time_scaling,wide,DEoptim,201,2.5847184367235556,1,2.989174845338533,1,1.9643447652443085,4.497092408087754,0.4298804204810479,2.5100001521769326,1.3124406471698984
58,DFT_CRT,time_scaling,wide,DEoptim,202,2.5847184367235556,1,2.989174845338533,1,1.9643447652443085,4.497092408087754,0.4298804204810479,2.5100001521769326,1.3124406471698984
58,DFT_CRT,time_scaling,wide,DEoptim,203,2.5847184367235556,1,2.989174845338533,1,1.9643447652443085,4.497092408087754,0.4298804204810479,2.5100001521769326,1.3124406471698984
58,DFT_CRT,time_scaling,wide,DEoptim,204,2.5847184367235556,1,2.989174845338533,1,1.9643447652443085,4.497092408087754,0.4298804204810479,2.5100001521769326,1.3124406471698984
58,DFT_CRT,time_scaling,wide,DEoptim,205,2.5791141404334206,1,2.998411710726095,1,1.8121816696733655,4.591447072224087,0.43562414307359465,2.5296232383454327,1.3075704800434902
58,DFT_CRT,time_scaling,wide,DEoptim,206,2.5791141404334206,1,2.998411710726095,1,1.8121816696733655,4.591447072224087,0.43562414307359465,2.5296232383454327,1.3075704800434902
58,DFT_CRT,time_scaling,wide,DEoptim,207,2.5791141404334206,1,2.998411710726095,1,1.8121816696733655,4.591447072224087,0.43562414307359465,2.5296232383454327,1.3075704800434902
58,DFT_CRT,time_scaling,wide,DEoptim,208,2.5791141404334206,1,2.998411710726095,1,1.8121816696733655,4.591447072224087,0.43562414307359465,2.5296232383454327,1.3075704800434902
58,DFT_CRT,time_scaling,wide,DEoptim,209,2.5791141404334206,1,2.998411710726095,1,1.8121816696733655,4.591447072224087,0.43562414307359465,2.5296232383454327,1.3075704800434902
58,DFT_CRT,time_scaling,wide,DEoptim,210,2.5791141404334206,1,2.998411710726095,1,1.8121816696733655,4.591447072224087,0.43562414307359465,2.5296232383454327,1.3075704800434902
58,DFT_CRT,time_scaling,wide,DEoptim,211,2.5791141404334206,1,2.998411710726095,1,1.8121816696733655,4.591447072224087,0.43562414307359465,2.5296232383454327,1.3075704800434902
58,DFT_CRT,time_scaling,wide,DEoptim,212,2.5791141404334206,1,2.998411710726095,1,1.8121816696733655,4.591447072224087,0.43562414307359465,2.5296232383454327,1.3075704800434902
58,DFT_CRT,time_scaling,wide,DEoptim,213,2.5932006581731564,1,2.993678779150649,1,1.9607417357008738,4.555072288917067,0.42863551265699307,2.4989133171011817,1.318675307475847
58,DFT_CRT,time_scaling,wide,DEoptim,214,2.5932006581731564,1,2.993678779150649,1,1.9607417357008738,4.555072288917067,0.42863551265699307,2.4989133171011817,1.318675307475847
58,DFT_CRT,time_scaling,wide,DEoptim,215,2.5932006581731564,1,2.993678779150649,1,1.9607417357008738,4.555072288917067,0.42863551265699307,2.4989133171011817,1.318675307475847
58,DFT_CRT,time_scaling,wide,DEoptim,216,2.5932006581731564,1,2.993678779150649,1,1.9607417357008738,4.555072288917067,0.42863551265699307,2.4989133171011817,1.318675307475847
58,DFT_CRT,time_scaling,wide,DEoptim,217,2.5932006581731564,1,2.993678779150649,1,1.9607417357008738,4.555072288917067,0.42863551265699307,2.4989133171011817,1.318675307475847
58,DFT_CRT,time_scaling,wide,DEoptim,218,2.5932006581731564,1,2.993678779150649,1,1.9607417357008738,4.555072288917067,0.42863551265699307,2.4989133171011817,1.318675307475847
58,DFT_CRT,time_scaling,wide,DEoptim,219,2.5932006581731564,1,2.993678779150649,1,1.9607417357008738,4.555072288917067,0.42863551265699307,2.4989133171011817,1.318675307475847
58,DFT_CRT,time_scaling,wide,DEoptim,220,2.5932006581731564,1,2.993678779150649,1,1.9607417357008738,4.555072288917067,0.42863551265699307,2.4989133171011817,1.318675307475847
58,DFT_CRT,time_scaling,wide,DEoptim,221,2.5932006581731564,1,2.993678779150649,1,1.9607417357008738,4.555072288917067,0.42863551265699307,2.4989133171011817,1.318675307475847
58,DFT_CRT,time_scaling,wide,DEoptim,222,2.5932006581731564,1,2.993678779150649,1,1.9607417357008738,4.555072288917067,0.42863551265699307,2.4989133171011817,1.318675307475847
58,DFT_CRT,time_scaling,wide,DEoptim,223,2.589046427476921,1,2.9976601033708605,1,2.169824861413801,5.857085436231642,0.4403700586744109,2.4777374153594613,1.3228710279322875
58,DFT_CRT,time_scaling,wide,DEoptim,224,2.5932006581731564,1,2.993678779150649,1,2.30395202149368,5.327511844979009,0.44073029670182495,2.4989133171011817,1.318675307475847
58,DFT_CRT,time_scaling,wide,DEoptim,225,2.5932006581731564,1,2.993678779150649,1,2.30395202149368,5.327511844979009,0.44073029670182495,2.4989133171011817,1.318675307475847
58,DFT_CRT,time_scaling,wide,DEoptim,226,2.5932006581731564,1,2.993678779150649,1,2.30395202149368,5.327511844979009,0.44073029670182495,2.4989133171011817,1.318675307475847
58,DFT_CRT,time_scaling,wide,DEoptim,227,2.5932006581731564,1,2.993678779150649,1,2.30395202149368,5.327511844979009,0.44073029670182495,2.4989133171011817,1.318675307475847
58,DFT_CRT,time_scaling,wide,DEoptim,228,2.5932006581731564,1,2.993678779150649,1,2.30395202149368,5.327511844979009,0.44073029670182495,2.4989133171011817,1.318675307475847
58,DFT_CRT,time_scaling,wide,DEoptim,229,2.5932006581731564,1,2.993678779150649,1,2.30395202149368,5.327511844979009,0.44073029670182495,2.4989133171011817,1.318675307475847
58,DFT_CRT,time_scaling,wide,DEoptim,230,2.608169287976932,1,2.9987817064728928,1,2.3154217275164344,5.489783075492254,0.43710757316415516,2.512818122577332,1.3148977867221645
58,DFT_CRT,time_scaling,wide,DEoptim,231,2.608169287976932,1,2.9987817064728928,1,2.3154217275164344,5.489783075492254,0.43710757316415516,2.512818122577332,1.3148977867221645
58,DFT_CRT,time_scaling,wide,DEoptim,232,2.608169287976932,1,2.9987817064728928,1,2.3154217275164344,5.489783075492254,0.43710757316415516,2.512818122577332,1.3148977867221645
58,DFT_CRT,time_scaling,wide,DEoptim,233,2.608169287976932,1,2.9987817064728928,1,2.3154217275164344,5.489783075492254,0.43710757316415516,2.512818122577332,1.3148977867221645
58,DFT_CRT,time_scaling,wide,DEoptim,234,2.608169287976932,1,2.9987817064728928,1,2.3154217275164344,5.489783075492254,0.43710757316415516,2.512818122577332,1.3148977867221645
58,DFT_CRT,time_scaling,wide,DEoptim,235,2.5932006581731564,1,2.993678779150649,1,2.2406129979414824,5.327511844979009,0.4454115634042175,2.4989133171011817,1.318675307475847
58,DFT_CRT,time_scaling,wide,DEoptim,236,2.5932006581731564,1,2.993678779150649,1,2.2406129979414824,5.327511844979009,0.4454115634042175,2.4989133171011817,1.318675307475847
58,DFT_CRT,time_scaling,wide,DEoptim,237,2.5932006581731564,1,2.993678779150649,1,2.2406129979414824,5.327511844979009,0.4454115634042175,2.4989133171011817,1.318675307475847
58,DFT_CRT,time_scaling,wide,DEoptim,238,2.5932006581731564,1,2.993678779150649,1,2.2406129979414824,5.327511844979009,0.4454115634042175,2.4989133171011817,1.318675307475847
58,DFT_CRT,time_scaling,wide,DEoptim,239,2.5932006581731564,1,2.993678779150649,1,2.2406129979414824,5.327511844979009,0.4454115634042175,2.4989133171011817,1.318675307475847
58,DFT_CRT,time_scaling,wide,DEoptim,240,2.5932006581731564,1,2.993678779150649,1,2.2406129979414824,5.327511844979009,0.4454115634042175,2.4989133171011817,1.318675307475847
58,DFT_CRT,time_scaling,wide,DEoptim,241,2.5932006581731564,1,2.993678779150649,1,2.2406129979414824,5.327511844979009,0.4454115634042175,2.4989133171011817,1.3154896121695046
58,DFT_CRT,time_scaling,wide,DEoptim,242,2.5932006581731564,1,2.993678779150649,1,2.2406129979414824,5.327511844979009,0.4454115634042175,2.4989133171011817,1.3154896121695046
58,DFT_CRT,time_scaling,wide,DEoptim,243,2.5932006581731564,1,2.993678779150649,1,2.2406129979414824,5.327511844979009,0.4454115634042175,2.4989133171011817,1.3154896121695046
58,DFT_CRT,time_scaling,wide,DEoptim,244,2.5932006581731564,1,2.993678779150649,1,2.2406129979414824,5.327511844979009,0.4454115634042175,2.4989133171011817,1.3154896121695046
58,DFT_CRT,time_scaling,wide,DEoptim,245,2.5932006581731564,1,2.993678779150649,1,2.2406129979414824,5.327511844979009,0.4454115634042175,2.4989133171011817,1.3154896121695046
58,DFT_CRT,time_scaling,wide,DEoptim,246,2.5932006581731564,1,2.993678779150649,1,2.2406129979414824,5.327511844979009,0.4454115634042175,2.4989133171011817,1.3154896121695046
58,DFT_CRT,time_scaling,wide,DEoptim,247,2.608169287976932,1,2.9987817064728928,1,2.3154217275164344,5.489783075492254,0.4510061155184232,2.512818122577332,1.3148977867221645
58,DFT_CRT,time_scaling,wide,DEoptim,248,2.608169287976932,1,2.9987817064728928,1,2.3154217275164344,5.489783075492254,0.4510061155184232,2.512818122577332,1.3148977867221645
58,DFT_CRT,time_scaling,wide,DEoptim,249,2.608169287976932,1,2.9987817064728928,1,2.3154217275164344,5.489783075492254,0.4510061155184232,2.512818122577332,1.3148977867221645
58,DFT_CRT,time_scaling,wide,DEoptim,250,2.608169287976932,1,2.9987817064728928,1,2.3154217275164344,5.489783075492254,0.4510061155184232,2.512818122577332,1.3148977867221645
58,DFT_CRT,time_scaling,wide,DEoptim,251,2.608169287976932,1,2.9987817064728928,1,2.3154217275164344,5.489783075492254,0.4510061155184232,2.512818122577332,1.3148977867221645
58,DFT_CRT,time_scaling,wide,DEoptim,252,2.5967697010727258,1,2.9980982638336573,1,2.199208403595803,5.818566957692831,0.44711307387344473,2.5053529072583345,1.3151752020170302
58,DFT_CRT,time_scaling,wide,DEoptim,253,2.5967697010727258,1,2.9980982638336573,1,2.199208403595803,5.818566957692831,0.44711307387344473,2.5053529072583345,1.3151752020170302
58,DFT_CRT,time_scaling,wide,DEoptim,254,2.5967697010727258,1,2.9980982638336573,1,2.199208403595803,5.818566957692831,0.44711307387344473,2.5053529072583345,1.3151752020170302
58,DFT_CRT,time_scaling,wide,DEoptim,255,2.5967697010727258,1,2.9980982638336573,1,2.199208403595803,5.818566957692831,0.44711307387344473,2.5053529072583345,1.3151752020170302
58,DFT_CRT,time_scaling,wide,DEoptim,256,2.5967697010727258,1,2.9980982638336573,1,2.199208403595803,5.818566957692831,0.44711307387344473,2.5053529072583345,1.3151752020170302
58,DFT_CRT,time_scaling,wide,DEoptim,257,2.5967697010727258,1,2.9980982638336573,1,2.199208403595803,5.818566957692831,0.44711307387344473,2.5053529072583345,1.3151752020170302
58,DFT_CRT,time_scaling,wide,DEoptim,258,2.5967697010727258,1,2.9980982638336573,1,2.199208403595803,5.818566957692831,0.44711307387344473,2.5053529072583345,1.3151752020170302
58,DFT_CRT,time_scaling,wide,DEoptim,259,2.5967697010727258,1,2.9980982638336573,1,2.199208403595803,5.818566957692831,0.44711307387344473,2.5053529072583345,1.3151752020170302
58,DFT_CRT,time_scaling,wide,DEoptim,260,2.5967697010727258,1,2.9980982638336573,1,2.199208403595803,5.818566957692831,0.44711307387344473,2.5053529072583345,1.3151752020170302
58,DFT_CRT,time_scaling,wide,DEoptim,261,2.5967697010727258,1,2.9980982638336573,1,2.199208403595803,5.818566957692831,0.4526137154703183,2.5053529072583345,1.3151752020170302
58,DFT_CRT,time_scaling,wide,DEoptim,262,2.5967697010727258,1,2.9980982638336573,1,2.199208403595803,5.818566957692831,0.4526137154703183,2.5053529072583345,1.3151752020170302
58,DFT_CRT,time_scaling,wide,DEoptim,263,2.594116974376393,1,2.998940313836449,1,2.2774320939592174,5.397842485131619,0.45105000330550143,2.4908156124030496,1.3171976138442136
58,DFT_CRT,time_scaling,wide,DEoptim,264,2.594116974376393,1,2.998940313836449,1,2.2774320939592174,5.397842485131619,0.45105000330550143,2.4908156124030496,1.3171976138442136
58,DFT_CRT,time_scaling,wide,DEoptim,265,2.594116974376393,1,2.998940313836449,1,2.2774320939592174,5.397842485131619,0.45105000330550143,2.4908156124030496,1.3171976138442136
58,DFT_CRT,time_scaling,wide,DEoptim,266,2.594116974376393,1,2.998940313836449,1,2.2774320939592174,5.397842485131619,0.45105000330550143,2.4908156124030496,1.3171976138442136
58,DFT_CRT,time_scaling,wide,DEoptim,267,2.594116974376393,1,2.998940313836449,1,2.2774320939592174,5.397842485131619,0.45105000330550143,2.4908156124030496,1.3171976138442136
58,DFT_CRT,time_scaling,wide,DEoptim,268,2.598331068554267,1,2.998664890126599,1,2.1480566503868035,5.414081344628519,0.44387335165165986,2.483404464332631,1.319952815924298
58,DFT_CRT,time_scaling,wide,DEoptim,269,2.598331068554267,1,2.998664890126599,1,2.1480566503868035,5.414081344628519,0.44387335165165986,2.483404464332631,1.319952815924298
58,DFT_CRT,time_scaling,wide,DEoptim,270,2.598331068554267,1,2.998664890126599,1,2.1480566503868035,5.414081344628519,0.44387335165165986,2.483404464332631,1.319952815924298
58,DFT_CRT,time_scaling,wide,DEoptim,271,2.598331068554267,1,2.998664890126599,1,2.1480566503868035,5.414081344628519,0.44387335165165986,2.483404464332631,1.319952815924298
58,DFT_CRT,time_scaling,wide,DEoptim,272,2.598331068554267,1,2.998664890126599,1,2.1480566503868035,5.414081344628519,0.44387335165165986,2.483404464332631,1.319952815924298
58,DFT_CRT,time_scaling,wide,DEoptim,273,2.609954110536993,1,2.999795593887504,1,2.2313462166119944,5.447630361733349,0.44108801615413723,2.4975555971702685,1.3156956658317842
58,DFT_CRT,time_scaling,wide,DEoptim,274,2.5981683049063267,1,2.99994886568537,1,2.216375770416119,5.7027849526613865,0.44855503488829773,2.4989133171011817,1.3151804976034367
58,DFT_CRT,time_scaling,wide,DEoptim,275,2.5981683049063267,1,2.99994886568537,1,2.216375770416119,5.7027849526613865,0.44855503488829773,2.4989133171011817,1.3151804976034367
58,DFT_CRT,time_scaling,wide,DEoptim,276,2.5981683049063267,1,2.99994886568537,1,2.216375770416119,5.7027849526613865,0.44855503488829773,2.4989133171011817,1.3151804976034367
58,DFT_CRT,time_scaling,wide,DEoptim,277,2.607652706707718,1,2.999978996460669,1,2.2252025214415463,5.774806359390078,0.4458209993784411,2.492418875087398,1.3189017670300012
58,DFT_CRT,time_scaling,wide,DEoptim,278,2.607652706707718,1,2.999978996460669,1,2.2252025214415463,5.774806359390078,0.4458209993784411,2.492418875087398,1.3189017670300012
58,DFT_CRT,time_scaling,wide,DEoptim,279,2.607652706707718,1,2.999978996460669,1,2.2252025214415463,5.774806359390078,0.4458209993784411,2.492418875087398,1.3189017670300012
58,DFT_CRT,time_scaling,wide,DEoptim,280,2.607652706707718,1,2.999978996460669,1,2.2252025214415463,5.774806359390078,0.4458209993784411,2.492418875087398,1.3189017670300012
58,DFT_CRT,time_scaling,wide,DEoptim,281,2.607652706707718,1,2.999978996460669,1,2.2252025214415463,5.774806359390078,0.4458209993784411,2.492418875087398,1.3189017670300012
58,DFT_CRT,time_scaling,wide,DEoptim,282,2.607652706707718,1,2.999978996460669,1,2.2252025214415463,5.774806359390078,0.4458209993784411,2.492418875087398,1.3189017670300012
58,DFT_CRT,time_scaling,wide,DEoptim,283,2.607652706707718,1,2.999978996460669,1,2.2252025214415463,5.774806359390078,0.4458209993784411,2.492418875087398,1.3189017670300012
58,DFT_CRT,time_scaling,wide,DEoptim,284,2.607652706707718,1,2.999978996460669,1,2.2252025214415463,5.774806359390078,0.4458209993784411,2.492418875087398,1.3189017670300012
58,DFT_CRT,time_scaling,wide,DEoptim,285,2.607652706707718,1,2.999978996460669,1,2.2252025214415463,5.774806359390078,0.4458209993784411,2.492418875087398,1.3189017670300012
58,DFT_CRT,time_scaling,wide,DEoptim,286,2.607652706707718,1,2.999978996460669,1,2.2252025214415463,5.774806359390078,0.4458209993784411,2.492418875087398,1.3189017670300012
58,DFT_CRT,time_scaling,wide,DEoptim,287,2.607652706707718,1,2.999978996460669,1,2.2252025214415463,5.774806359390078,0.4458209993784411,2.492418875087398,1.3189017670300012
58,DFT_CRT,time_scaling,wide,DEoptim,288,2.607652706707718,1,2.999978996460669,1,2.2252025214415463,5.774806359390078,0.4458209993784411,2.492418875087398,1.3189017670300012
58,DFT_CRT,time_scaling,wide,DEoptim,289,2.607652706707718,1,2.999978996460669,1,2.2252025214415463,5.774806359390078,0.4458209993784411,2.492418875087398,1.3189017670300012
58,DFT_CRT,time_scaling,wide,DEoptim,290,2.607652706707718,1,2.999978996460669,1,2.2252025214415463,5.774806359390078,0.4458209993784411,2.492418875087398,1.3189017670300012
58,DFT_CRT,time_scaling,wide,DEoptim,291,2.607652706707718,1,2.999978996460669,1,2.2252025214415463,5.774806359390078,0.4458209993784411,2.492418875087398,1.3189017670300012
58,DFT_CRT,time_scaling,wide,DEoptim,292,2.607652706707718,1,2.999978996460669,1,2.2252025214415463,5.774806359390078,0.4458209993784411,2.492418875087398,1.3189017670300012
58,DFT_CRT,time_scaling,wide,DEoptim,293,2.607652706707718,1,2.999978996460669,1,2.2252025214415463,5.774806359390078,0.4458209993784411,2.492418875087398,1.3189017670300012
58,DFT_CRT,time_scaling,wide,DEoptim,294,2.607652706707718,1,2.999978996460669,1,2.2252025214415463,5.774806359390078,0.4458209993784411,2.492418875087398,1.3189017670300012
58,DFT_CRT,time_scaling,wide,DEoptim,295,2.6035127907323585,1,2.999776476931271,1,2.2213161270504336,5.678797615976185,0.4471191327011666,2.489495886596894,1.318164560956468
58,DFT_CRT,time_scaling,wide,DEoptim,296,2.6035127907323585,1,2.999776476931271,1,2.2213161270504336,5.678797615976185,0.4471191327011666,2.489495886596894,1.318164560956468
58,DFT_CRT,time_scaling,wide,DEoptim,297,2.6035127907323585,1,2.999776476931271,1,2.2213161270504336,5.678797615976185,0.4471191327011666,2.489495886596894,1.318164560956468
58,DFT_CRT,time_scaling,wide,DEoptim,298,2.6035127907323585,1,2.999776476931271,1,2.2213161270504336,5.678797615976185,0.4471191327011666,2.489495886596894,1.318164560956468
58,DFT_CRT,time_scaling,wide,DEoptim,299,2.6035127907323585,1,2.999776476931271,1,2.2213161270504336,5.678797615976185,0.4471191327011666,2.489495886596894,1.318164560956468
58,DFT_CRT,time_scaling,wide,DEoptim,300,2.6035127907323585,1,2.999776476931271,1,2.2213161270504336,5.678797615976185,0.4471191327011666,2.489495886596894,1.318164560956468
58,DFT_CRT,time_scaling,wide,DEoptim,301,2.6035127907323585,1,2.999776476931271,1,2.2213161270504336,5.678797615976185,0.4471191327011666,2.489495886596894,1.318164560956468
58,DFT_CRT,time_scaling,wide,DEoptim,302,2.607652706707718,1,2.999978996460669,1,2.2252025214415463,5.701806511230509,0.4451468127265694,2.492418875087398,1.3189017670300012
58,DFT_CRT,time_scaling,wide,DEoptim,303,2.607652706707718,1,2.999978996460669,1,2.2252025214415463,5.701806511230509,0.4451468127265694,2.492418875087398,1.3189017670300012
58,DFT_CRT,time_scaling,wide,DEoptim,304,2.607652706707718,1,2.999978996460669,1,2.2252025214415463,5.701806511230509,0.4451468127265694,2.492418875087398,1.3189017670300012
58,DFT_CRT,time_scaling,wide,DEoptim,305,2.607652706707718,1,2.999978996460669,1,2.2252025214415463,5.701806511230509,0.4451468127265694,2.492418875087398,1.3189017670300012
58,DFT_CRT,time_scaling,wide,DEoptim,306,2.607652706707718,1,2.999978996460669,1,2.2252025214415463,5.701806511230509,0.4451468127265694,2.492418875087398,1.3189017670300012
58,DFT_CRT,time_scaling,wide,DEoptim,307,2.607652706707718,1,2.999978996460669,1,2.2252025214415463,5.701806511230509,0.4451468127265694,2.492418875087398,1.3189017670300012
58,DFT_CRT,time_scaling,wide,DEoptim,308,2.607652706707718,1,2.999978996460669,1,2.2252025214415463,5.701806511230509,0.4451468127265694,2.492418875087398,1.3189017670300012
58,DFT_CRT,time_scaling,wide,DEoptim,309,2.6014280859080117,1,2.9999151278501524,1,2.2093208212244844,5.489783075492254,0.4488575830963418,2.488697355554254,1.3185635548191
58,DFT_CRT,time_scaling,wide,DEoptim,310,2.6014280859080117,1,2.9999151278501524,1,2.2093208212244844,5.489783075492254,0.4488575830963418,2.488697355554254,1.3185635548191
58,DFT_CRT,time_scaling,wide,DEoptim,311,2.6014280859080117,1,2.9999151278501524,1,2.2093208212244844,5.489783075492254,0.4488575830963418,2.488697355554254,1.3185635548191
58,DFT_CRT,time_scaling,wide,DEoptim,312,2.6014280859080117,1,2.9999151278501524,1,2.2093208212244844,5.489783075492254,0.4488575830963418,2.488697355554254,1.3185635548191
58,DFT_CRT,time_scaling,wide,DEoptim,313,2.6014280859080117,1,2.9999151278501524,1,2.2093208212244844,5.489783075492254,0.4488575830963418,2.488697355554254,1.3185635548191
58,DFT_CRT,time_scaling,wide,DEoptim,314,2.6014280859080117,1,2.9999151278501524,1,2.2093208212244844,5.489783075492254,0.4488575830963418,2.488697355554254,1.3185635548191
58,DFT_CRT,time_scaling,wide,DEoptim,315,2.6014280859080117,1,2.9999151278501524,1,2.2093208212244844,5.489783075492254,0.4488575830963418,2.488697355554254,1.3185635548191
58,DFT_CRT,time_scaling,wide,DEoptim,316,2.6014280859080117,1,2.999957897645343,1,2.2093208212244844,5.489783075492254,0.4488575830963418,2.488697355554254,1.3185635548191
58,DFT_CRT,time_scaling,wide,DEoptim,317,2.6028267499465283,1,2.9998886082040483,1,2.2037532370032227,5.506276750255924,0.44591802543477105,2.491390222395466,1.3178180633906864
58,DFT_CRT,time_scaling,wide,DEoptim,318,2.6028267499465283,1,2.9998886082040483,1,2.2037532370032227,5.506276750255924,0.44591802543477105,2.491390222395466,1.3178180633906864
58,DFT_CRT,time_scaling,wide,DEoptim,319,2.6028267499465283,1,2.9998886082040483,1,2.2037532370032227,5.506276750255924,0.44591802543477105,2.491390222395466,1.3178180633906864
58,DFT_CRT,time_scaling,wide,DEoptim,320,2.6028267499465283,1,2.9998886082040483,1,2.2037532370032227,5.506276750255924,0.44591802543477105,2.491390222395466,1.3178180633906864
58,DFT_CRT,time_scaling,wide,DEoptim,321,2.6028267499465283,1,2.9998886082040483,1,2.2037532370032227,5.506276750255924,0.44591802543477105,2.491390222395466,1.3178180633906864
58,DFT_CRT,time_scaling,wide,DEoptim,322,2.60377052909245,1,2.999957897645343,1,2.2093208212244844,5.616211334468827,0.44773483975681666,2.4900512412722375,1.3182863687148672
58,DFT_CRT,time_scaling,wide,DEoptim,323,2.60377052909245,1,2.999957897645343,1,2.2093208212244844,5.616211334468827,0.44773483975681666,2.4900512412722375,1.3182863687148672
58,DFT_CRT,time_scaling,wide,DEoptim,324,2.60377052909245,1,2.999957897645343,1,2.2093208212244844,5.616211334468827,0.44773483975681666,2.4900512412722375,1.3182863687148672
58,DFT_CRT,time_scaling,wide,DEoptim,325,2.60377052909245,1,2.999957897645343,1,2.2093208212244844,5.616211334468827,0.44773483975681666,2.4900512412722375,1.3182863687148672
58,DFT_CRT,time_scaling,wide,DEoptim,326,2.60377052909245,1,2.999957897645343,1,2.2093208212244844,5.616211334468827,0.44773483975681666,2.4900512412722375,1.3182863687148672
58,DFT_CRT,time_scaling,wide,DEoptim,327,2.60377052909245,1,2.9999685309814175,1,2.2093208212244844,5.616211334468827,0.44773483975681666,2.4900512412722375,1.3182863687148672
58,DFT_CRT,time_scaling,wide,DEoptim,328,2.60377052909245,1,2.9999685309814175,1,2.2093208212244844,5.616211334468827,0.44773483975681666,2.4900512412722375,1.3182863687148672
58,DFT_CRT,time_scaling,wide,DEoptim,329,2.60377052909245,1,2.9999685309814175,1,2.2093208212244844,5.616211334468827,0.44773483975681666,2.4900512412722375,1.3182863687148672
58,DFT_CRT,time_scaling,wide,DEoptim,330,2.601680722311682,1,2.999966664583361,1,2.2436549459781,5.525244862898545,0.44870967621279145,2.4899882258508543,1.318892086967261
58,DFT_CRT,time_scaling,wide,DEoptim,331,2.6023903931159786,1,2.9999685309814175,1,2.2093208212244844,5.529300041745303,0.4467570817485142,2.4921128224141786,1.3179733335712305
58,DFT_CRT,time_scaling,wide,DEoptim,332,2.6023903931159786,1,2.9999685309814175,1,2.2093208212244844,5.529300041745303,0.4467570817485142,2.4921128224141786,1.3179733335712305
58,DFT_CRT,time_scaling,wide,DEoptim,333,2.605291479148107,1,2.9999943101281192,1,2.2351221803158294,5.60798844692478,0.446415725090851,2.4933479068047406,1.3178227185603344
58,DFT_CRT,time_scaling,wide,DEoptim,334,2.605291479148107,1,2.9999943101281192,1,2.2351221803158294,5.60798844692478,0.446415725090851,2.4933479068047406,1.3178227185603344
58,DFT_CRT,time_scaling,wide,DEoptim,335,2.605291479148107,1,2.9999943101281192,1,2.2351221803158294,5.60798844692478,0.446415725090851,2.4933479068047406,1.3178227185603344
58,DFT_CRT,time_scaling,wide,DEoptim,336,2.605291479148107,1,2.9999943101281192,1,2.2351221803158294,5.60798844692478,0.446415725090851,2.4933479068047406,1.3178227185603344
58,DFT_CRT,time_scaling,wide,DEoptim,337,2.605291479148107,1,2.9999943101281192,1,2.2351221803158294,5.60798844692478,0.446415725090851,2.4933479068047406,1.3178227185603344
58,DFT_CRT,time_scaling,wide,DEoptim,338,2.605291479148107,1,2.9999943101281192,1,2.2351221803158294,5.60798844692478,0.446415725090851,2.4933479068047406,1.3178227185603344
58,DFT_CRT,time_scaling,wide,DEoptim,339,2.605291479148107,1,2.9999943101281192,1,2.2351221803158294,5.60798844692478,0.446415725090851,2.4933479068047406,1.3178227185603344
58,DFT_CRT,time_scaling,wide,DEoptim,340,2.605291479148107,1,2.9999943101281192,1,2.2351221803158294,5.60798844692478,0.446415725090851,2.4933479068047406,1.3178227185603344
58,DFT_CRT,time_scaling,wide,DEoptim,341,2.605291479148107,1,2.9999943101281192,1,2.2351221803158294,5.60798844692478,0.446415725090851,2.4933479068047406,1.3178227185603344
58,DFT_CRT,time_scaling,wide,DEoptim,342,2.605291479148107,1,2.9999943101281192,1,2.2351221803158294,5.60798844692478,0.446415725090851,2.4933479068047406,1.3178227185603344
58,DFT_CRT,time_scaling,wide,DEoptim,343,2.605291479148107,1,2.9999943101281192,1,2.2351221803158294,5.60798844692478,0.446415725090851,2.4933479068047406,1.3178227185603344
58,DFT_CRT,time_scaling,wide,DEoptim,344,2.605291479148107,1,2.9999943101281192,1,2.2351221803158294,5.60798844692478,0.446415725090851,2.4933479068047406,1.3178227185603344
58,DFT_CRT,time_scaling,wide,DEoptim,345,2.605291479148107,1,2.9999943101281192,1,2.2351221803158294,5.60798844692478,0.446415725090851,2.4933479068047406,1.3178227185603344
58,DFT_CRT,time_scaling,wide,DEoptim,346,2.605291479148107,1,2.9999943101281192,1,2.2351221803158294,5.60798844692478,0.446415725090851,2.4933479068047406,1.3178227185603344
58,DFT_CRT,time_scaling,wide,DEoptim,347,2.605291479148107,1,2.9999943101281192,1,2.2351221803158294,5.60798844692478,0.446415725090851,2.4933479068047406,1.3178227185603344
58,DFT_CRT,time_scaling,wide,DEoptim,348,2.605291479148107,1,2.9999943101281192,1,2.2351221803158294,5.60798844692478,0.446415725090851,2.4933479068047406,1.3178227185603344
58,DFT_CRT,time_scaling,wide,DEoptim,349,2.605291479148107,1,2.9999943101281192,1,2.2351221803158294,5.60798844692478,0.446415725090851,2.4933479068047406,1.3178227185603344
58,DFT_CRT,time_scaling,wide,DEoptim,350,2.605291479148107,1,2.9999943101281192,1,2.2351221803158294,5.60798844692478,0.446415725090851,2.4933479068047406,1.3178227185603344
58,DFT_CRT,time_scaling,wide,DEoptim,351,2.605291479148107,1,2.9999943101281192,1,2.2351221803158294,5.60798844692478,0.446415725090851,2.4933479068047406,1.3178227185603344
58,DFT_CRT,time_scaling,wide,DEoptim,352,2.605291479148107,1,2.9999943101281192,1,2.2351221803158294,5.60798844692478,0.446415725090851,2.4933479068047406,1.3178227185603344
58,DFT_CRT,time_scaling,wide,DEoptim,353,2.605291479148107,1,2.9999970743787716,1,2.2351221803158294,5.60798844692478,0.446415725090851,2.4933479068047406,1.3178227185603344
58,DFT_CRT,time_scaling,wide,DEoptim,354,2.605291479148107,1,2.9999970743787716,1,2.2351221803158294,5.60798844692478,0.446415725090851,2.4933479068047406,1.3178227185603344
58,DFT_CRT,time_scaling,wide,DEoptim,355,2.605291479148107,1,2.9999970743787716,1,2.2351221803158294,5.60798844692478,0.446415725090851,2.4933479068047406,1.3178227185603344
58,DFT_CRT,time_scaling,wide,DEoptim,356,2.605291479148107,1,2.9999970743787716,1,2.2351221803158294,5.60798844692478,0.446415725090851,2.4933479068047406,1.3178227185603344
58,DFT_CRT,time_scaling,wide,DEoptim,357,2.605291479148107,1,2.9999970743787716,1,2.2351221803158294,5.60798844692478,0.446415725090851,2.4933479068047406,1.3178227185603344
58,DFT_CRT,time_scaling,wide,DEoptim,358,2.6019423373820754,1,2.9999995384369296,1,2.233872475394872,5.5754459627296145,0.4485975576684746,2.4918672282067695,1.3185513410203258
58,DFT_CRT,time_scaling,wide,DEoptim,359,2.6019423373820754,1,2.9999995384369296,1,2.233872475394872,5.5754459627296145,0.4485975576684746,2.4918672282067695,1.3185513410203258
58,DFT_CRT,time_scaling,wide,DEoptim,360,2.603665699430769,1,2.9999889154134194,1,2.2226150039842265,5.575516359892835,0.447665568084602,2.492948427292011,1.3178121255065707
58,DFT_CRT,time_scaling,wide,DEoptim,361,2.603665699430769,1,2.9999889154134194,1,2.2226150039842265,5.575516359892835,0.447665568084602,2.492948427292011,1.3178121255065707
58,DFT_CRT,time_scaling,wide,DEoptim,362,2.605069894297445,1,2.9999928328796877,1,2.240702565153601,5.620274260965242,0.4468584090967076,2.492803200091512,1.3181832281595567
58,DFT_CRT,time_scaling,wide,DEoptim,363,2.605069894297445,1,2.9999928328796877,1,2.240702565153601,5.620274260965242,0.4468584090967076,2.492803200091512,1.3181832281595567
58,DFT_CRT,time_scaling,wide,DEoptim,364,2.605069894297445,1,2.9999928328796877,1,2.240702565153601,5.620274260965242,0.4468584090967076,2.492803200091512,1.3181832281595567
58,DFT_CRT,time_scaling,wide,DEoptim,365,2.605069894297445,1,2.9999928328796877,1,2.240702565153601,5.620274260965242,0.4468584090967076,2.492803200091512,1.3181832281595567
58,DFT_CRT,time_scaling,wide,DEoptim,366,2.605069894297445,1,2.9999928328796877,1,2.240702565153601,5.620274260965242,0.4468584090967076,2.492803200091512,1.3181832281595567
58,DFT_CRT,time_scaling,wide,DEoptim,367,2.605069894297445,1,2.9999928328796877,1,2.240702565153601,5.620274260965242,0.4468584090967076,2.492803200091512,1.3181832281595567
58,DFT_CRT,time_scaling,wide,DEoptim,368,2.6023384100994598,1,2.9999931877247747,1,2.2338316997747385,5.590615128917898,0.44814590580189045,2.4931720610334103,1.3179177826232242
58,DFT_CRT,time_scaling,wide,DEoptim,369,2.6023384100994598,1,2.9999931877247747,1,2.2338316997747385,5.590615128917898,0.44814590580189045,2.4931720610334103,1.3179177826232242
58,DFT_CRT,time_scaling,wide,DEoptim,370,2.6023384100994598,1,2.9999931877247747,1,2.2338316997747385,5.590615128917898,0.44814590580189045,2.4931720610334103,1.3179177826232242
58,DFT_CRT,time_scaling,wide,DEoptim,371,2.6035916175623,1,2.99999071759759,1,2.235843680716896,5.571485165380531,0.4473390524134005,2.4922676275072777,1.3182953276780625
58,DFT_CRT,time_scaling,wide,DEoptim,372,2.6035916175623,1,2.99999071759759,1,2.235843680716896,5.571485165380531,0.4473390524134005,2.4922676275072777,1.3182953276780625
58,DFT_CRT,time_scaling,wide,DEoptim,373,2.6035916175623,1,2.99999071759759,1,2.235843680716896,5.571485165380531,0.4473390524134005,2.4922676275072777,1.3182953276780625
58,DFT_CRT,time_scaling,wide,DEoptim,374,2.6035916175623,1,2.99999071759759,1,2.235843680716896,5.571485165380531,0.4473390524134005,2.4922676275072777,1.3182953276780625
58,DFT_CRT,time_scaling,wide,DEoptim,375,2.6035916175623,1,2.99999071759759,1,2.235843680716896,5.571485165380531,0.4473390524134005,2.4922676275072777,1.3182953276780625
58,DFT_CRT,time_scaling,wide,DEoptim,376,2.6035916175623,1,2.99999071759759,1,2.235843680716896,5.571485165380531,0.4473390524134005,2.4922676275072777,1.3182953276780625
58,DFT_CRT,time_scaling,wide,DEoptim,377,2.6035916175623,1,2.99999071759759,1,2.235843680716896,5.571485165380531,0.4473390524134005,2.4922676275072777,1.3182953276780625
58,DFT_CRT,time_scaling,wide,DEoptim,378,2.6035916175623,1,2.999996949596295,1,2.2314730405865344,5.571485165380531,0.4473390524134005,2.4922676275072777,1.3182953276780625
58,DFT_CRT,time_scaling,wide,DEoptim,379,2.6035916175623,1,2.999996949596295,1,2.2314730405865344,5.571485165380531,0.4473390524134005,2.4922676275072777,1.3182953276780625
58,DFT_CRT,time_scaling,wide,DEoptim,380,2.6035916175623,1,2.999996949596295,1,2.2314730405865344,5.571485165380531,0.4473390524134005,2.4922676275072777,1.3182953276780625
58,DFT_CRT,time_scaling,wide,DEoptim,381,2.6035916175623,1,2.999996949596295,1,2.2314730405865344,5.571485165380531,0.4473390524134005,2.4922676275072777,1.3182953276780625
58,DFT_CRT,time_scaling,wide,DEoptim,382,2.6035916175623,1,2.999996949596295,1,2.2314730405865344,5.571485165380531,0.4473390524134005,2.4922676275072777,1.3182953276780625
58,DFT_CRT,time_scaling,wide,DEoptim,383,2.6035916175623,1,2.999996949596295,1,2.2314730405865344,5.571485165380531,0.4473390524134005,2.4922676275072777,1.3182953276780625
58,DFT_CRT,time_scaling,wide,DEoptim,384,2.6035916175623,1,2.999996949596295,1,2.2314730405865344,5.571485165380531,0.4473390524134005,2.4922676275072777,1.3182953276780625
58,DFT_CRT,time_scaling,wide,DEoptim,385,2.6035916175623,1,2.999996949596295,1,2.2314730405865344,5.571485165380531,0.4473390524134005,2.4922676275072777,1.3182953276780625
58,DFT_CRT,time_scaling,wide,DEoptim,386,2.6035916175623,1,2.999996949596295,1,2.2314730405865344,5.571485165380531,0.4473390524134005,2.4922676275072777,1.3182953276780625
58,DFT_CRT,time_scaling,wide,DEoptim,387,2.6035916175623,1,2.999996949596295,1,2.2314730405865344,5.571485165380531,0.4473390524134005,2.4922676275072777,1.3182953276780625
58,DFT_CRT,time_scaling,wide,DEoptim,388,2.6035916175623,1,2.999996949596295,1,2.2314730405865344,5.571485165380531,0.4473390524134005,2.4922676275072777,1.3182953276780625
58,DFT_CRT,time_scaling,wide,DEoptim,389,2.6035916175623,1,2.999996949596295,1,2.2314730405865344,5.571485165380531,0.4473390524134005,2.4922676275072777,1.3182953276780625
58,DFT_CRT,time_scaling,wide,DEoptim,390,2.6035916175623,1,2.999996949596295,1,2.2314730405865344,5.571485165380531,0.4473390524134005,2.4922676275072777,1.3182953276780625
58,DFT_CRT,time_scaling,wide,DEoptim,391,2.6035916175623,1,2.999996949596295,1,2.2314730405865344,5.571485165380531,0.4473390524134005,2.4922676275072777,1.3182953276780625
58,DFT_CRT,time_scaling,wide,DEoptim,392,2.6035916175623,1,2.999996949596295,1,2.2314730405865344,5.571485165380531,0.4473390524134005,2.4922676275072777,1.3182953276780625
58,DFT_CRT,time_scaling,wide,DEoptim,393,2.6035916175623,1,2.999996949596295,1,2.2314730405865344,5.571485165380531,0.4473390524134005,2.4922676275072777,1.3182953276780625
58,DFT_CRT,time_scaling,wide,DEoptim,394,2.6035916175623,1,2.999996949596295,1,2.2314730405865344,5.571485165380531,0.4473390524134005,2.4922676275072777,1.3182953276780625
58,DFT_CRT,time_scaling,wide,DEoptim,395,2.6035916175623,1,2.999996949596295,1,2.2314730405865344,5.571485165380531,0.4473390524134005,2.4922676275072777,1.3182953276780625
58,DFT_CRT,time_scaling,wide,DEoptim,396,2.6035916175623,1,2.999996949596295,1,2.2314730405865344,5.571485165380531,0.4473390524134005,2.4922676275072777,1.3182953276780625
58,DFT_CRT,time_scaling,wide,DEoptim,397,2.6035916175623,1,2.999996949596295,1,2.2314730405865344,5.571485165380531,0.4473390524134005,2.4922676275072777,1.3182953276780625
58,DFT_CRT,time_scaling,wide,DEoptim,398,2.6035916175623,1,2.999996949596295,1,2.2314730405865344,5.571485165380531,0.4473390524134005,2.4924446700987484,1.318189968850679
58,DFT_CRT,time_scaling,wide,DEoptim,399,2.6035916175623,1,2.999996949596295,1,2.2314730405865344,5.571485165380531,0.4473390524134005,2.4924446700987484,1.318189968850679
58,DFT_CRT,time_scaling,wide,DEoptim,400,2.6035916175623,1,2.999996949596295,1,2.2314730405865344,5.571485165380531,0.4473390524134005,2.4924446700987484,1.318189968850679
58,DFT_CRT,time_scaling,wide,DEoptim,401,2.6035916175623,1,2.999996949596295,1,2.2314730405865344,5.571485165380531,0.4473390524134005,2.4924446700987484,1.318189968850679
58,DFT_CRT,time_scaling,wide,DEoptim,402,2.6035916175623,1,2.999996949596295,1,2.2314730405865344,5.571485165380531,0.4473390524134005,2.4924446700987484,1.318189968850679
58,DFT_CRT,time_scaling,wide,DEoptim,403,2.6035916175623,1,2.999996949596295,1,2.2314730405865344,5.571485165380531,0.4473390524134005,2.4924446700987484,1.318189968850679
58,DFT_CRT,time_scaling,wide,DEoptim,404,2.6035916175623,1,2.999996949596295,1,2.2314730405865344,5.571485165380531,0.4473390524134005,2.4924446700987484,1.318189968850679
58,DFT_CRT,time_scaling,wide,DEoptim,405,2.6035916175623,1,2.999996949596295,1,2.2314730405865344,5.571485165380531,0.4473390524134005,2.4924446700987484,1.318189968850679
58,DFT_CRT,time_scaling,wide,DEoptim,406,2.6035916175623,1,2.999996949596295,1,2.2314730405865344,5.571485165380531,0.4473390524134005,2.4924446700987484,1.318189968850679
58,DFT_CRT,time_scaling,wide,DEoptim,407,2.6035916175623,1,2.999996949596295,1,2.2314730405865344,5.571485165380531,0.4473390524134005,2.4924446700987484,1.318189968850679
58,DFT_CRT,time_scaling,wide,DEoptim,408,2.6035916175623,1,2.999996949596295,1,2.2314730405865344,5.571485165380531,0.4473390524134005,2.4924446700987484,1.318189968850679
58,DFT_CRT,time_scaling,wide,DEoptim,409,2.6035916175623,1,2.999996949596295,1,2.2314730405865344,5.571485165380531,0.4473390524134005,2.4924446700987484,1.318189968850679
58,DFT_CRT,time_scaling,wide,DEoptim,410,2.6035916175623,1,2.999996949596295,1,2.2314730405865344,5.571485165380531,0.4473390524134005,2.4924446700987484,1.318189968850679
58,DFT_CRT,time_scaling,wide,DEoptim,411,2.6035916175623,1,2.999996949596295,1,2.2314730405865344,5.571485165380531,0.4473390524134005,2.4924446700987484,1.318189968850679
58,DFT_CRT,time_scaling,wide,DEoptim,412,2.6035916175623,1,2.999996949596295,1,2.2314730405865344,5.571485165380531,0.4474611210705445,2.4924446700987484,1.318189968850679
58,DFT_CRT,time_scaling,wide,DEoptim,413,2.6035916175623,1,2.999996949596295,1,2.2314730405865344,5.571485165380531,0.4474611210705445,2.4924446700987484,1.318189968850679
58,DFT_CRT,time_scaling,wide,DEoptim,414,2.6030487908608304,1,2.9999997034104258,1,2.2285046010219207,5.581946197125375,0.44760735290901926,2.4926470968893164,1.3181890636957438
58,DFT_CRT,time_scaling,wide,DEoptim,415,2.6030487908608304,1,2.9999997034104258,1,2.2285046010219207,5.581946197125375,0.44760735290901926,2.4926470968893164,1.3181890636957438
58,DFT_CRT,time_scaling,wide,DEoptim,416,2.6030487908608304,1,2.9999997034104258,1,2.2285046010219207,5.581946197125375,0.44760735290901926,2.4926470968893164,1.3181890636957438
58,DFT_CRT,time_scaling,wide,DEoptim,417,2.6030487908608304,1,2.9999997034104258,1,2.2285046010219207,5.581946197125375,0.44760735290901926,2.4926470968893164,1.3181890636957438
58,DFT_CRT,time_scaling,wide,DEoptim,418,2.6030487908608304,1,2.9999997034104258,1,2.2285046010219207,5.581946197125375,0.44760735290901926,2.4926470968893164,1.3181890636957438
58,DFT_CRT,time_scaling,wide,DEoptim,419,2.6030487908608304,1,2.9999997034104258,1,2.2285046010219207,5.581946197125375,0.44760735290901926,2.4926470968893164,1.3181890636957438
58,DFT_CRT,time_scaling,wide,DEoptim,420,2.6030487908608304,1,2.9999997034104258,1,2.2285046010219207,5.581946197125375,0.44760735290901926,2.4926470968893164,1.3181890636957438
58,DFT_CRT,time_scaling,wide,DEoptim,421,2.6035916175623,1,2.999999635239157,1,2.2340589989697177,5.583308522304599,0.4474611210705445,2.4924446700987484,1.318189968850679
58,DFT_CRT,time_scaling,wide,DEoptim,422,2.6035916175623,1,2.999999635239157,1,2.2340589989697177,5.583308522304599,0.4474611210705445,2.4924446700987484,1.318189968850679
58,DFT_CRT,time_scaling,wide,DEoptim,423,2.6035916175623,1,2.999999635239157,1,2.2340589989697177,5.583308522304599,0.4474611210705445,2.4924446700987484,1.318189968850679
58,DFT_CRT,time_scaling,wide,DEoptim,424,2.6035916175623,1,2.999999635239157,1,2.2340589989697177,5.583308522304599,0.4474611210705445,2.4924446700987484,1.318189968850679
58,DFT_CRT,time_scaling,wide,DEoptim,425,2.6035916175623,1,2.999999635239157,1,2.2340589989697177,5.583308522304599,0.4474611210705445,2.4924446700987484,1.318189968850679
58,DFT_CRT,time_scaling,wide,DEoptim,426,2.6035916175623,1,2.999999635239157,1,2.2340589989697177,5.583308522304599,0.4474611210705445,2.4924446700987484,1.318189968850679
58,DFT_CRT,time_scaling,wide,DEoptim,427,2.6035916175623,1,2.999999635239157,1,2.2340589989697177,5.583308522304599,0.4474611210705445,2.4924446700987484,1.318189968850679
58,DFT_CRT,time_scaling,wide,DEoptim,428,2.6035916175623,1,2.999999635239157,1,2.2340589989697177,5.583308522304599,0.4474611210705445,2.4924446700987484,1.318189968850679
58,DFT_CRT,time_scaling,wide,DEoptim,429,2.6035916175623,1,2.999999635239157,1,2.2340589989697177,5.583308522304599,0.4474611210705445,2.4924446700987484,1.318189968850679
58,DFT_CRT,time_scaling,wide,DEoptim,430,2.6035916175623,1,2.999999635239157,1,2.2340589989697177,5.583308522304599,0.4474611210705445,2.4924446700987484,1.318189968850679
58,DFT_CRT,time_scaling,wide,DEoptim,431,2.6035916175623,1,2.999999635239157,1,2.2340589989697177,5.583308522304599,0.4474611210705445,2.4924446700987484,1.318189968850679
58,DFT_CRT,time_scaling,wide,DEoptim,432,2.6031527409534645,1,2.999998760801165,1,2.2303933900090165,5.57631432761205,0.4476040103693088,2.4925484686679433,1.3182103203033686
58,DFT_CRT,time_scaling,wide,DEoptim,433,2.6031527409534645,1,2.999998760801165,1,2.2303933900090165,5.57631432761205,0.4476040103693088,2.4925484686679433,1.3182103203033686
58,DFT_CRT,time_scaling,wide,DEoptim,434,2.6031527409534645,1,2.999998760801165,1,2.2303933900090165,5.57631432761205,0.4476040103693088,2.4925484686679433,1.3182103203033686
58,DFT_CRT,time_scaling,wide,DEoptim,435,2.6031527409534645,1,2.999999857090982,1,2.2303933900090165,5.57631432761205,0.4476040103693088,2.4925484686679433,1.3182103203033686
58,DFT_CRT,time_scaling,wide,DEoptim,436,2.6031527409534645,1,2.999999857090982,1,2.2303933900090165,5.57631432761205,0.4476040103693088,2.4925484686679433,1.3182103203033686
58,DFT_CRT,time_scaling,wide,DEoptim,437,2.6031527409534645,1,2.999999857090982,1,2.2303933900090165,5.57631432761205,0.4476040103693088,2.4925484686679433,1.3182103203033686
58,DFT_CRT,time_scaling,wide,DEoptim,438,2.6031527409534645,1,2.999999857090982,1,2.2303933900090165,5.57631432761205,0.4476040103693088,2.4925484686679433,1.3182103203033686
58,DFT_CRT,time_scaling,wide,DEoptim,439,2.6031527409534645,1,2.999999857090982,1,2.2303933900090165,5.57631432761205,0.4476040103693088,2.4925484686679433,1.3182103203033686
58,DFT_CRT,time_scaling,wide,DEoptim,440,2.6031527409534645,1,2.999999857090982,1,2.2303933900090165,5.57631432761205,0.4476040103693088,2.4925484686679433,1.3182103203033686
58,DFT_CRT,time_scaling,wide,DEoptim,441,2.6031527409534645,1,2.999999857090982,1,2.2303933900090165,5.57631432761205,0.4476040103693088,2.4925484686679433,1.3182103203033686
58,DFT_CRT,time_scaling,wide,DEoptim,442,2.6031527409534645,1,2.999999857090982,1,2.2303933900090165,5.57631432761205,0.4476040103693088,2.4925484686679433,1.3182103203033686
58,DFT_CRT,time_scaling,wide,DEoptim,443,2.6031527409534645,1,2.999999857090982,1,2.2303933900090165,5.57631432761205,0.4476040103693088,2.4925484686679433,1.3182103203033686
58,DFT_CRT,time_scaling,wide,DEoptim,444,2.6031527409534645,1,2.999999857090982,1,2.2303933900090165,5.57631432761205,0.4476040103693088,2.4925484686679433,1.3182103203033686
58,DFT_CRT,time_scaling,wide,DEoptim,445,2.6031527409534645,1,2.999999857090982,1,2.2303933900090165,5.57631432761205,0.4476040103693088,2.4925484686679433,1.3182103203033686
58,DFT_CRT,time_scaling,wide,DEoptim,446,2.6031527409534645,1,2.999999857090982,1,2.2303933900090165,5.57631432761205,0.4476040103693088,2.4925484686679433,1.3182103203033686
58,DFT_CRT,time_scaling,wide,DEoptim,447,2.6031527409534645,1,2.999999857090982,1,2.2303933900090165,5.57631432761205,0.4476040103693088,2.4925484686679433,1.3182103203033686
58,DFT_CRT,time_scaling,wide,DEoptim,448,2.6031527409534645,1,2.999999857090982,1,2.2303933900090165,5.57631432761205,0.4476040103693088,2.4925484686679433,1.3182103203033686
58,DFT_CRT,time_scaling,wide,DEoptim,449,2.6031527409534645,1,2.999999857090982,1,2.2303933900090165,5.57631432761205,0.4476040103693088,2.4925484686679433,1.3182103203033686
58,DFT_CRT,time_scaling,wide,DEoptim,450,2.6031527409534645,1,2.999999857090982,1,2.2303933900090165,5.57631432761205,0.4476040103693088,2.4925490195131723,1.3182064804103906
58,DFT_CRT,time_scaling,wide,DEoptim,451,2.6031527409534645,1,2.999999857090982,1,2.2303933900090165,5.57631432761205,0.4476040103693088,2.4925490195131723,1.3182064804103906
58,DFT_CRT,time_scaling,wide,DEoptim,452,2.6031527409534645,1,2.999999857090982,1,2.2303933900090165,5.57631432761205,0.4476040103693088,2.4925490195131723,1.3182064804103906
58,DFT_CRT,time_scaling,wide,DEoptim,453,2.6031527409534645,1,2.999999857090982,1,2.2303933900090165,5.57631432761205,0.4476040103693088,2.4925490195131723,1.3182064804103906
58,DFT_CRT,time_scaling,wide,DEoptim,454,2.6031527409534645,1,2.999999857090982,1,2.2303933900090165,5.57631432761205,0.4476040103693088,2.4925490195131723,1.3182064804103906
58,DFT_CRT,time_scaling,wide,DEoptim,455,2.6031527409534645,1,2.999999857090982,1,2.2303933900090165,5.57631432761205,0.4476040103693088,2.4925490195131723,1.3182064804103906
58,DFT_CRT,time_scaling,wide,DEoptim,456,2.6031527409534645,1,2.999999857090982,1,2.2303933900090165,5.57631432761205,0.4476040103693088,2.4925490195131723,1.3182064804103906
58,DFT_CRT,time_scaling,wide,DEoptim,457,2.6031527409534645,1,2.999999857090982,1,2.2303933900090165,5.57631432761205,0.4476040103693088,2.4925490195131723,1.3182064804103906
58,DFT_CRT,time_scaling,wide,DEoptim,458,2.6031527409534645,1,2.9999999081229607,1,2.2303997207983643,5.572669339749907,0.4476040103693088,2.4925490195131723,1.3182064804103906
58,DFT_CRT,time_scaling,wide,DEoptim,459,2.6031527409534645,1,2.9999999081229607,1,2.2303997207983643,5.572669339749907,0.4476040103693088,2.4925490195131723,1.3182064804103906
58,DFT_CRT,time_scaling,wide,DEoptim,460,2.6031527409534645,1,2.9999999081229607,1,2.2303997207983643,5.572669339749907,0.4476040103693088,2.4925490195131723,1.3182064804103906
58,DFT_CRT,time_scaling,wide,DEoptim,461,2.6033356201044078,1,2.9999999289117714,1,2.2322816096257836,5.57707971534712,0.447675645897088,2.4926155639891996,1.3181636594328574
58,DFT_CRT,time_scaling,wide,DEoptim,462,2.6033356201044078,1,2.9999999289117714,1,2.2322816096257836,5.57707971534712,0.447675645897088,2.4926155639891996,1.3181636594328574
58,DFT_CRT,time_scaling,wide,DEoptim,463,2.6033356201044078,1,2.9999999289117714,1,2.2322816096257836,5.57707971534712,0.447675645897088,2.4926155639891996,1.3181636594328574
58,DFT_CRT,time_scaling,wide,DEoptim,464,2.6033356201044078,1,2.9999999289117714,1,2.2322816096257836,5.57707971534712,0.447675645897088,2.4926155639891996,1.3181636594328574
58,DFT_CRT,time_scaling,wide,DEoptim,465,2.6033356201044078,1,2.9999999289117714,1,2.2322816096257836,5.57707971534712,0.447675645897088,2.4926155639891996,1.3181636594328574
58,DFT_CRT,time_scaling,wide,DEoptim,466,2.6033356201044078,1,2.9999999289117714,1,2.2322816096257836,5.57707971534712,0.447675645897088,2.4926155639891996,1.3181636594328574
58,DFT_CRT,time_scaling,wide,DEoptim,467,2.603273421820769,1,2.9999999440323597,1,2.2300960271831,5.571185088255127,0.44755850979690076,2.4926365214927784,1.3181812843037972
58,DFT_CRT,time_scaling,wide,DEoptim,468,2.603273421820769,1,2.9999999440323597,1,2.2300960271831,5.5743914491167565,0.44755850979690076,2.4926365214927784,1.3181812843037972
58,DFT_CRT,time_scaling,wide,DEoptim,469,2.603273421820769,1,2.9999999440323597,1,2.2300960271831,5.5743914491167565,0.44755850979690076,2.4926365214927784,1.3181812843037972
58,DFT_CRT,time_scaling,wide,DEoptim,470,2.603273421820769,1,2.9999999440323597,1,2.2300960271831,5.5743914491167565,0.44755850979690076,2.4926365214927784,1.3181812843037972
58,DFT_CRT,time_scaling,wide,DEoptim,471,2.603273421820769,1,2.9999999440323597,1,2.2300960271831,5.5743914491167565,0.44755850979690076,2.4926365214927784,1.3181812843037972
58,DFT_CRT,time_scaling,wide,DEoptim,472,2.603273421820769,1,2.9999999440323597,1,2.2300960271831,5.5743914491167565,0.44755850979690076,2.4926365214927784,1.3181812843037972
58,DFT_CRT,time_scaling,wide,DEoptim,473,2.603273421820769,1,2.9999999440323597,1,2.2300960271831,5.5743914491167565,0.44755850979690076,2.4926365214927784,1.3181812843037972
58,DFT_CRT,time_scaling,wide,DEoptim,474,2.603273421820769,1,2.9999999440323597,1,2.2300960271831,5.5743914491167565,0.44755850979690076,2.4926365214927784,1.3181812843037972
58,DFT_CRT,time_scaling,wide,DEoptim,475,2.603273421820769,1,2.9999999440323597,1,2.2300960271831,5.5743914491167565,0.44755850979690076,2.4926365214927784,1.3181812843037972
58,DFT_CRT,time_scaling,wide,DEoptim,476,2.6033373560694413,1,2.9999999028566013,1,2.231162015903045,5.575997789692186,0.4475486375061772,2.4926489596033368,1.3181769740380755
58,DFT_CRT,time_scaling,wide,DEoptim,477,2.6033373560694413,1,2.9999999028566013,1,2.231162015903045,5.575997789692186,0.4475486375061772,2.4926489596033368,1.3181769740380755
58,DFT_CRT,time_scaling,wide,DEoptim,478,2.6033373560694413,1,2.9999999028566013,1,2.231162015903045,5.575997789692186,0.4475486375061772,2.4926489596033368,1.3181769740380755
58,DFT_CRT,time_scaling,wide,DEoptim,479,2.6033373560694413,1,2.999999909607426,1,2.231162015903045,5.575997789692186,0.4475486375061772,2.4926489596033368,1.3181769740380755
58,DFT_CRT,time_scaling,wide,DEoptim,480,2.6033373560694413,1,2.999999909607426,1,2.231162015903045,5.575997789692186,0.4475486375061772,2.4926489596033368,1.3181769740380755
58,DFT_CRT,time_scaling,wide,DEoptim,481,2.6033373560694413,1,2.999999909607426,1,2.231162015903045,5.575997789692186,0.4475486375061772,2.4926489596033368,1.3181769740380755
58,DFT_CRT,time_scaling,wide,DEoptim,482,2.603269767440387,1,2.9999999981872807,1,2.23076104921205,5.577221442382173,0.44758333552503654,2.4927317167484415,1.318144764523334
58,DFT_CRT,time_scaling,wide,DEoptim,483,2.603269767440387,1,2.9999999981872807,1,2.23076104921205,5.577221442382173,0.44758333552503654,2.4927317167484415,1.318144764523334
58,DFT_CRT,time_scaling,wide,DEoptim,484,2.603269767440387,1,2.9999999981872807,1,2.23076104921205,5.577221442382173,0.44758333552503654,2.4927317167484415,1.318144764523334
58,DFT_CRT,time_scaling,wide,DEoptim,485,2.603269767440387,1,2.9999999981872807,1,2.23076104921205,5.577221442382173,0.44758333552503654,2.4927317167484415,1.318144764523334
58,DFT_CRT,time_scaling,wide,DEoptim,486,2.603269767440387,1,2.9999999981872807,1,2.23076104921205,5.577221442382173,0.44758333552503654,2.4927317167484415,1.318144764523334
58,DFT_CRT,time_scaling,wide,DEoptim,487,2.603269767440387,1,2.9999999981872807,1,2.23076104921205,5.577221442382173,0.44758333552503654,2.4927317167484415,1.318144764523334
58,DFT_CRT,time_scaling,wide,DEoptim,488,2.603269767440387,1,2.9999999981872807,1,2.23076104921205,5.577221442382173,0.44758333552503654,2.4927317167484415,1.318144764523334
58,DFT_CRT,time_scaling,wide,DEoptim,489,2.603269767440387,1,2.9999999981872807,1,2.23076104921205,5.577221442382173,0.44758333552503654,2.4927317167484415,1.318144764523334
58,DFT_CRT,time_scaling,wide,DEoptim,490,2.603269767440387,1,2.9999999981872807,1,2.23076104921205,5.577221442382173,0.44758333552503654,2.4927317167484415,1.318144764523334
58,DFT_CRT,time_scaling,wide,DEoptim,491,2.603269767440387,1,2.9999999981872807,1,2.23076104921205,5.577221442382173,0.44758333552503654,2.4927317167484415,1.318144764523334
58,DFT_CRT,time_scaling,wide,DEoptim,492,2.603269767440387,1,2.9999999981872807,1,2.23076104921205,5.577221442382173,0.44758333552503654,2.4927317167484415,1.318144764523334
58,DFT_CRT,time_scaling,wide,DEoptim,493,2.603269767440387,1,2.9999999981872807,1,2.23076104921205,5.577221442382173,0.44758333552503654,2.4927317167484415,1.318144764523334
58,DFT_CRT,time_scaling,wide,DEoptim,494,2.603269767440387,1,2.9999999981872807,1,2.23076104921205,5.577221442382173,0.44758333552503654,2.4927317167484415,1.318144764523334
58,DFT_CRT,time_scaling,wide,DEoptim,495,2.603269767440387,1,2.9999999981872807,1,2.23076104921205,5.577221442382173,0.44758333552503654,2.4927317167484415,1.318144764523334
58,DFT_CRT,time_scaling,wide,DEoptim,496,2.603269767440387,1,2.9999999981872807,1,2.23076104921205,5.577221442382173,0.44758333552503654,2.4927317167484415,1.318144764523334
58,DFT_CRT,time_scaling,wide,DEoptim,497,2.603340709754662,1,2.9999999981872807,1,2.23076104921205,5.577221442382173,0.44758333552503654,2.4927317167484415,1.318144764523334
58,DFT_CRT,time_scaling,wide,DEoptim,498,2.603340709754662,1,2.9999999981872807,1,2.23076104921205,5.577221442382173,0.44758333552503654,2.4927317167484415,1.318144764523334
58,DFT_CRT,time_scaling,wide,DEoptim,499,2.603340709754662,1,2.9999999981872807,1,2.23076104921205,5.577221442382173,0.44758333552503654,2.4927317167484415,1.318144764523334
58,DFT_CRT,time_scaling,wide,DEoptim,500,2.603340709754662,1,2.9999999981872807,1,2.23076104921205,5.577221442382173,0.44758333552503654,2.4927317167484415,1.318144764523334
58,DFT_CRT,time_scaling,wide,DEoptim,501,2.603340709754662,1,2.9999999981872807,1,2.23076104921205,5.577221442382173,0.44758333552503654,2.4927317167484415,1.318144764523334
58,DFT_CRT,time_scaling,wide,DEoptim,502,2.603340709754662,1,2.9999999981872807,1,2.23076104921205,5.577221442382173,0.44758333552503654,2.4927317167484415,1.318144764523334
58,DFT_CRT,time_scaling,wide,DEoptim,503,2.603340709754662,1,2.9999999981872807,1,2.23076104921205,5.577221442382173,0.44758333552503654,2.4927317167484415,1.318144764523334
58,DFT_CRT,time_scaling,wide,DEoptim,504,2.603340709754662,1,2.9999999981872807,1,2.23076104921205,5.577221442382173,0.44758333552503654,2.4927317167484415,1.318144764523334
58,DFT_CRT,time_scaling,wide,DEoptim,505,2.6033294791173804,1,2.9999999968239037,1,2.2314197948314574,5.575780355488025,0.44758485302403833,2.4926895016209496,1.3181656005261397
58,DFT_CRT,time_scaling,wide,DEoptim,506,2.6033294791173804,1,2.9999999968239037,1,2.2314197948314574,5.575780355488025,0.44758485302403833,2.4926895016209496,1.3181656005261397
58,DFT_CRT,time_scaling,wide,DEoptim,507,2.6033294791173804,1,2.9999999968239037,1,2.2314197948314574,5.575780355488025,0.44758485302403833,2.4926895016209496,1.3181656005261397
58,DFT_CRT,time_scaling,wide,DEoptim,508,2.6033294791173804,1,2.9999999968239037,1,2.2314197948314574,5.575780355488025,0.44758485302403833,2.4926895016209496,1.3181656005261397
58,DFT_CRT,time_scaling,wide,DEoptim,509,2.6033294791173804,1,2.9999999968239037,1,2.2314197948314574,5.575780355488025,0.44758485302403833,2.4926895016209496,1.3181656005261397
58,DFT_CRT,time_scaling,wide,DEoptim,510,2.6033294791173804,1,2.9999999968239037,1,2.2314197948314574,5.577490077991774,0.44758485302403833,2.4926895016209496,1.3181656005261397
58,DFT_CRT,time_scaling,wide,DEoptim,511,2.6033294791173804,1,2.9999999968239037,1,2.2314197948314574,5.577490077991774,0.44758485302403833,2.4926895016209496,1.3181656005261397
58,DFT_CRT,time_scaling,wide,DEoptim,512,2.6033294791173804,1,2.9999999968239037,1,2.2314197948314574,5.577490077991774,0.44758485302403833,2.4926895016209496,1.3181656005261397
58,DFT_CRT,time_scaling,wide,DEoptim,513,2.6033294791173804,1,2.9999999968239037,1,2.2314197948314574,5.577490077991774,0.44758485302403833,2.4926895016209496,1.3181656005261397
58,DFT_CRT,time_scaling,wide,DEoptim,514,2.6033294791173804,1,2.9999999968239037,1,2.2314197948314574,5.577490077991774,0.44758485302403833,2.4926895016209496,1.3181656005261397
58,DFT_CRT,time_scaling,wide,DEoptim,515,2.6033294791173804,1,2.9999999968239037,1,2.2314197948314574,5.577490077991774,0.44758485302403833,2.4926895016209496,1.3181656005261397
58,DFT_CRT,time_scaling,wide,DEoptim,516,2.6033294791173804,1,2.9999999968239037,1,2.2314197948314574,5.577490077991774,0.44758485302403833,2.4926895016209496,1.3181656005261397
58,DFT_CRT,time_scaling,wide,DEoptim,517,2.6033294791173804,1,2.9999999968239037,1,2.2314197948314574,5.577490077991774,0.44758485302403833,2.4926895016209496,1.3181656005261397
58,DFT_CRT,time_scaling,wide,DEoptim,518,2.6033294791173804,1,2.9999999968239037,1,2.2314197948314574,5.576925977152343,0.44758485302403833,2.4926895016209496,1.3181656005261397
58,DFT_CRT,time_scaling,wide,DEoptim,519,2.6033294791173804,1,2.9999999968239037,1,2.2314197948314574,5.576925977152343,0.44758485302403833,2.4926895016209496,1.3181581125029413
58,DFT_CRT,time_scaling,wide,DEoptim,520,2.6033294791173804,1,2.9999999968239037,1,2.2314197948314574,5.576925977152343,0.44758485302403833,2.4926895016209496,1.3181581125029413
58,DFT_CRT,time_scaling,wide,DEoptim,521,2.6033294791173804,1,2.9999999968239037,1,2.2314197948314574,5.576925977152343,0.44758485302403833,2.4926895016209496,1.3181581125029413
58,DFT_CRT,time_scaling,wide,DEoptim,522,2.6033586305572265,1,2.999999994071893,1,2.2312549460840043,5.576717230952267,0.4475494345952823,2.492649712389231,1.3181642733523484
58,DFT_CRT,time_scaling,wide,DEoptim,523,2.6033586305572265,1,2.999999994071893,1,2.2312549460840043,5.576717230952267,0.4475494345952823,2.492649712389231,1.3181642733523484
58,DFT_CRT,time_scaling,wide,DEoptim,524,2.6033586305572265,1,2.999999994071893,1,2.2312549460840043,5.576717230952267,0.4475494345952823,2.492649712389231,1.3181642733523484
58,DFT_CRT,time_scaling,wide,DEoptim,525,2.6033586305572265,1,2.999999994071893,1,2.2312549460840043,5.576717230952267,0.4475494345952823,2.492649712389231,1.3181642733523484
58,DFT_CRT,time_scaling,wide,DEoptim,526,2.6033586305572265,1,2.999999994071893,1,2.2312549460840043,5.576717230952267,0.4475494345952823,2.492649712389231,1.3181642733523484
58,DFT_CRT,time_scaling,wide,DEoptim,527,2.6033586305572265,1,2.999999994071893,1,2.2312549460840043,5.576717230952267,0.4475494345952823,2.492649712389231,1.3181642733523484
58,DFT_CRT,time_scaling,wide,DEoptim,528,2.60337032075126,1,2.999999997053057,1,2.231601509403396,5.5768819500206135,0.44756196602297077,2.4926857105627946,1.3181531870889622
58,DFT_CRT,time_scaling,wide,DEoptim,529,2.60337032075126,1,2.999999997053057,1,2.231601509403396,5.5768819500206135,0.44756196602297077,2.4926857105627946,1.3181531870889622
58,DFT_CRT,time_scaling,wide,DEoptim,530,2.60337032075126,1,2.999999997053057,1,2.231601509403396,5.5768819500206135,0.44756196602297077,2.4926857105627946,1.3181531870889622
58,DFT_CRT,time_scaling,wide,DEoptim,531,2.60337032075126,1,2.999999997053057,1,2.231601509403396,5.5768819500206135,0.44756196602297077,2.4926857105627946,1.3181531870889622
