participant_id,model_name,parameterization,bound_settings,algorithm,iter,alpha,mu1,mu2,beta,kappa,w,theta_star,t0
23,DFT_CRT,value_scaling,wide,DEoptim,1,1.5292092230101118,1,2.3336504290346056,2.4138610180746762,1,0.42305457608163827,7.205882728046271,1.0064096354297363
23,DFT_CRT,value_scaling,wide,DEoptim,2,1.5382137507153677,1,2.3336504290346056,2.4138610180746762,1,0.42305457608163827,7.205882728046271,1.0064096354297363
23,DFT_CRT,value_scaling,wide,DEoptim,3,1.5382137507153677,1,2.3336504290346056,2.4138610180746762,1,0.42305457608163827,7.205882728046271,1.0064096354297363
23,DFT_CRT,value_scaling,wide,DEoptim,4,1.8675071653383788,1,2.1686014892812824,1.0848930740822105,1,0.2654132402698155,3.7241258911089967,0.954881016338244
23,DFT_CRT,value_scaling,wide,DEoptim,5,1.8675071653383788,1,2.1686014892812824,1.0848930740822105,1,0.2654132402698155,3.7241258911089967,0.954881016338244
23,DFT_CRT,value_scaling,wide,DEoptim,6,1.8675071653383788,1,1.0825354049261664,1.0848930740822105,1,0.2654132402698155,3.7241258911089967,0.954881016338244
23,DFT_CRT,value_scaling,wide,DEoptim,7,1.8675071653383788,1,1.0825354049261664,1.0848930740822105,1,0.21333678446412266,3.7241258911089967,0.954881016338244
23,DFT_CRT,value_scaling,wide,DEoptim,8,1.4553971195677298,1,1.6211279369451104,1.5330321693536826,1,0.6807329121163488,4.260936148276555,0.6067873050822506
23,DFT_CRT,value_scaling,wide,DEoptim,9,1.4553971195677298,1,1.6211279369451104,1.5330321693536826,1,0.6807329121163488,4.260936148276555,0.6067873050822506
23,DFT_CRT,value_scaling,wide,DEoptim,10,1.4553971195677298,1,1.6211279369451104,1.5330321693536826,1,0.6807329121163488,4.260936148276555,0.6067873050822506
23,DFT_CRT,value_scaling,wide,DEoptim,11,1.4553971195677298,1,1.6211279369451104,1.5330321693536826,1,0.6807329121163488,4.260936148276555,0.6067873050822506
23,DFT_CRT,value_scaling,wide,DEoptim,12,1.4553971195677298,1,1.6211279369451104,1.5330321693536826,1,0.6807329121163488,4.260936148276555,0.6067873050822506
23,DFT_CRT,value_scaling,wide,DEoptim,13,1.4553971195677298,1,1.6211279369451104,1.5330321693536826,1,0.6807329121163488,4.260936148276555,0.6067873050822506
23,DFT_CRT,value_scaling,wide,DEoptim,14,1.3240148187136758,1,2.410763061829806,1.0307835180496983,1,0.29330763894488265,3.243513636248161,1.085366730450187
23,DFT_CRT,value_scaling,wide,DEoptim,15,1.3240148187136758,1,2.410763061829806,1.0307835180496983,1,0.29330763894488265,3.243513636248161,1.085366730450187
23,DFT_CRT,value_scaling,wide,DEoptim,16,2.375746503080451,1,2.3480486015193254,2.4610954624304138,1,0.30150069732379453,3.2068961707852806,0.9824159903663421
23,DFT_CRT,value_scaling,wide,DEoptim,17,2.375746503080451,1,2.3480486015193254,2.4610954624304138,1,0.30150069732379453,3.2068961707852806,0.9824159903663421
23,DFT_CRT,value_scaling,wide,DEoptim,18,2.375746503080451,1,2.3480486015193254,2.4610954624304138,1,0.30150069732379453,3.2068961707852806,0.9824159903663421
23,DFT_CRT,value_scaling,wide,DEoptim,19,2.375746503080451,1,2.086574316927323,2.4610954624304138,1,0.30150069732379453,3.2068961707852806,0.9824159903663421
23,DFT_CRT,value_scaling,wide,DEoptim,20,2.375746503080451,1,2.086574316927323,2.4610954624304138,1,0.30150069732379453,3.2068961707852806,0.9824159903663421
23,DFT_CRT,value_scaling,wide,DEoptim,21,2.375746503080451,1,2.086574316927323,2.4610954624304138,1,0.30150069732379453,3.2068961707852806,0.9824159903663421
23,DFT_CRT,value_scaling,wide,DEoptim,22,2.375746503080451,1,2.086574316927323,2.4610954624304138,1,0.30150069732379453,3.2068961707852806,0.9824159903663421
23,DFT_CRT,value_scaling,wide,DEoptim,23,2.375746503080451,1,2.086574316927323,2.4610954624304138,1,0.30150069732379453,3.2068961707852806,0.9824159903663421
23,DFT_CRT,value_scaling,wide,DEoptim,24,1.5174136790415436,1,1.8145139782046829,1.1156759720573828,1,0.22503862076396325,3.011899468722346,1.3598273765999391
23,DFT_CRT,value_scaling,wide,DEoptim,25,1.5174136790415436,1,1.8145139782046829,1.1156759720573828,1,0.22503862076396325,3.011899468722346,1.3598273765999391
23,DFT_CRT,value_scaling,wide,DEoptim,26,2.0482488216704318,1,1.576666994660065,2.470563753421353,1,0.3415472611804087,3.5514695806606746,1.2221560339376232
23,DFT_CRT,value_scaling,wide,DEoptim,27,2.0482488216704318,1,1.576666994660065,2.470563753421353,1,0.3415472611804087,3.5514695806606746,1.2221560339376232
23,DFT_CRT,value_scaling,wide,DEoptim,28,1.9274567400757723,1,2.38352005876185,1.8291770171322663,1,0.24461822954959375,2.3947181096398245,1.31049318711361
23,DFT_CRT,value_scaling,wide,DEoptim,29,1.9274567400757723,1,2.38352005876185,1.8291770171322663,1,0.24461822954959375,2.3947181096398245,1.31049318711361
23,DFT_CRT,value_scaling,wide,DEoptim,30,1.9274567400757723,1,2.38352005876185,1.8291770171322663,1,0.24461822954959375,2.3947181096398245,1.31049318711361
23,DFT_CRT,value_scaling,wide,DEoptim,31,1.9274567400757723,1,2.38352005876185,1.8291770171322663,1,0.24461822954959375,2.3947181096398245,1.31049318711361
23,DFT_CRT,value_scaling,wide,DEoptim,32,1.9274567400757723,1,2.38352005876185,1.8291770171322663,1,0.24461822954959375,2.3947181096398245,1.31049318711361
23,DFT_CRT,value_scaling,wide,DEoptim,33,1.9274567400757723,1,2.38352005876185,1.8291770171322663,1,0.24461822954959375,2.3947181096398245,1.31049318711361
23,DFT_CRT,value_scaling,wide,DEoptim,34,1.9274567400757723,1,2.38352005876185,1.8291770171322663,1,0.24461822954959375,2.3947181096398245,1.31049318711361
23,DFT_CRT,value_scaling,wide,DEoptim,35,2.3689293876267037,1,2.479638237680881,2.9079817332769746,1,0.5250795188842414,3.0361483733916006,1.219334574088565
23,DFT_CRT,value_scaling,wide,DEoptim,36,1.5752224083760704,1,1.3779064259812384,2.0083009318630554,1,0.667972478096341,2.4155515581403018,1.3640003245666605
23,DFT_CRT,value_scaling,wide,DEoptim,37,1.5752224083760704,1,1.3779064259812384,2.0083009318630554,1,0.667972478096341,2.4155515581403018,1.3640003245666605
23,DFT_CRT,value_scaling,wide,DEoptim,38,1.5752224083760704,1,1.3779064259812384,2.0083009318630554,1,0.667972478096341,2.4155515581403018,1.3640003245666605
23,DFT_CRT,value_scaling,wide,DEoptim,39,1.5752224083760704,1,1.3779064259812384,2.0083009318630554,1,0.667972478096341,2.4155515581403018,1.3640003245666605
23,DFT_CRT,value_scaling,wide,DEoptim,40,1.5752224083760704,1,1.3779064259812384,2.0083009318630554,1,0.667972478096341,2.4155515581403018,1.3640003245666605
23,DFT_CRT,value_scaling,wide,DEoptim,41,1.5752224083760704,1,1.3779064259812384,2.0083009318630554,1,0.667972478096341,2.4155515581403018,1.3640003245666605
23,DFT_CRT,value_scaling,wide,DEoptim,42,1.5752224083760704,1,1.3779064259812384,2.0083009318630554,1,0.667972478096341,2.4155515581403018,1.3640003245666605
23,DFT_CRT,value_scaling,wide,DEoptim,43,2.3689293876267037,1,2.030314571131563,2.9079817332769746,1,0.4854970343421862,3.0361483733916006,1.219334574088565
23,DFT_CRT,value_scaling,wide,DEoptim,44,1.5752224083760704,1,2.7660712364818103,2.0083009318630554,1,0.667972478096341,2.4155515581403018,1.3640003245666605
23,DFT_CRT,value_scaling,wide,DEoptim,45,1.5752224083760704,1,2.7660712364818103,2.0083009318630554,1,0.667972478096341,2.4155515581403018,1.3640003245666605
23,DFT_CRT,value_scaling,wide,DEoptim,46,1.5752224083760704,1,2.7660712364818103,2.0083009318630554,1,0.667972478096341,2.4155515581403018,1.3640003245666605
23,DFT_CRT,value_scaling,wide,DEoptim,47,1.5752224083760704,1,2.7660712364818103,2.0083009318630554,1,0.667972478096341,2.4155515581403018,1.3640003245666605
23,DFT_CRT,value_scaling,wide,DEoptim,48,1.7509749237109529,1,2.084215317553221,2.1769447395305814,1,0.5179561116695981,2.6718695604568627,1.2731570699276225
23,DFT_CRT,value_scaling,wide,DEoptim,49,1.7509749237109529,1,2.084215317553221,2.1769447395305814,1,0.5179561116695981,2.6718695604568627,1.2731570699276225
23,DFT_CRT,value_scaling,wide,DEoptim,50,1.7509749237109529,1,2.084215317553221,2.1769447395305814,1,0.5179561116695981,2.6718695604568627,1.2731570699276225
23,DFT_CRT,value_scaling,wide,DEoptim,51,1.9765373668889552,1,1.578065642243494,2.3291374257474207,1,0.4092532862271693,2.7925709931179754,1.306331276227347
23,DFT_CRT,value_scaling,wide,DEoptim,52,1.9765373668889552,1,1.578065642243494,2.3291374257474207,1,0.4092532862271693,2.7925709931179754,1.306331276227347
23,DFT_CRT,value_scaling,wide,DEoptim,53,1.9765373668889552,1,1.578065642243494,2.3291374257474207,1,0.4092532862271693,2.7925709931179754,1.306331276227347
23,DFT_CRT,value_scaling,wide,DEoptim,54,1.9765373668889552,1,1.578065642243494,2.3291374257474207,1,0.4092532862271693,2.7925709931179754,1.306331276227347
23,DFT_CRT,value_scaling,wide,DEoptim,55,1.9765373668889552,1,1.578065642243494,2.3291374257474207,1,0.4092532862271693,2.7925709931179754,1.306331276227347
23,DFT_CRT,value_scaling,wide,DEoptim,56,1.9765373668889552,1,1.578065642243494,2.3291374257474207,1,0.4092532862271693,2.7925709931179754,1.306331276227347
23,DFT_CRT,value_scaling,wide,DEoptim,57,1.9765373668889552,1,1.578065642243494,2.3291374257474207,1,0.4092532862271693,2.7925709931179754,1.306331276227347
23,DFT_CRT,value_scaling,wide,DEoptim,58,2.0473959551699554,1,1.828535162086106,2.562902849858008,1,0.5096474023315422,2.555611967208033,1.3500606643480626
23,DFT_CRT,value_scaling,wide,DEoptim,59,2.0473959551699554,1,1.828535162086106,2.562902849858008,1,0.5096474023315422,2.555611967208033,1.3500606643480626
23,DFT_CRT,value_scaling,wide,DEoptim,60,2.0473959551699554,1,1.828535162086106,2.562902849858008,1,0.5096474023315422,2.555611967208033,1.3500606643480626
23,DFT_CRT,value_scaling,wide,DEoptim,61,2.0473959551699554,1,1.828535162086106,2.562902849858008,1,0.5096474023315422,2.555611967208033,1.3500606643480626
23,DFT_CRT,value_scaling,wide,DEoptim,62,2.0473959551699554,1,1.828535162086106,2.562902849858008,1,0.5096474023315422,2.555611967208033,1.3500606643480626
23,DFT_CRT,value_scaling,wide,DEoptim,63,1.7509749237109529,1,2.084215317553221,2.0738755909533624,1,0.5179561116695981,2.6718695604568627,1.3169751445352953
23,DFT_CRT,value_scaling,wide,DEoptim,64,1.7509749237109529,1,2.084215317553221,2.0738755909533624,1,0.5179561116695981,2.6718695604568627,1.3169751445352953
23,DFT_CRT,value_scaling,wide,DEoptim,65,1.7509749237109529,1,2.084215317553221,2.0738755909533624,1,0.5179561116695981,2.6718695604568627,1.3169751445352953
23,DFT_CRT,value_scaling,wide,DEoptim,66,1.7509749237109529,1,2.084215317553221,2.0738755909533624,1,0.5179561116695981,2.6718695604568627,1.3169751445352953
23,DFT_CRT,value_scaling,wide,DEoptim,67,2.062204395089781,1,2.3290074158889507,2.712464164052316,1,0.48344604121696544,2.5776043499867067,1.3820300987452592
23,DFT_CRT,value_scaling,wide,DEoptim,68,2.124111109692369,1,2.293670845595755,2.6078376713524163,1,0.44251035017407087,2.760690367069939,1.3558617404440383
23,DFT_CRT,value_scaling,wide,DEoptim,69,2.124111109692369,1,2.293670845595755,2.6078376713524163,1,0.44251035017407087,2.760690367069939,1.3558617404440383
23,DFT_CRT,value_scaling,wide,DEoptim,70,2.124111109692369,1,2.293670845595755,2.6078376713524163,1,0.44251035017407087,2.760690367069939,1.3558617404440383
23,DFT_CRT,value_scaling,wide,DEoptim,71,2.124111109692369,1,2.293670845595755,2.6078376713524163,1,0.44251035017407087,2.760690367069939,1.3558617404440383
23,DFT_CRT,value_scaling,wide,DEoptim,72,2.124111109692369,1,2.293670845595755,2.6078376713524163,1,0.44251035017407087,2.760690367069939,1.3558617404440383
23,DFT_CRT,value_scaling,wide,DEoptim,73,2.124111109692369,1,2.293670845595755,2.6078376713524163,1,0.44251035017407087,2.760690367069939,1.3558617404440383
23,DFT_CRT,value_scaling,wide,DEoptim,74,2.124111109692369,1,2.293670845595755,2.6078376713524163,1,0.44251035017407087,2.760690367069939,1.3558617404440383
23,DFT_CRT,value_scaling,wide,DEoptim,75,2.124111109692369,1,2.293670845595755,2.6078376713524163,1,0.44251035017407087,2.760690367069939,1.3558617404440383
23,DFT_CRT,value_scaling,wide,DEoptim,76,2.124111109692369,1,2.293670845595755,2.6078376713524163,1,0.44251035017407087,2.760690367069939,1.3558617404440383
23,DFT_CRT,value_scaling,wide,DEoptim,77,2.124111109692369,1,2.293670845595755,2.6078376713524163,1,0.44251035017407087,2.760690367069939,1.3558617404440383
23,DFT_CRT,value_scaling,wide,DEoptim,78,2.124111109692369,1,2.293670845595755,2.6078376713524163,1,0.44251035017407087,2.760690367069939,1.3558617404440383
23,DFT_CRT,value_scaling,wide,DEoptim,79,2.124111109692369,1,2.293670845595755,2.6078376713524163,1,0.44251035017407087,2.760690367069939,1.3558617404440383
23,DFT_CRT,value_scaling,wide,DEoptim,80,2.124111109692369,1,2.293670845595755,2.6078376713524163,1,0.44251035017407087,2.760690367069939,1.3558617404440383
23,DFT_CRT,value_scaling,wide,DEoptim,81,2.124111109692369,1,2.293670845595755,2.6078376713524163,1,0.44251035017407087,2.760690367069939,1.3558617404440383
23,DFT_CRT,value_scaling,wide,DEoptim,82,2.124111109692369,1,2.293670845595755,2.6078376713524163,1,0.44251035017407087,2.760690367069939,1.3558617404440383
23,DFT_CRT,value_scaling,wide,DEoptim,83,2.124111109692369,1,2.293670845595755,2.6078376713524163,1,0.44251035017407087,2.760690367069939,1.3558617404440383
23,DFT_CRT,value_scaling,wide,DEoptim,84,2.1498611472276803,1,2.8504334879227384,2.7710803567073032,1,0.4165010573745243,2.7532385279294997,1.3338231163475185
23,DFT_CRT,value_scaling,wide,DEoptim,85,2.1498611472276803,1,2.8504334879227384,2.7710803567073032,1,0.4165010573745243,2.7532385279294997,1.3338231163475185
23,DFT_CRT,value_scaling,wide,DEoptim,86,1.797614475482515,1,2.8727824074559565,1.9919649797727939,1,0.39031797126933615,2.6103994175959078,1.3362789582126757
23,DFT_CRT,value_scaling,wide,DEoptim,87,2.1498611472276803,1,2.8504334879227384,2.7710803567073032,1,0.43898048464426775,2.7532385279294997,1.3338231163475185
23,DFT_CRT,value_scaling,wide,DEoptim,88,2.1498611472276803,1,2.8504334879227384,2.7710803567073032,1,0.43898048464426775,2.7532385279294997,1.3338231163475185
23,DFT_CRT,value_scaling,wide,DEoptim,89,2.1498611472276803,1,2.8504334879227384,2.7710803567073032,1,0.43898048464426775,2.7532385279294997,1.3338231163475185
23,DFT_CRT,value_scaling,wide,DEoptim,90,2.1498611472276803,1,2.8504334879227384,2.7710803567073032,1,0.43898048464426775,2.7532385279294997,1.3338231163475185
23,DFT_CRT,value_scaling,wide,DEoptim,91,2.1498611472276803,1,2.8504334879227384,2.7710803567073032,1,0.43898048464426775,2.7532385279294997,1.3338231163475185
23,DFT_CRT,value_scaling,wide,DEoptim,92,2.1498611472276803,1,2.8504334879227384,2.7710803567073032,1,0.43898048464426775,2.7532385279294997,1.3338231163475185
23,DFT_CRT,value_scaling,wide,DEoptim,93,2.1498611472276803,1,2.8504334879227384,2.7710803567073032,1,0.43898048464426775,2.7532385279294997,1.3338231163475185
23,DFT_CRT,value_scaling,wide,DEoptim,94,2.1498611472276803,1,2.8504334879227384,2.7710803567073032,1,0.43898048464426775,2.7532385279294997,1.3338231163475185
23,DFT_CRT,value_scaling,wide,DEoptim,95,2.1498611472276803,1,2.8504334879227384,2.7710803567073032,1,0.43898048464426775,2.7532385279294997,1.3338231163475185
23,DFT_CRT,value_scaling,wide,DEoptim,96,2.002365310229543,1,2.538180128763953,2.373861052838751,1,0.4365008833305908,2.697713790285234,1.3301890742491493
23,DFT_CRT,value_scaling,wide,DEoptim,97,2.002365310229543,1,2.538180128763953,2.373861052838751,1,0.4365008833305908,2.697713790285234,1.3301890742491493
23,DFT_CRT,value_scaling,wide,DEoptim,98,2.002365310229543,1,2.538180128763953,2.373861052838751,1,0.4365008833305908,2.697713790285234,1.3301890742491493
23,DFT_CRT,value_scaling,wide,DEoptim,99,2.002365310229543,1,2.538180128763953,2.373861052838751,1,0.4365008833305908,2.697713790285234,1.3301890742491493
23,DFT_CRT,value_scaling,wide,DEoptim,100,2.002365310229543,1,2.538180128763953,2.373861052838751,1,0.4365008833305908,2.697713790285234,1.3301890742491493
23,DFT_CRT,value_scaling,wide,DEoptim,101,2.002365310229543,1,2.538180128763953,2.373861052838751,1,0.4365008833305908,2.697713790285234,1.3301890742491493
23,DFT_CRT,value_scaling,wide,DEoptim,102,2.002365310229543,1,2.538180128763953,2.373861052838751,1,0.4365008833305908,2.697713790285234,1.3301890742491493
23,DFT_CRT,value_scaling,wide,DEoptim,103,2.002365310229543,1,2.538180128763953,2.373861052838751,1,0.4365008833305908,2.697713790285234,1.3301890742491493
23,DFT_CRT,value_scaling,wide,DEoptim,104,2.002365310229543,1,2.538180128763953,2.373861052838751,1,0.4365008833305908,2.697713790285234,1.3301890742491493
23,DFT_CRT,value_scaling,wide,DEoptim,105,2.002365310229543,1,2.538180128763953,2.373861052838751,1,0.4365008833305908,2.697713790285234,1.3301890742491493
23,DFT_CRT,value_scaling,wide,DEoptim,106,1.8142834279969493,1,2.8332476997748017,2.199288665135391,1,0.4532397516244385,2.6879579696569533,1.3460157499220706
23,DFT_CRT,value_scaling,wide,DEoptim,107,1.8142834279969493,1,2.8332476997748017,2.199288665135391,1,0.4532397516244385,2.6879579696569533,1.3460157499220706
23,DFT_CRT,value_scaling,wide,DEoptim,108,1.8142834279969493,1,2.8332476997748017,2.199288665135391,1,0.4532397516244385,2.6879579696569533,1.3460157499220706
23,DFT_CRT,value_scaling,wide,DEoptim,109,1.8142834279969493,1,2.8332476997748017,2.199288665135391,1,0.4532397516244385,2.6879579696569533,1.3460157499220706
23,DFT_CRT,value_scaling,wide,DEoptim,110,1.8142834279969493,1,2.8332476997748017,2.199288665135391,1,0.4532397516244385,2.6879579696569533,1.3460157499220706
23,DFT_CRT,value_scaling,wide,DEoptim,111,1.8142834279969493,1,2.8332476997748017,2.199288665135391,1,0.4532397516244385,2.6879579696569533,1.3460157499220706
23,DFT_CRT,value_scaling,wide,DEoptim,112,1.8142834279969493,1,2.8332476997748017,2.199288665135391,1,0.4532397516244385,2.6879579696569533,1.3460157499220706
23,DFT_CRT,value_scaling,wide,DEoptim,113,1.8142834279969493,1,2.8332476997748017,2.199288665135391,1,0.4532397516244385,2.6879579696569533,1.3460157499220706
23,DFT_CRT,value_scaling,wide,DEoptim,114,1.8142834279969493,1,2.8332476997748017,2.199288665135391,1,0.4532397516244385,2.6879579696569533,1.3460157499220706
23,DFT_CRT,value_scaling,wide,DEoptim,115,1.8142834279969493,1,2.8332476997748017,2.199288665135391,1,0.4532397516244385,2.6879579696569533,1.3460157499220706
23,DFT_CRT,value_scaling,wide,DEoptim,116,1.8142834279969493,1,2.8332476997748017,2.199288665135391,1,0.4532397516244385,2.6879579696569533,1.3460157499220706
23,DFT_CRT,value_scaling,wide,DEoptim,117,1.8142834279969493,1,2.8332476997748017,2.199288665135391,1,0.4532397516244385,2.6879579696569533,1.3460157499220706
23,DFT_CRT,value_scaling,wide,DEoptim,118,1.8142834279969493,1,2.8332476997748017,2.199288665135391,1,0.4532397516244385,2.6879579696569533,1.3460157499220706
23,DFT_CRT,value_scaling,wide,DEoptim,119,1.8142834279969493,1,2.8332476997748017,2.199288665135391,1,0.4532397516244385,2.6879579696569533,1.3460157499220706
23,DFT_CRT,value_scaling,wide,DEoptim,120,1.8142834279969493,1,2.8332476997748017,2.199288665135391,1,0.4532397516244385,2.6879579696569533,1.3460157499220706
23,DFT_CRT,value_scaling,wide,DEoptim,121,1.7806471501593892,1,2.8405715833112097,2.113031522210666,1,0.4569531810026887,2.599861691145117,1.3570870137796398
23,DFT_CRT,value_scaling,wide,DEoptim,122,1.7806471501593892,1,2.8405715833112097,2.113031522210666,1,0.4569531810026887,2.6189386328626116,1.3570870137796398
23,DFT_CRT,value_scaling,wide,DEoptim,123,1.7806471501593892,1,2.8405715833112097,2.113031522210666,1,0.4569531810026887,2.6189386328626116,1.3570870137796398
23,DFT_CRT,value_scaling,wide,DEoptim,124,1.7806471501593892,1,2.8405715833112097,2.113031522210666,1,0.4569531810026887,2.6189386328626116,1.3570870137796398
23,DFT_CRT,value_scaling,wide,DEoptim,125,1.7806471501593892,1,2.8405715833112097,2.113031522210666,1,0.4569531810026887,2.6189386328626116,1.3570870137796398
23,DFT_CRT,value_scaling,wide,DEoptim,126,1.7806471501593892,1,2.8405715833112097,2.113031522210666,1,0.4569531810026887,2.6189386328626116,1.3570870137796398
23,DFT_CRT,value_scaling,wide,DEoptim,127,1.7806471501593892,1,2.8405715833112097,2.113031522210666,1,0.4569531810026887,2.6189386328626116,1.3570870137796398
23,DFT_CRT,value_scaling,wide,DEoptim,128,1.7806471501593892,1,2.8405715833112097,2.113031522210666,1,0.4569531810026887,2.6189386328626116,1.3570870137796398
23,DFT_CRT,value_scaling,wide,DEoptim,129,1.821388303961502,1,2.855650073184237,2.210110835842775,1,0.476985188792056,2.606477365603368,1.3530118703614529
23,DFT_CRT,value_scaling,wide,DEoptim,130,1.821388303961502,1,2.855650073184237,2.210110835842775,1,0.476985188792056,2.606477365603368,1.3530118703614529
23,DFT_CRT,value_scaling,wide,DEoptim,131,1.821388303961502,1,2.855650073184237,2.210110835842775,1,0.476985188792056,2.606477365603368,1.3530118703614529
23,DFT_CRT,value_scaling,wide,DEoptim,132,1.821388303961502,1,2.855650073184237,2.210110835842775,1,0.476985188792056,2.606477365603368,1.3530118703614529
23,DFT_CRT,value_scaling,wide,DEoptim,133,1.821388303961502,1,2.855650073184237,2.210110835842775,1,0.476985188792056,2.606477365603368,1.3530118703614529
23,DFT_CRT,value_scaling,wide,DEoptim,134,1.821388303961502,1,2.8699080632666747,2.210110835842775,1,0.476985188792056,2.606477365603368,1.3530118703614529
23,DFT_CRT,value_scaling,wide,DEoptim,135,1.821388303961502,1,2.8699080632666747,2.210110835842775,1,0.476985188792056,2.606477365603368,1.3530118703614529
23,DFT_CRT,value_scaling,wide,DEoptim,136,1.821388303961502,1,2.8699080632666747,2.210110835842775,1,0.476985188792056,2.606477365603368,1.3530118703614529
23,DFT_CRT,value_scaling,wide,DEoptim,137,1.8061317423632177,1,2.9268843025605853,2.132831896136313,1,0.4421341337526954,2.6418497971268473,1.3563053863810055
23,DFT_CRT,value_scaling,wide,DEoptim,138,1.8061317423632177,1,2.9268843025605853,2.132831896136313,1,0.4421341337526954,2.6418497971268473,1.3563053863810055
23,DFT_CRT,value_scaling,wide,DEoptim,139,1.8061317423632177,1,2.9268843025605853,2.132831896136313,1,0.4421341337526954,2.6418497971268473,1.3563053863810055
23,DFT_CRT,value_scaling,wide,DEoptim,140,1.8061317423632177,1,2.9268843025605853,2.132831896136313,1,0.4421341337526954,2.6418497971268473,1.3563053863810055
23,DFT_CRT,value_scaling,wide,DEoptim,141,1.8061317423632177,1,2.9268843025605853,2.132831896136313,1,0.4421341337526954,2.6418497971268473,1.3563053863810055
23,DFT_CRT,value_scaling,wide,DEoptim,142,1.8061317423632177,1,2.9268843025605853,2.132831896136313,1,0.4421341337526954,2.6418497971268473,1.3563053863810055
23,DFT_CRT,value_scaling,wide,DEoptim,143,1.8061317423632177,1,2.9268843025605853,2.132831896136313,1,0.4421341337526954,2.6418497971268473,1.3563053863810055
23,DFT_CRT,value_scaling,wide,DEoptim,144,1.8061317423632177,1,2.9268843025605853,2.132831896136313,1,0.4421341337526954,2.6418497971268473,1.3563053863810055
23,DFT_CRT,value_scaling,wide,DEoptim,145,1.8061508374999833,1,2.9120034564242414,2.1287479156236038,1,0.44796217928519705,2.631724564021401,1.3496575327350349
23,DFT_CRT,value_scaling,wide,DEoptim,146,1.8061508374999833,1,2.9120034564242414,2.1287479156236038,1,0.44796217928519705,2.631724564021401,1.3496575327350349
23,DFT_CRT,value_scaling,wide,DEoptim,147,1.8061508374999833,1,2.9120034564242414,2.1287479156236038,1,0.44796217928519705,2.631724564021401,1.3496575327350349
23,DFT_CRT,value_scaling,wide,DEoptim,148,1.8061508374999833,1,2.9120034564242414,2.1287479156236038,1,0.44796217928519705,2.631724564021401,1.3496575327350349
23,DFT_CRT,value_scaling,wide,DEoptim,149,1.864322716414171,1,2.9415145939722507,2.316595361488254,1,0.4732234617982429,2.676369514532421,1.3445520570518041
23,DFT_CRT,value_scaling,wide,DEoptim,150,1.864322716414171,1,2.9415145939722507,2.316595361488254,1,0.4732234617982429,2.676369514532421,1.3445520570518041
23,DFT_CRT,value_scaling,wide,DEoptim,151,1.864322716414171,1,2.9415145939722507,2.316595361488254,1,0.4732234617982429,2.676369514532421,1.3445520570518041
23,DFT_CRT,value_scaling,wide,DEoptim,152,1.864322716414171,1,2.9415145939722507,2.316595361488254,1,0.4732234617982429,2.676369514532421,1.3445520570518041
23,DFT_CRT,value_scaling,wide,DEoptim,153,1.864322716414171,1,2.9415145939722507,2.316595361488254,1,0.4732234617982429,2.676369514532421,1.3445520570518041
23,DFT_CRT,value_scaling,wide,DEoptim,154,1.864322716414171,1,2.9415145939722507,2.316595361488254,1,0.4732234617982429,2.676369514532421,1.3445520570518041
23,DFT_CRT,value_scaling,wide,DEoptim,155,1.864322716414171,1,2.997324482434929,2.316595361488254,1,0.4732234617982429,2.676369514532421,1.3445520570518041
23,DFT_CRT,value_scaling,wide,DEoptim,156,1.864322716414171,1,2.997324482434929,2.316595361488254,1,0.4732234617982429,2.676369514532421,1.3445520570518041
23,DFT_CRT,value_scaling,wide,DEoptim,157,1.8473284251626223,1,2.959196650205814,2.1875920373616413,1,0.4414322814499968,2.6750263974074344,1.3465084434512726
23,DFT_CRT,value_scaling,wide,DEoptim,158,1.8473284251626223,1,2.959196650205814,2.1875920373616413,1,0.4414322814499968,2.6750263974074344,1.3465084434512726
23,DFT_CRT,value_scaling,wide,DEoptim,159,1.8473284251626223,1,2.959196650205814,2.1875920373616413,1,0.4414322814499968,2.6750263974074344,1.3465084434512726
23,DFT_CRT,value_scaling,wide,DEoptim,160,1.8473284251626223,1,2.959196650205814,2.1875920373616413,1,0.4414322814499968,2.6750263974074344,1.3465084434512726
23,DFT_CRT,value_scaling,wide,DEoptim,161,1.8473284251626223,1,2.959196650205814,2.1875920373616413,1,0.4414322814499968,2.6750263974074344,1.3465084434512726
23,DFT_CRT,value_scaling,wide,DEoptim,162,1.8473284251626223,1,2.959196650205814,2.1875920373616413,1,0.4414322814499968,2.6750263974074344,1.3465084434512726
23,DFT_CRT,value_scaling,wide,DEoptim,163,1.8473284251626223,1,2.959196650205814,2.1875920373616413,1,0.4414322814499968,2.6750263974074344,1.3465084434512726
23,DFT_CRT,value_scaling,wide,DEoptim,164,1.8473284251626223,1,2.959196650205814,2.1875920373616413,1,0.4414322814499968,2.6750263974074344,1.3465084434512726
23,DFT_CRT,value_scaling,wide,DEoptim,165,1.8473284251626223,1,2.959196650205814,2.1875920373616413,1,0.4414322814499968,2.6750263974074344,1.3465084434512726
23,DFT_CRT,value_scaling,wide,DEoptim,166,1.8473284251626223,1,2.959196650205814,2.1875920373616413,1,0.4414322814499968,2.6750263974074344,1.3465084434512726
23,DFT_CRT,value_scaling,wide,DEoptim,167,1.8473284251626223,1,2.959196650205814,2.1875920373616413,1,0.4414322814499968,2.6750263974074344,1.3465084434512726
23,DFT_CRT,value_scaling,wide,DEoptim,168,1.8473284251626223,1,2.959196650205814,2.1875920373616413,1,0.4414322814499968,2.6750263974074344,1.3465084434512726
23,DFT_CRT,value_scaling,wide,DEoptim,169,1.8473284251626223,1,2.959196650205814,2.1875920373616413,1,0.4414322814499968,2.6750263974074344,1.3465084434512726
23,DFT_CRT,value_scaling,wide,DEoptim,170,1.8349588088722488,1,2.9995331966996623,2.2290260102834525,1,0.47044814744385843,2.61391939470539,1.3548994878692064
23,DFT_CRT,value_scaling,wide,DEoptim,171,1.903514159084695,1,2.9607700593928135,2.3160289848614015,1,0.44740450268615617,2.627540048294792,1.350477770073432
23,DFT_CRT,value_scaling,wide,DEoptim,172,1.903514159084695,1,2.9607700593928135,2.3160289848614015,1,0.44740450268615617,2.627540048294792,1.350477770073432
23,DFT_CRT,value_scaling,wide,DEoptim,173,1.903514159084695,1,2.9607700593928135,2.3160289848614015,1,0.44740450268615617,2.627540048294792,1.350477770073432
23,DFT_CRT,value_scaling,wide,DEoptim,174,1.903514159084695,1,2.9607700593928135,2.3160289848614015,1,0.44740450268615617,2.627540048294792,1.350477770073432
23,DFT_CRT,value_scaling,wide,DEoptim,175,1.903514159084695,1,2.9607700593928135,2.3160289848614015,1,0.44740450268615617,2.627540048294792,1.350477770073432
23,DFT_CRT,value_scaling,wide,DEoptim,176,1.8915517400539987,1,2.954493844705446,2.267412438106389,1,0.439556817909558,2.6286214587242607,1.3546361602731505
23,DFT_CRT,value_scaling,wide,DEoptim,177,1.8567600514963305,1,2.993685507587586,2.2184868139749696,1,0.4532555790048401,2.6370470634409995,1.3503093562299122
23,DFT_CRT,value_scaling,wide,DEoptim,178,1.8567600514963305,1,2.993685507587586,2.2184868139749696,1,0.4532555790048401,2.6370470634409995,1.3503093562299122
23,DFT_CRT,value_scaling,wide,DEoptim,179,1.903514159084695,1,2.9607700593928135,2.3160289848614015,1,0.44740450268615617,2.6487514201352522,1.3511457528367574
23,DFT_CRT,value_scaling,wide,DEoptim,180,1.903514159084695,1,2.9607700593928135,2.3160289848614015,1,0.44740450268615617,2.6487514201352522,1.3511457528367574
23,DFT_CRT,value_scaling,wide,DEoptim,181,1.903514159084695,1,2.9607700593928135,2.3160289848614015,1,0.44740450268615617,2.6487514201352522,1.3511457528367574
23,DFT_CRT,value_scaling,wide,DEoptim,182,1.903514159084695,1,2.9607700593928135,2.3160289848614015,1,0.44740450268615617,2.6487514201352522,1.3511457528367574
23,DFT_CRT,value_scaling,wide,DEoptim,183,1.903514159084695,1,2.9607700593928135,2.3160289848614015,1,0.44740450268615617,2.6487514201352522,1.3511457528367574
23,DFT_CRT,value_scaling,wide,DEoptim,184,1.903514159084695,1,2.9607700593928135,2.3160289848614015,1,0.44740450268615617,2.6487514201352522,1.3511457528367574
23,DFT_CRT,value_scaling,wide,DEoptim,185,1.903514159084695,1,2.9607700593928135,2.3160289848614015,1,0.44740450268615617,2.6487514201352522,1.3511457528367574
23,DFT_CRT,value_scaling,wide,DEoptim,186,1.8915517400539987,1,2.992021303391084,2.267412438106389,1,0.439556817909558,2.6556378490573382,1.3513671016409334
23,DFT_CRT,value_scaling,wide,DEoptim,187,1.8915517400539987,1,2.992021303391084,2.267412438106389,1,0.439556817909558,2.6556378490573382,1.3513671016409334
23,DFT_CRT,value_scaling,wide,DEoptim,188,1.8915517400539987,1,2.992021303391084,2.267412438106389,1,0.439556817909558,2.6556378490573382,1.3513671016409334
23,DFT_CRT,value_scaling,wide,DEoptim,189,1.8915517400539987,1,2.992021303391084,2.267412438106389,1,0.439556817909558,2.6556378490573382,1.3513671016409334
23,DFT_CRT,value_scaling,wide,DEoptim,190,1.8915517400539987,1,2.992021303391084,2.267412438106389,1,0.439556817909558,2.6556378490573382,1.3513671016409334
23,DFT_CRT,value_scaling,wide,DEoptim,191,1.8635290520610097,1,2.99902361399113,2.28155295440202,1,0.46362583092353205,2.6554752650858915,1.3511467512193711
23,DFT_CRT,value_scaling,wide,DEoptim,192,1.8635290520610097,1,2.99902361399113,2.28155295440202,1,0.46362583092353205,2.6554752650858915,1.3511467512193711
23,DFT_CRT,value_scaling,wide,DEoptim,193,1.8635290520610097,1,2.99902361399113,2.28155295440202,1,0.46362583092353205,2.6554752650858915,1.3511467512193711
23,DFT_CRT,value_scaling,wide,DEoptim,194,1.8635290520610097,1,2.99902361399113,2.28155295440202,1,0.46362583092353205,2.6554752650858915,1.3511467512193711
23,DFT_CRT,value_scaling,wide,DEoptim,195,1.8635290520610097,1,2.99902361399113,2.28155295440202,1,0.46362583092353205,2.6554752650858915,1.3511467512193711
23,DFT_CRT,value_scaling,wide,DEoptim,196,1.8635290520610097,1,2.99902361399113,2.28155295440202,1,0.46362583092353205,2.6554752650858915,1.3511467512193711
23,DFT_CRT,value_scaling,wide,DEoptim,197,1.8635290520610097,1,2.99902361399113,2.28155295440202,1,0.46362583092353205,2.6554752650858915,1.3511467512193711
23,DFT_CRT,value_scaling,wide,DEoptim,198,1.8635290520610097,1,2.99902361399113,2.28155295440202,1,0.46362583092353205,2.6554752650858915,1.3511467512193711
23,DFT_CRT,value_scaling,wide,DEoptim,199,1.8635290520610097,1,2.99902361399113,2.28155295440202,1,0.46362583092353205,2.6554752650858915,1.3511467512193711
23,DFT_CRT,value_scaling,wide,DEoptim,200,1.8635290520610097,1,2.99902361399113,2.28155295440202,1,0.46362583092353205,2.6554752650858915,1.3511467512193711
23,DFT_CRT,value_scaling,wide,DEoptim,201,1.8635290520610097,1,2.99902361399113,2.28155295440202,1,0.46362583092353205,2.6554752650858915,1.3511467512193711
23,DFT_CRT,value_scaling,wide,DEoptim,202,1.8635290520610097,1,2.99902361399113,2.28155295440202,1,0.46362583092353205,2.6554752650858915,1.3511467512193711
23,DFT_CRT,value_scaling,wide,DEoptim,203,1.8635290520610097,1,2.99902361399113,2.28155295440202,1,0.46362583092353205,2.6554752650858915,1.3511467512193711
23,DFT_CRT,value_scaling,wide,DEoptim,204,1.8635290520610097,1,2.99902361399113,2.28155295440202,1,0.46362583092353205,2.6554752650858915,1.3511467512193711
23,DFT_CRT,value_scaling,wide,DEoptim,205,1.8635290520610097,1,2.99902361399113,2.28155295440202,1,0.46362583092353205,2.6554752650858915,1.3511467512193711
23,DFT_CRT,value_scaling,wide,DEoptim,206,1.864322716414171,1,2.997324482434929,2.273175963501522,1,0.4556585841167988,2.6660220966308867,1.3445520570518041
23,DFT_CRT,value_scaling,wide,DEoptim,207,1.903514159084695,1,2.9900334619667706,2.3160289848614015,1,0.44740450268615617,2.6515203691222435,1.3511457528367574
23,DFT_CRT,value_scaling,wide,DEoptim,208,1.903514159084695,1,2.9900334619667706,2.3160289848614015,1,0.44740450268615617,2.6515203691222435,1.3511457528367574
23,DFT_CRT,value_scaling,wide,DEoptim,209,1.903514159084695,1,2.9900334619667706,2.3160289848614015,1,0.44740450268615617,2.6515203691222435,1.3511457528367574
23,DFT_CRT,value_scaling,wide,DEoptim,210,1.903514159084695,1,2.9900334619667706,2.3160289848614015,1,0.44740450268615617,2.6515203691222435,1.3511457528367574
23,DFT_CRT,value_scaling,wide,DEoptim,211,1.878052957532769,1,2.9904199155543196,2.257234481421692,1,0.44843826852368063,2.649028886991941,1.3518805167543797
23,DFT_CRT,value_scaling,wide,DEoptim,212,1.878052957532769,1,2.9939882892303795,2.257234481421692,1,0.44843826852368063,2.649028886991941,1.3518805167543797
23,DFT_CRT,value_scaling,wide,DEoptim,213,1.878052957532769,1,2.9939882892303795,2.257234481421692,1,0.44843826852368063,2.649028886991941,1.3518805167543797
23,DFT_CRT,value_scaling,wide,DEoptim,214,1.878052957532769,1,2.9939882892303795,2.257234481421692,1,0.44843826852368063,2.649028886991941,1.3518805167543797
23,DFT_CRT,value_scaling,wide,DEoptim,215,1.878052957532769,1,2.9939882892303795,2.257234481421692,1,0.44843826852368063,2.649028886991941,1.3518805167543797
23,DFT_CRT,value_scaling,wide,DEoptim,216,1.878052957532769,1,2.9939882892303795,2.257234481421692,1,0.44843826852368063,2.649028886991941,1.3518805167543797
23,DFT_CRT,value_scaling,wide,DEoptim,217,1.878052957532769,1,2.9939882892303795,2.257234481421692,1,0.44843826852368063,2.649028886991941,1.3518805167543797
23,DFT_CRT,value_scaling,wide,DEoptim,218,1.878052957532769,1,2.9939882892303795,2.257234481421692,1,0.44843826852368063,2.649028886991941,1.3518805167543797
23,DFT_CRT,value_scaling,wide,DEoptim,219,1.878052957532769,1,2.9939882892303795,2.257234481421692,1,0.44843826852368063,2.649028886991941,1.3518805167543797
23,DFT_CRT,value_scaling,wide,DEoptim,220,1.878052957532769,1,2.9939882892303795,2.257234481421692,1,0.44843826852368063,2.649028886991941,1.3518805167543797
23,DFT_CRT,value_scaling,wide,DEoptim,221,1.878052957532769,1,2.9939882892303795,2.257234481421692,1,0.44843826852368063,2.649028886991941,1.3518805167543797
23,DFT_CRT,value_scaling,wide,DEoptim,222,1.878052957532769,1,2.9939882892303795,2.257234481421692,1,0.44843826852368063,2.649028886991941,1.3518805167543797
23,DFT_CRT,value_scaling,wide,DEoptim,223,1.878052957532769,1,2.9939882892303795,2.257234481421692,1,0.4462965355100066,2.649028886991941,1.3518805167543797
23,DFT_CRT,value_scaling,wide,DEoptim,224,1.878052957532769,1,2.9939882892303795,2.257234481421692,1,0.4462965355100066,2.649028886991941,1.3518805167543797
23,DFT_CRT,value_scaling,wide,DEoptim,225,1.878052957532769,1,2.9939882892303795,2.257234481421692,1,0.4462965355100066,2.649028886991941,1.3518805167543797
23,DFT_CRT,value_scaling,wide,DEoptim,226,1.878052957532769,1,2.996911576199815,2.257234481421692,1,0.4462965355100066,2.649028886991941,1.3518805167543797
23,DFT_CRT,value_scaling,wide,DEoptim,227,1.878052957532769,1,2.996911576199815,2.257234481421692,1,0.4462965355100066,2.649028886991941,1.3518805167543797
23,DFT_CRT,value_scaling,wide,DEoptim,228,1.878052957532769,1,2.996911576199815,2.257234481421692,1,0.4462965355100066,2.649028886991941,1.3518805167543797
23,DFT_CRT,value_scaling,wide,DEoptim,229,1.8635290520610097,1,2.99902361399113,2.2606753710014775,1,0.45621067838176477,2.6544620590903505,1.3489125427442088
23,DFT_CRT,value_scaling,wide,DEoptim,230,1.8635290520610097,1,2.99902361399113,2.2606753710014775,1,0.45621067838176477,2.6544620590903505,1.3489125427442088
23,DFT_CRT,value_scaling,wide,DEoptim,231,1.8635290520610097,1,2.99902361399113,2.2606753710014775,1,0.45621067838176477,2.6544620590903505,1.3489125427442088
23,DFT_CRT,value_scaling,wide,DEoptim,232,1.8635290520610097,1,2.99902361399113,2.2606753710014775,1,0.45621067838176477,2.6544620590903505,1.3489125427442088
23,DFT_CRT,value_scaling,wide,DEoptim,233,1.8635290520610097,1,2.99902361399113,2.2606753710014775,1,0.45621067838176477,2.6544620590903505,1.3489125427442088
23,DFT_CRT,value_scaling,wide,DEoptim,234,1.8635290520610097,1,2.99902361399113,2.2606753710014775,1,0.45621067838176477,2.6544620590903505,1.3489125427442088
23,DFT_CRT,value_scaling,wide,DEoptim,235,1.8635290520610097,1,2.99902361399113,2.2606753710014775,1,0.45621067838176477,2.6544620590903505,1.3489125427442088
23,DFT_CRT,value_scaling,wide,DEoptim,236,1.8635290520610097,1,2.99902361399113,2.2606753710014775,1,0.45621067838176477,2.6544620590903505,1.3489125427442088
23,DFT_CRT,value_scaling,wide,DEoptim,237,1.8635290520610097,1,2.99902361399113,2.2606753710014775,1,0.45621067838176477,2.6544620590903505,1.3489125427442088
23,DFT_CRT,value_scaling,wide,DEoptim,238,1.8635290520610097,1,2.99902361399113,2.2606753710014775,1,0.45621067838176477,2.6544620590903505,1.3489125427442088
23,DFT_CRT,value_scaling,wide,DEoptim,239,1.8635290520610097,1,2.99902361399113,2.2606753710014775,1,0.45621067838176477,2.6544620590903505,1.3489125427442088
23,DFT_CRT,value_scaling,wide,DEoptim,240,1.8635290520610097,1,2.99902361399113,2.2606753710014775,1,0.45621067838176477,2.6544620590903505,1.3489125427442088
23,DFT_CRT,value_scaling,wide,DEoptim,241,1.8635290520610097,1,2.99902361399113,2.2606753710014775,1,0.45621067838176477,2.6544620590903505,1.3489125427442088
23,DFT_CRT,value_scaling,wide,DEoptim,242,1.8635290520610097,1,2.99902361399113,2.2606753710014775,1,0.45621067838176477,2.6544620590903505,1.3489125427442088
23,DFT_CRT,value_scaling,wide,DEoptim,243,1.8635290520610097,1,2.99902361399113,2.2606753710014775,1,0.45621067838176477,2.6544620590903505,1.3489125427442088
23,DFT_CRT,value_scaling,wide,DEoptim,244,1.8635290520610097,1,2.99902361399113,2.2606753710014775,1,0.45621067838176477,2.6544620590903505,1.3489125427442088
23,DFT_CRT,value_scaling,wide,DEoptim,245,1.8635290520610097,1,2.99902361399113,2.2606753710014775,1,0.45621067838176477,2.6544620590903505,1.3489125427442088
23,DFT_CRT,value_scaling,wide,DEoptim,246,1.8635290520610097,1,2.99902361399113,2.2606753710014775,1,0.45621067838176477,2.6544620590903505,1.3489125427442088
23,DFT_CRT,value_scaling,wide,DEoptim,247,1.8635290520610097,1,2.99902361399113,2.2606753710014775,1,0.45621067838176477,2.6544620590903505,1.3489125427442088
23,DFT_CRT,value_scaling,wide,DEoptim,248,1.8635290520610097,1,2.99902361399113,2.2606753710014775,1,0.45621067838176477,2.6544620590903505,1.3489125427442088
23,DFT_CRT,value_scaling,wide,DEoptim,249,1.8635290520610097,1,2.99902361399113,2.2606753710014775,1,0.45621067838176477,2.6544620590903505,1.3489125427442088
23,DFT_CRT,value_scaling,wide,DEoptim,250,1.8635290520610097,1,2.99902361399113,2.2606753710014775,1,0.45621067838176477,2.6544620590903505,1.3489125427442088
23,DFT_CRT,value_scaling,wide,DEoptim,251,1.8635290520610097,1,2.99902361399113,2.2606753710014775,1,0.45621067838176477,2.6544620590903505,1.3489125427442088
23,DFT_CRT,value_scaling,wide,DEoptim,252,1.8635290520610097,1,2.99902361399113,2.2606753710014775,1,0.45621067838176477,2.6544620590903505,1.3489125427442088
23,DFT_CRT,value_scaling,wide,DEoptim,253,1.8635290520610097,1,2.99902361399113,2.2606753710014775,1,0.45621067838176477,2.6544620590903505,1.3489125427442088
23,DFT_CRT,value_scaling,wide,DEoptim,254,1.8635290520610097,1,2.99902361399113,2.2606753710014775,1,0.45621067838176477,2.6544620590903505,1.3489125427442088
23,DFT_CRT,value_scaling,wide,DEoptim,255,1.8635290520610097,1,2.99902361399113,2.2606753710014775,1,0.45621067838176477,2.6544620590903505,1.3489125427442088
23,DFT_CRT,value_scaling,wide,DEoptim,256,1.8635290520610097,1,2.99902361399113,2.2606753710014775,1,0.45621067838176477,2.6544620590903505,1.3489125427442088
23,DFT_CRT,value_scaling,wide,DEoptim,257,1.8635290520610097,1,2.99902361399113,2.2606753710014775,1,0.45621067838176477,2.6544620590903505,1.3489125427442088
23,DFT_CRT,value_scaling,wide,DEoptim,258,1.8635290520610097,1,2.99902361399113,2.2606753710014775,1,0.45621067838176477,2.6541579373438866,1.3489125427442088
23,DFT_CRT,value_scaling,wide,DEoptim,259,1.8635290520610097,1,2.99902361399113,2.2606753710014775,1,0.45621067838176477,2.6541579373438866,1.3489125427442088
23,DFT_CRT,value_scaling,wide,DEoptim,260,1.8635290520610097,1,2.99902361399113,2.2606753710014775,1,0.45621067838176477,2.6541579373438866,1.3489125427442088
23,DFT_CRT,value_scaling,wide,DEoptim,261,1.8635290520610097,1,2.99902361399113,2.2606753710014775,1,0.45621067838176477,2.6541579373438866,1.3489125427442088
23,DFT_CRT,value_scaling,wide,DEoptim,262,1.8635290520610097,1,2.99902361399113,2.2606753710014775,1,0.45621067838176477,2.6541579373438866,1.3489125427442088
23,DFT_CRT,value_scaling,wide,DEoptim,263,1.8635290520610097,1,2.99902361399113,2.2606753710014775,1,0.45621067838176477,2.6541579373438866,1.3489125427442088
23,DFT_CRT,value_scaling,wide,DEoptim,264,1.8635290520610097,1,2.99902361399113,2.2606753710014775,1,0.45621067838176477,2.6541579373438866,1.3489125427442088
23,DFT_CRT,value_scaling,wide,DEoptim,265,1.8635290520610097,1,2.99902361399113,2.2606753710014775,1,0.45621067838176477,2.6541579373438866,1.3489125427442088
23,DFT_CRT,value_scaling,wide,DEoptim,266,1.8635290520610097,1,2.999185013499365,2.2606753710014775,1,0.45621067838176477,2.6541579373438866,1.3489125427442088
23,DFT_CRT,value_scaling,wide,DEoptim,267,1.8635290520610097,1,2.999185013499365,2.2606753710014775,1,0.45621067838176477,2.6541579373438866,1.3489125427442088
23,DFT_CRT,value_scaling,wide,DEoptim,268,1.8635290520610097,1,2.999185013499365,2.2606753710014775,1,0.45621067838176477,2.6541579373438866,1.3489125427442088
23,DFT_CRT,value_scaling,wide,DEoptim,269,1.8635290520610097,1,2.999185013499365,2.2606753710014775,1,0.45621067838176477,2.6541579373438866,1.3489125427442088
23,DFT_CRT,value_scaling,wide,DEoptim,270,1.8635290520610097,1,2.999185013499365,2.2606753710014775,1,0.45621067838176477,2.6541579373438866,1.3489125427442088
23,DFT_CRT,value_scaling,wide,DEoptim,271,1.8635290520610097,1,2.999185013499365,2.2606753710014775,1,0.45621067838176477,2.6541579373438866,1.3489125427442088
23,DFT_CRT,value_scaling,wide,DEoptim,272,1.8776541828987245,1,2.9988635592238224,2.2756337517361276,1,0.45438850755534405,2.6532596506383954,1.3494152405854911
23,DFT_CRT,value_scaling,wide,DEoptim,273,1.8776541828987245,1,2.9988635592238224,2.2756337517361276,1,0.45438850755534405,2.6532596506383954,1.3494152405854911
23,DFT_CRT,value_scaling,wide,DEoptim,274,1.8776541828987245,1,2.9988635592238224,2.2756337517361276,1,0.45438850755534405,2.6532596506383954,1.3494152405854911
23,DFT_CRT,value_scaling,wide,DEoptim,275,1.8776541828987245,1,2.9988635592238224,2.2756337517361276,1,0.45438850755534405,2.6532596506383954,1.3494152405854911
23,DFT_CRT,value_scaling,wide,DEoptim,276,1.8776541828987245,1,2.9988635592238224,2.2756337517361276,1,0.45438850755534405,2.6532596506383954,1.3494152405854911
23,DFT_CRT,value_scaling,wide,DEoptim,277,1.8776541828987245,1,2.9988635592238224,2.2756337517361276,1,0.45438850755534405,2.6532596506383954,1.3494152405854911
23,DFT_CRT,value_scaling,wide,DEoptim,278,1.8776541828987245,1,2.9988635592238224,2.2756337517361276,1,0.45320309587229707,2.6532596506383954,1.3494152405854911
23,DFT_CRT,value_scaling,wide,DEoptim,279,1.8776541828987245,1,2.9988635592238224,2.2756337517361276,1,0.45320309587229707,2.6532596506383954,1.3494152405854911
23,DFT_CRT,value_scaling,wide,DEoptim,280,1.8776541828987245,1,2.9994572785044245,2.2756337517361276,1,0.45320309587229707,2.6532596506383954,1.3494152405854911
23,DFT_CRT,value_scaling,wide,DEoptim,281,1.8776541828987245,1,2.9994572785044245,2.2756337517361276,1,0.45320309587229707,2.6532596506383954,1.3494152405854911
23,DFT_CRT,value_scaling,wide,DEoptim,282,1.8776541828987245,1,2.9994572785044245,2.2756337517361276,1,0.45320309587229707,2.6532596506383954,1.3494152405854911
23,DFT_CRT,value_scaling,wide,DEoptim,283,1.8776541828987245,1,2.9994572785044245,2.2756337517361276,1,0.45320309587229707,2.6532596506383954,1.3494152405854911
23,DFT_CRT,value_scaling,wide,DEoptim,284,1.8776541828987245,1,2.9994572785044245,2.2756337517361276,1,0.45320309587229707,2.6532596506383954,1.3494152405854911
23,DFT_CRT,value_scaling,wide,DEoptim,285,1.8776541828987245,1,2.9994572785044245,2.2756337517361276,1,0.45320309587229707,2.6532596506383954,1.3494152405854911
23,DFT_CRT,value_scaling,wide,DEoptim,286,1.8776541828987245,1,2.9994572785044245,2.2756337517361276,1,0.45320309587229707,2.6532596506383954,1.3494152405854911
23,DFT_CRT,value_scaling,wide,DEoptim,287,1.8776541828987245,1,2.9994572785044245,2.2756337517361276,1,0.45320309587229707,2.6532596506383954,1.3494152405854911
23,DFT_CRT,value_scaling,wide,DEoptim,288,1.8776541828987245,1,2.9994572785044245,2.2756337517361276,1,0.45320309587229707,2.6532596506383954,1.3494152405854911
23,DFT_CRT,value_scaling,wide,DEoptim,289,1.8776541828987245,1,2.9994572785044245,2.2756337517361276,1,0.45320309587229707,2.6532596506383954,1.3494152405854911
23,DFT_CRT,value_scaling,wide,DEoptim,290,1.8776541828987245,1,2.9994572785044245,2.2756337517361276,1,0.45320309587229707,2.6532596506383954,1.3494152405854911
23,DFT_CRT,value_scaling,wide,DEoptim,291,1.8776541828987245,1,2.9994572785044245,2.2756337517361276,1,0.45320309587229707,2.6532596506383954,1.3494152405854911
23,DFT_CRT,value_scaling,wide,DEoptim,292,1.8776541828987245,1,2.9994572785044245,2.2756337517361276,1,0.45320309587229707,2.6532596506383954,1.3494152405854911
23,DFT_CRT,value_scaling,wide,DEoptim,293,1.8776541828987245,1,2.9994572785044245,2.2756337517361276,1,0.45320309587229707,2.6532596506383954,1.3494152405854911
23,DFT_CRT,value_scaling,wide,DEoptim,294,1.8776541828987245,1,2.9994572785044245,2.2756337517361276,1,0.45320309587229707,2.6532596506383954,1.3494152405854911
23,DFT_CRT,value_scaling,wide,DEoptim,295,1.8776541828987245,1,2.9994572785044245,2.2756337517361276,1,0.45320309587229707,2.6532596506383954,1.3494152405854911
23,DFT_CRT,value_scaling,wide,DEoptim,296,1.8776541828987245,1,2.9994572785044245,2.2756337517361276,1,0.45320309587229707,2.6532596506383954,1.3494152405854911
23,DFT_CRT,value_scaling,wide,DEoptim,297,1.8776541828987245,1,2.9994572785044245,2.2756337517361276,1,0.45320309587229707,2.6532596506383954,1.3494152405854911
23,DFT_CRT,value_scaling,wide,DEoptim,298,1.8776541828987245,1,2.9994572785044245,2.2756337517361276,1,0.45320309587229707,2.6532596506383954,1.3494152405854911
23,DFT_CRT,value_scaling,wide,DEoptim,299,1.8776541828987245,1,2.9994572785044245,2.2756337517361276,1,0.45320309587229707,2.6532596506383954,1.3494152405854911
23,DFT_CRT,value_scaling,wide,DEoptim,300,1.8771471516780769,1,2.9994172474324476,2.2779941879968213,1,0.4521705372716966,2.656805810107215,1.3487521938021094
23,DFT_CRT,value_scaling,wide,DEoptim,301,1.8771471516780769,1,2.9994172474324476,2.2779941879968213,1,0.4521705372716966,2.656805810107215,1.3487521938021094
23,DFT_CRT,value_scaling,wide,DEoptim,302,1.8776541828987245,1,2.9994572785044245,2.2756337517361276,1,0.45226147568261027,2.6532596506383954,1.3494152405854911
23,DFT_CRT,value_scaling,wide,DEoptim,303,1.8776541828987245,1,2.9994572785044245,2.2756337517361276,1,0.45226147568261027,2.6532596506383954,1.3494152405854911
23,DFT_CRT,value_scaling,wide,DEoptim,304,1.8776541828987245,1,2.9994572785044245,2.2756337517361276,1,0.45226147568261027,2.6532596506383954,1.3494152405854911
23,DFT_CRT,value_scaling,wide,DEoptim,305,1.8776541828987245,1,2.9994572785044245,2.2756337517361276,1,0.45226147568261027,2.6532596506383954,1.3494152405854911
23,DFT_CRT,value_scaling,wide,DEoptim,306,1.8776541828987245,1,2.9994572785044245,2.2756337517361276,1,0.45226147568261027,2.6532596506383954,1.3494152405854911
23,DFT_CRT,value_scaling,wide,DEoptim,307,1.8776541828987245,1,2.9994572785044245,2.2756337517361276,1,0.45226147568261027,2.6532596506383954,1.3494152405854911
23,DFT_CRT,value_scaling,wide,DEoptim,308,1.8776541828987245,1,2.9994572785044245,2.2756337517361276,1,0.45226147568261027,2.6532596506383954,1.3494152405854911
23,DFT_CRT,value_scaling,wide,DEoptim,309,1.8776541828987245,1,2.9994572785044245,2.2756337517361276,1,0.45226147568261027,2.6532596506383954,1.3494152405854911
23,DFT_CRT,value_scaling,wide,DEoptim,310,1.8776541828987245,1,2.9994572785044245,2.2756337517361276,1,0.45226147568261027,2.6532596506383954,1.3494152405854911
23,DFT_CRT,value_scaling,wide,DEoptim,311,1.8776541828987245,1,2.9994572785044245,2.2756337517361276,1,0.45226147568261027,2.6532596506383954,1.3494152405854911
23,DFT_CRT,value_scaling,wide,DEoptim,312,1.8776541828987245,1,2.9994572785044245,2.2756337517361276,1,0.45226147568261027,2.6532596506383954,1.3494152405854911
23,DFT_CRT,value_scaling,wide,DEoptim,313,1.8776541828987245,1,2.9994572785044245,2.2756337517361276,1,0.45226147568261027,2.6532596506383954,1.3494152405854911
23,DFT_CRT,value_scaling,wide,DEoptim,314,1.8776541828987245,1,2.9994572785044245,2.2756337517361276,1,0.45226147568261027,2.6532596506383954,1.3494152405854911
23,DFT_CRT,value_scaling,wide,DEoptim,315,1.8776541828987245,1,2.9994572785044245,2.2756337517361276,1,0.45226147568261027,2.6532596506383954,1.3494152405854911
23,DFT_CRT,value_scaling,wide,DEoptim,316,1.8776541828987245,1,2.9994572785044245,2.2756337517361276,1,0.45226147568261027,2.6532596506383954,1.3494152405854911
23,DFT_CRT,value_scaling,wide,DEoptim,317,1.8776541828987245,1,2.9994572785044245,2.2756337517361276,1,0.45226147568261027,2.6532596506383954,1.3494152405854911
23,DFT_CRT,value_scaling,wide,DEoptim,318,1.8776541828987245,1,2.9994572785044245,2.2756337517361276,1,0.45226147568261027,2.6532596506383954,1.3494152405854911
23,DFT_CRT,value_scaling,wide,DEoptim,319,1.8776541828987245,1,2.9994572785044245,2.2756337517361276,1,0.45226147568261027,2.6532596506383954,1.3494152405854911
23,DFT_CRT,value_scaling,wide,DEoptim,320,1.8776541828987245,1,2.9994572785044245,2.2756337517361276,1,0.45226147568261027,2.6532596506383954,1.3494152405854911
23,DFT_CRT,value_scaling,wide,DEoptim,321,1.8776541828987245,1,2.9994572785044245,2.2756337517361276,1,0.45226147568261027,2.6532596506383954,1.3494152405854911
23,DFT_CRT,value_scaling,wide,DEoptim,322,1.8776541828987245,1,2.9994572785044245,2.2756337517361276,1,0.45226147568261027,2.6532596506383954,1.3494152405854911
23,DFT_CRT,value_scaling,wide,DEoptim,323,1.8776541828987245,1,2.9994572785044245,2.2756337517361276,1,0.45226147568261027,2.6532596506383954,1.3494152405854911
23,DFT_CRT,value_scaling,wide,DEoptim,324,1.8776541828987245,1,2.9994572785044245,2.2756337517361276,1,0.45226147568261027,2.6532596506383954,1.3494152405854911
23,DFT_CRT,value_scaling,wide,DEoptim,325,1.8776541828987245,1,2.9994572785044245,2.2756337517361276,1,0.45226147568261027,2.6532596506383954,1.3494152405854911
23,DFT_CRT,value_scaling,wide,DEoptim,326,1.8776541828987245,1,2.9994572785044245,2.2756337517361276,1,0.45226147568261027,2.6532596506383954,1.3494152405854911
23,DFT_CRT,value_scaling,wide,DEoptim,327,1.8776541828987245,1,2.9994572785044245,2.2756337517361276,1,0.45226147568261027,2.6532596506383954,1.3494152405854911
23,DFT_CRT,value_scaling,wide,DEoptim,328,1.8776541828987245,1,2.9994572785044245,2.2756337517361276,1,0.45226147568261027,2.6532596506383954,1.3494152405854911
23,DFT_CRT,value_scaling,wide,DEoptim,329,1.8776541828987245,1,2.9994572785044245,2.2756337517361276,1,0.45226147568261027,2.6532596506383954,1.3494152405854911
23,DFT_CRT,value_scaling,wide,DEoptim,330,1.8776541828987245,1,2.9994833391803217,2.2756337517361276,1,0.45226147568261027,2.6532596506383954,1.3494152405854911
23,DFT_CRT,value_scaling,wide,DEoptim,331,1.8776541828987245,1,2.9994833391803217,2.2756337517361276,1,0.45226147568261027,2.6532596506383954,1.3494152405854911
23,DFT_CRT,value_scaling,wide,DEoptim,332,1.8776541828987245,1,2.9994833391803217,2.2756337517361276,1,0.45226147568261027,2.6532596506383954,1.3494152405854911
23,DFT_CRT,value_scaling,wide,DEoptim,333,1.8776541828987245,1,2.9994833391803217,2.2756337517361276,1,0.45226147568261027,2.6532596506383954,1.3494152405854911
23,DFT_CRT,value_scaling,wide,DEoptim,334,1.8776541828987245,1,2.9994833391803217,2.2756337517361276,1,0.45226147568261027,2.6532596506383954,1.3494152405854911
23,DFT_CRT,value_scaling,wide,DEoptim,335,1.8776541828987245,1,2.9994833391803217,2.2756337517361276,1,0.45226147568261027,2.6532596506383954,1.3494152405854911
23,DFT_CRT,value_scaling,wide,DEoptim,336,1.8776541828987245,1,2.9994833391803217,2.2756337517361276,1,0.45226147568261027,2.6532596506383954,1.3494152405854911
23,DFT_CRT,value_scaling,wide,DEoptim,337,1.8776541828987245,1,2.9994833391803217,2.2756337517361276,1,0.45226147568261027,2.6532596506383954,1.3494152405854911
23,DFT_CRT,value_scaling,wide,DEoptim,338,1.8776541828987245,1,2.9994833391803217,2.2756337517361276,1,0.45226147568261027,2.6532596506383954,1.3494152405854911
23,DFT_CRT,value_scaling,wide,DEoptim,339,1.8776541828987245,1,2.9994833391803217,2.2756337517361276,1,0.45226147568261027,2.6532596506383954,1.3494152405854911
23,DFT_CRT,value_scaling,wide,DEoptim,340,1.8776541828987245,1,2.9994833391803217,2.2756337517361276,1,0.45226147568261027,2.6532596506383954,1.3494152405854911
23,DFT_CRT,value_scaling,wide,DEoptim,341,1.8776541828987245,1,2.9994833391803217,2.2756337517361276,1,0.45226147568261027,2.6532596506383954,1.3494152405854911
23,DFT_CRT,value_scaling,wide,DEoptim,342,1.8776541828987245,1,2.9994833391803217,2.2756337517361276,1,0.45226147568261027,2.6532596506383954,1.3494152405854911
23,DFT_CRT,value_scaling,wide,DEoptim,343,1.8776541828987245,1,2.9994833391803217,2.2756337517361276,1,0.45226147568261027,2.6532596506383954,1.3494152405854911
23,DFT_CRT,value_scaling,wide,DEoptim,344,1.8776541828987245,1,2.9994833391803217,2.2756337517361276,1,0.45226147568261027,2.6532596506383954,1.3494152405854911
23,DFT_CRT,value_scaling,wide,DEoptim,345,1.8776541828987245,1,2.9994833391803217,2.2756337517361276,1,0.45226147568261027,2.6532596506383954,1.3494152405854911
23,DFT_CRT,value_scaling,wide,DEoptim,346,1.8776541828987245,1,2.9994833391803217,2.2756337517361276,1,0.45226147568261027,2.6532596506383954,1.3494152405854911
23,DFT_CRT,value_scaling,wide,DEoptim,347,1.8776541828987245,1,2.9994833391803217,2.2756337517361276,1,0.45226147568261027,2.6532596506383954,1.3494152405854911
23,DFT_CRT,value_scaling,wide,DEoptim,348,1.8776541828987245,1,2.9994833391803217,2.2756337517361276,1,0.45226147568261027,2.6532596506383954,1.3494152405854911
23,DFT_CRT,value_scaling,wide,DEoptim,349,1.8776541828987245,1,2.9994833391803217,2.2756337517361276,1,0.45226147568261027,2.6532596506383954,1.3494152405854911
23,DFT_CRT,value_scaling,wide,DEoptim,350,1.8776541828987245,1,2.9994833391803217,2.2756337517361276,1,0.45226147568261027,2.6532596506383954,1.3494152405854911
23,DFT_CRT,value_scaling,wide,DEoptim,351,1.8776541828987245,1,2.9994833391803217,2.2756337517361276,1,0.45226147568261027,2.6532596506383954,1.3494152405854911
23,DFT_CRT,value_scaling,wide,DEoptim,352,1.8776541828987245,1,2.999579157015014,2.2756337517361276,1,0.45226147568261027,2.6532596506383954,1.3494152405854911
23,DFT_CRT,value_scaling,wide,DEoptim,353,1.8776541828987245,1,2.999579157015014,2.2756337517361276,1,0.45226147568261027,2.6532596506383954,1.3494152405854911
23,DFT_CRT,value_scaling,wide,DEoptim,354,1.8776541828987245,1,2.999579157015014,2.2756337517361276,1,0.45226147568261027,2.6532596506383954,1.3494152405854911
23,DFT_CRT,value_scaling,wide,DEoptim,355,1.8776541828987245,1,2.999579157015014,2.2756337517361276,1,0.45226147568261027,2.6532596506383954,1.3494152405854911
23,DFT_CRT,value_scaling,wide,DEoptim,356,1.8776541828987245,1,2.999579157015014,2.2756337517361276,1,0.45226147568261027,2.6532596506383954,1.3494152405854911
23,DFT_CRT,value_scaling,wide,DEoptim,357,1.8776541828987245,1,2.999579157015014,2.2756337517361276,1,0.45226147568261027,2.6532596506383954,1.3494152405854911
23,DFT_CRT,value_scaling,wide,DEoptim,358,1.8776541828987245,1,2.999579157015014,2.2756337517361276,1,0.45226147568261027,2.6532596506383954,1.3494152405854911
23,DFT_CRT,value_scaling,wide,DEoptim,359,1.8776541828987245,1,2.999579157015014,2.2756337517361276,1,0.45226147568261027,2.6532596506383954,1.3494486384967326
23,DFT_CRT,value_scaling,wide,DEoptim,360,1.87492566827515,1,2.9999220023152797,2.2742307274274363,1,0.453085873713097,2.6539745066942544,1.3493505703487776
23,DFT_CRT,value_scaling,wide,DEoptim,361,1.87492566827515,1,2.9999220023152797,2.2742307274274363,1,0.453085873713097,2.6539745066942544,1.3493505703487776
23,DFT_CRT,value_scaling,wide,DEoptim,362,1.87492566827515,1,2.9999220023152797,2.2742307274274363,1,0.453085873713097,2.6539745066942544,1.3493505703487776
23,DFT_CRT,value_scaling,wide,DEoptim,363,1.87492566827515,1,2.9999220023152797,2.2742307274274363,1,0.453085873713097,2.6539745066942544,1.3493505703487776
23,DFT_CRT,value_scaling,wide,DEoptim,364,1.87492566827515,1,2.9999220023152797,2.2742307274274363,1,0.453085873713097,2.6539745066942544,1.3493505703487776
23,DFT_CRT,value_scaling,wide,DEoptim,365,1.87492566827515,1,2.9999220023152797,2.2742307274274363,1,0.453085873713097,2.6539745066942544,1.3493505703487776
23,DFT_CRT,value_scaling,wide,DEoptim,366,1.87492566827515,1,2.9999220023152797,2.2742307274274363,1,0.453085873713097,2.6539745066942544,1.3493505703487776
23,DFT_CRT,value_scaling,wide,DEoptim,367,1.87492566827515,1,2.9999220023152797,2.2742307274274363,1,0.453085873713097,2.6531774713133203,1.3493505703487776
23,DFT_CRT,value_scaling,wide,DEoptim,368,1.87492566827515,1,2.9999220023152797,2.2742307274274363,1,0.453085873713097,2.6531774713133203,1.3493505703487776
23,DFT_CRT,value_scaling,wide,DEoptim,369,1.87492566827515,1,2.9999220023152797,2.2742307274274363,1,0.453085873713097,2.6531774713133203,1.3493505703487776
23,DFT_CRT,value_scaling,wide,DEoptim,370,1.8766428680177936,1,2.9998537941132115,2.2756337517361276,1,0.45240538199030805,2.6532596506383954,1.3494486384967326
23,DFT_CRT,value_scaling,wide,DEoptim,371,1.8766428680177936,1,2.9998537941132115,2.2756337517361276,1,0.45240538199030805,2.6532596506383954,1.3494486384967326
23,DFT_CRT,value_scaling,wide,DEoptim,372,1.8766428680177936,1,2.9998537941132115,2.2756337517361276,1,0.45240538199030805,2.6532596506383954,1.3494486384967326
23,DFT_CRT,value_scaling,wide,DEoptim,373,1.8766428680177936,1,2.9998537941132115,2.2756337517361276,1,0.45240538199030805,2.6532596506383954,1.3494486384967326
23,DFT_CRT,value_scaling,wide,DEoptim,374,1.8766428680177936,1,2.9998537941132115,2.2756337517361276,1,0.45240538199030805,2.6532596506383954,1.3494486384967326
23,DFT_CRT,value_scaling,wide,DEoptim,375,1.8766428680177936,1,2.9998537941132115,2.2756337517361276,1,0.45240538199030805,2.6532596506383954,1.3494486384967326
23,DFT_CRT,value_scaling,wide,DEoptim,376,1.8766428680177936,1,2.9998537941132115,2.2756337517361276,1,0.45240538199030805,2.6532596506383954,1.3494486384967326
23,DFT_CRT,value_scaling,wide,DEoptim,377,1.8766428680177936,1,2.9998537941132115,2.2756337517361276,1,0.45240538199030805,2.6532596506383954,1.3494486384967326
23,DFT_CRT,value_scaling,wide,DEoptim,378,1.8766428680177936,1,2.9998537941132115,2.2756337517361276,1,0.45240538199030805,2.6532596506383954,1.3494486384967326
23,DFT_CRT,value_scaling,wide,DEoptim,379,1.8766428680177936,1,2.9998537941132115,2.2756337517361276,1,0.45240538199030805,2.6532596506383954,1.3494486384967326
23,DFT_CRT,value_scaling,wide,DEoptim,380,1.8766428680177936,1,2.9998537941132115,2.2756337517361276,1,0.45240538199030805,2.6532596506383954,1.3494486384967326
23,DFT_CRT,value_scaling,wide,DEoptim,381,1.8766428680177936,1,2.9998537941132115,2.2756337517361276,1,0.45240538199030805,2.6532596506383954,1.3494486384967326
23,DFT_CRT,value_scaling,wide,DEoptim,382,1.8766428680177936,1,2.9998537941132115,2.2756337517361276,1,0.45240538199030805,2.6532596506383954,1.3494486384967326
23,DFT_CRT,value_scaling,wide,DEoptim,383,1.8766428680177936,1,2.9998537941132115,2.2756337517361276,1,0.45240538199030805,2.6532596506383954,1.3494486384967326
23,DFT_CRT,value_scaling,wide,DEoptim,384,1.8766428680177936,1,2.9998537941132115,2.2756337517361276,1,0.45240538199030805,2.6532596506383954,1.3494486384967326
23,DFT_CRT,value_scaling,wide,DEoptim,385,1.8766428680177936,1,2.9998537941132115,2.2756337517361276,1,0.45240538199030805,2.6532596506383954,1.3494486384967326
23,DFT_CRT,value_scaling,wide,DEoptim,386,1.8766428680177936,1,2.9998537941132115,2.2756337517361276,1,0.45240538199030805,2.6532596506383954,1.3494486384967326
23,DFT_CRT,value_scaling,wide,DEoptim,387,1.8766428680177936,1,2.9998537941132115,2.2756337517361276,1,0.45240538199030805,2.6532596506383954,1.3494486384967326
23,DFT_CRT,value_scaling,wide,DEoptim,388,1.8766428680177936,1,2.9998537941132115,2.2756337517361276,1,0.45240538199030805,2.6532596506383954,1.3494486384967326
23,DFT_CRT,value_scaling,wide,DEoptim,389,1.8766428680177936,1,2.9998537941132115,2.2756337517361276,1,0.45240538199030805,2.6532596506383954,1.3494486384967326
23,DFT_CRT,value_scaling,wide,DEoptim,390,1.8766428680177936,1,2.9998537941132115,2.2756337517361276,1,0.45240538199030805,2.6532596506383954,1.3494486384967326
23,DFT_CRT,value_scaling,wide,DEoptim,391,1.8766428680177936,1,2.9998537941132115,2.2756337517361276,1,0.45240538199030805,2.6532596506383954,1.3494486384967326
23,DFT_CRT,value_scaling,wide,DEoptim,392,1.8766428680177936,1,2.9998537941132115,2.2756337517361276,1,0.45240538199030805,2.6532596506383954,1.3494486384967326
23,DFT_CRT,value_scaling,wide,DEoptim,393,1.8766428680177936,1,2.9998537941132115,2.2756337517361276,1,0.45240538199030805,2.6532596506383954,1.3494486384967326
23,DFT_CRT,value_scaling,wide,DEoptim,394,1.8766428680177936,1,2.9998537941132115,2.2756337517361276,1,0.45240538199030805,2.6532596506383954,1.3494486384967326
23,DFT_CRT,value_scaling,wide,DEoptim,395,1.8766428680177936,1,2.9998537941132115,2.2756337517361276,1,0.45240538199030805,2.6532596506383954,1.3494486384967326
23,DFT_CRT,value_scaling,wide,DEoptim,396,1.8765434162703556,1,2.9998537941132115,2.2756337517361276,1,0.45240538199030805,2.653452323338949,1.3495201872516966
23,DFT_CRT,value_scaling,wide,DEoptim,397,1.8765434162703556,1,2.9998537941132115,2.2756337517361276,1,0.45240538199030805,2.653452323338949,1.3495201872516966
23,DFT_CRT,value_scaling,wide,DEoptim,398,1.8765434162703556,1,2.9998537941132115,2.2756337517361276,1,0.45240538199030805,2.653452323338949,1.3495201872516966
23,DFT_CRT,value_scaling,wide,DEoptim,399,1.877424961690659,1,2.999985154732663,2.2766494267816966,1,0.45196021466196606,2.653067994151824,1.3496960326140173
23,DFT_CRT,value_scaling,wide,DEoptim,400,1.877424961690659,1,2.999985154732663,2.2766494267816966,1,0.45196021466196606,2.653067994151824,1.3496960326140173
23,DFT_CRT,value_scaling,wide,DEoptim,401,1.8765434162703556,1,2.999885970405877,2.2756337517361276,1,0.45240538199030805,2.653452323338949,1.3495201872516966
23,DFT_CRT,value_scaling,wide,DEoptim,402,1.8765434162703556,1,2.999885970405877,2.2756337517361276,1,0.45240538199030805,2.653452323338949,1.3495201872516966
23,DFT_CRT,value_scaling,wide,DEoptim,403,1.8765434162703556,1,2.999885970405877,2.2756337517361276,1,0.45240538199030805,2.653452323338949,1.3495201872516966
23,DFT_CRT,value_scaling,wide,DEoptim,404,1.8765434162703556,1,2.999885970405877,2.2756337517361276,1,0.45240538199030805,2.653452323338949,1.3495201872516966
23,DFT_CRT,value_scaling,wide,DEoptim,405,1.8765434162703556,1,2.999885970405877,2.2756337517361276,1,0.45240538199030805,2.653452323338949,1.3495201872516966
23,DFT_CRT,value_scaling,wide,DEoptim,406,1.8765434162703556,1,2.999885970405877,2.2756337517361276,1,0.45240538199030805,2.653452323338949,1.3495201872516966
23,DFT_CRT,value_scaling,wide,DEoptim,407,1.8765434162703556,1,2.999885970405877,2.2756337517361276,1,0.45240538199030805,2.653452323338949,1.3495201872516966
23,DFT_CRT,value_scaling,wide,DEoptim,408,1.8765434162703556,1,2.999885970405877,2.2756337517361276,1,0.45240538199030805,2.653452323338949,1.3495201872516966
23,DFT_CRT,value_scaling,wide,DEoptim,409,1.8765434162703556,1,2.999885970405877,2.2756337517361276,1,0.45240538199030805,2.653452323338949,1.3495201872516966
23,DFT_CRT,value_scaling,wide,DEoptim,410,1.8765434162703556,1,2.999885970405877,2.2756337517361276,1,0.45240538199030805,2.653452323338949,1.3495201872516966
23,DFT_CRT,value_scaling,wide,DEoptim,411,1.8765434162703556,1,2.999885970405877,2.2756337517361276,1,0.45240538199030805,2.653452323338949,1.3495201872516966
23,DFT_CRT,value_scaling,wide,DEoptim,412,1.8765434162703556,1,2.999885970405877,2.2756337517361276,1,0.45240538199030805,2.653452323338949,1.3495201872516966
23,DFT_CRT,value_scaling,wide,DEoptim,413,1.8765434162703556,1,2.999885970405877,2.2756337517361276,1,0.45240538199030805,2.653452323338949,1.3495201872516966
23,DFT_CRT,value_scaling,wide,DEoptim,414,1.8765434162703556,1,2.999885970405877,2.2756337517361276,1,0.45240538199030805,2.653452323338949,1.3495201872516966
23,DFT_CRT,value_scaling,wide,DEoptim,415,1.8765434162703556,1,2.999885970405877,2.2756337517361276,1,0.45240538199030805,2.653452323338949,1.3495201872516966
23,DFT_CRT,value_scaling,wide,DEoptim,416,1.8765434162703556,1,2.999885970405877,2.2756337517361276,1,0.45240538199030805,2.653452323338949,1.3495201872516966
23,DFT_CRT,value_scaling,wide,DEoptim,417,1.8765434162703556,1,2.999885970405877,2.2756337517361276,1,0.45240538199030805,2.653452323338949,1.3495201872516966
23,DFT_CRT,value_scaling,wide,DEoptim,418,1.8765434162703556,1,2.999885970405877,2.2756337517361276,1,0.45240538199030805,2.653452323338949,1.3495201872516966
23,DFT_CRT,value_scaling,wide,DEoptim,419,1.8765434162703556,1,2.999885970405877,2.2756337517361276,1,0.45240538199030805,2.653452323338949,1.3495201872516966
23,DFT_CRT,value_scaling,wide,DEoptim,420,1.8765434162703556,1,2.999885970405877,2.2756337517361276,1,0.45240538199030805,2.653452323338949,1.3495201872516966
23,DFT_CRT,value_scaling,wide,DEoptim,421,1.8765434162703556,1,2.9998908085890927,2.2756337517361276,1,0.45240538199030805,2.653452323338949,1.3495201872516966
23,DFT_CRT,value_scaling,wide,DEoptim,422,1.8765434162703556,1,2.9998908085890927,2.2756337517361276,1,0.45240538199030805,2.653452323338949,1.3495201872516966
23,DFT_CRT,value_scaling,wide,DEoptim,423,1.8765434162703556,1,2.999925393462992,2.2756337517361276,1,0.45240538199030805,2.653452323338949,1.3495201872516966
23,DFT_CRT,value_scaling,wide,DEoptim,424,1.8765434162703556,1,2.999925393462992,2.2756337517361276,1,0.45240538199030805,2.653452323338949,1.3495201872516966
23,DFT_CRT,value_scaling,wide,DEoptim,425,1.8765434162703556,1,2.999925393462992,2.2756337517361276,1,0.45240538199030805,2.653452323338949,1.3495201872516966
23,DFT_CRT,value_scaling,wide,DEoptim,426,1.8765434162703556,1,2.999925393462992,2.2756337517361276,1,0.45240538199030805,2.653452323338949,1.3495201872516966
23,DFT_CRT,value_scaling,wide,DEoptim,427,1.8765434162703556,1,2.999925393462992,2.2756337517361276,1,0.45240538199030805,2.653452323338949,1.3495201872516966
23,DFT_CRT,value_scaling,wide,DEoptim,428,1.8767717218496327,1,2.999978008676986,2.275841907909708,1,0.4525138336336429,2.651921141114664,1.3496300936353267
23,DFT_CRT,value_scaling,wide,DEoptim,429,1.8767717218496327,1,2.999978008676986,2.275841907909708,1,0.4525138336336429,2.651921141114664,1.3496300936353267
23,DFT_CRT,value_scaling,wide,DEoptim,430,1.8767717218496327,1,2.999978008676986,2.275841907909708,1,0.4525138336336429,2.651921141114664,1.3496300936353267
23,DFT_CRT,value_scaling,wide,DEoptim,431,1.8767717218496327,1,2.999978008676986,2.275841907909708,1,0.4525138336336429,2.651921141114664,1.3496300936353267
23,DFT_CRT,value_scaling,wide,DEoptim,432,1.8767717218496327,1,2.999978008676986,2.275841907909708,1,0.4525138336336429,2.651921141114664,1.3496300936353267
23,DFT_CRT,value_scaling,wide,DEoptim,433,1.8765434162703556,1,2.9999936016998054,2.2756337517361276,1,0.45240538199030805,2.653452323338949,1.3495201872516966
23,DFT_CRT,value_scaling,wide,DEoptim,434,1.8765434162703556,1,2.9999936016998054,2.2756337517361276,1,0.45240538199030805,2.653452323338949,1.3495201872516966
23,DFT_CRT,value_scaling,wide,DEoptim,435,1.8765434162703556,1,2.9999936016998054,2.2756337517361276,1,0.45240538199030805,2.653452323338949,1.3495201872516966
23,DFT_CRT,value_scaling,wide,DEoptim,436,1.8765434162703556,1,2.9999936016998054,2.2756337517361276,1,0.45240538199030805,2.653452323338949,1.3495201872516966
23,DFT_CRT,value_scaling,wide,DEoptim,437,1.8765434162703556,1,2.9999936016998054,2.2756337517361276,1,0.45240538199030805,2.653452323338949,1.3495201872516966
23,DFT_CRT,value_scaling,wide,DEoptim,438,1.8765434162703556,1,2.9999936016998054,2.2756337517361276,1,0.45240538199030805,2.653062209355662,1.3495201872516966
23,DFT_CRT,value_scaling,wide,DEoptim,439,1.8765434162703556,1,2.9999936016998054,2.2756337517361276,1,0.45240538199030805,2.653062209355662,1.3495201872516966
23,DFT_CRT,value_scaling,wide,DEoptim,440,1.8765434162703556,1,2.9999936016998054,2.2756337517361276,1,0.45240538199030805,2.653062209355662,1.3495201872516966
23,DFT_CRT,value_scaling,wide,DEoptim,441,1.8765434162703556,1,2.9999936016998054,2.2756337517361276,1,0.45240538199030805,2.653062209355662,1.3495201872516966
23,DFT_CRT,value_scaling,wide,DEoptim,442,1.8765434162703556,1,2.9999936016998054,2.2756337517361276,1,0.45240538199030805,2.653062209355662,1.3495201872516966
23,DFT_CRT,value_scaling,wide,DEoptim,443,1.8765434162703556,1,2.9999936016998054,2.2756337517361276,1,0.45240538199030805,2.653062209355662,1.3495201872516966
23,DFT_CRT,value_scaling,wide,DEoptim,444,1.8765434162703556,1,2.9999936016998054,2.2756337517361276,1,0.45240538199030805,2.653062209355662,1.3495201872516966
23,DFT_CRT,value_scaling,wide,DEoptim,445,1.8765434162703556,1,2.9999936016998054,2.2756337517361276,1,0.45240538199030805,2.653062209355662,1.3495201872516966
23,DFT_CRT,value_scaling,wide,DEoptim,446,1.8765434162703556,1,2.9999936016998054,2.2756337517361276,1,0.45240538199030805,2.653062209355662,1.3495201872516966
23,DFT_CRT,value_scaling,wide,DEoptim,447,1.8765434162703556,1,2.9999936016998054,2.2756337517361276,1,0.45240538199030805,2.653062209355662,1.3495201872516966
23,DFT_CRT,value_scaling,wide,DEoptim,448,1.8765434162703556,1,2.9999936016998054,2.2756337517361276,1,0.45240538199030805,2.653062209355662,1.3495201872516966
23,DFT_CRT,value_scaling,wide,DEoptim,449,1.8765434162703556,1,2.9999936016998054,2.2756337517361276,1,0.45240538199030805,2.653062209355662,1.3495201872516966
23,DFT_CRT,value_scaling,wide,DEoptim,450,1.8765434162703556,1,2.9999936016998054,2.2756337517361276,1,0.45240538199030805,2.653062209355662,1.3495201872516966
23,DFT_CRT,value_scaling,wide,DEoptim,451,1.8765434162703556,1,2.9999936016998054,2.2756337517361276,1,0.45240538199030805,2.653062209355662,1.3495201872516966
23,DFT_CRT,value_scaling,wide,DEoptim,452,1.8765434162703556,1,2.9999936016998054,2.2756337517361276,1,0.45240538199030805,2.653062209355662,1.3495201872516966
23,DFT_CRT,value_scaling,wide,DEoptim,453,1.8765434162703556,1,2.9999936016998054,2.2756337517361276,1,0.45240538199030805,2.653062209355662,1.3495201872516966
23,DFT_CRT,value_scaling,wide,DEoptim,454,1.8765434162703556,1,2.9999936016998054,2.2756337517361276,1,0.45240538199030805,2.653062209355662,1.3495201872516966
23,DFT_CRT,value_scaling,wide,DEoptim,455,1.8765434162703556,1,2.9999936016998054,2.2756337517361276,1,0.45240538199030805,2.653062209355662,1.3495201872516966
23,DFT_CRT,value_scaling,wide,DEoptim,456,1.8765434162703556,1,2.9999936016998054,2.2756337517361276,1,0.45240538199030805,2.653062209355662,1.3495201872516966
23,DFT_CRT,value_scaling,wide,DEoptim,457,1.8765434162703556,1,2.9999936016998054,2.2756337517361276,1,0.45240538199030805,2.653062209355662,1.3495201872516966
23,DFT_CRT,value_scaling,wide,DEoptim,458,1.8765434162703556,1,2.9999936016998054,2.2756337517361276,1,0.45240538199030805,2.653062209355662,1.3495201872516966
23,DFT_CRT,value_scaling,wide,DEoptim,459,1.8765434162703556,1,2.9999936016998054,2.2756337517361276,1,0.45240538199030805,2.653062209355662,1.3495201872516966
23,DFT_CRT,value_scaling,wide,DEoptim,460,1.8765434162703556,1,2.9999936016998054,2.2756337517361276,1,0.45240538199030805,2.653062209355662,1.3496041220991404
23,DFT_CRT,value_scaling,wide,DEoptim,461,1.8765434162703556,1,2.9999936016998054,2.2756337517361276,1,0.45240538199030805,2.653062209355662,1.3496041220991404
23,DFT_CRT,value_scaling,wide,DEoptim,462,1.8765434162703556,1,2.9999936016998054,2.2756337517361276,1,0.45240538199030805,2.653062209355662,1.3496041220991404
23,DFT_CRT,value_scaling,wide,DEoptim,463,1.8765434162703556,1,2.9999936016998054,2.2756337517361276,1,0.45240538199030805,2.653062209355662,1.3496041220991404
23,DFT_CRT,value_scaling,wide,DEoptim,464,1.8765434162703556,1,2.9999965831151263,2.2756337517361276,1,0.45240538199030805,2.653062209355662,1.3496041220991404
23,DFT_CRT,value_scaling,wide,DEoptim,465,1.8765434162703556,1,2.9999965831151263,2.2756337517361276,1,0.45240538199030805,2.653062209355662,1.3496041220991404
23,DFT_CRT,value_scaling,wide,DEoptim,466,1.8765434162703556,1,2.9999965831151263,2.2756337517361276,1,0.45240538199030805,2.653062209355662,1.3496041220991404
23,DFT_CRT,value_scaling,wide,DEoptim,467,1.8765434162703556,1,2.9999965831151263,2.2756337517361276,1,0.45240538199030805,2.653062209355662,1.3496041220991404
23,DFT_CRT,value_scaling,wide,DEoptim,468,1.8765434162703556,1,2.9999965831151263,2.2756337517361276,1,0.45240538199030805,2.653062209355662,1.3496041220991404
23,DFT_CRT,value_scaling,wide,DEoptim,469,1.8765434162703556,1,2.9999965831151263,2.2756337517361276,1,0.45240538199030805,2.653062209355662,1.3496041220991404
23,DFT_CRT,value_scaling,wide,DEoptim,470,1.8765434162703556,1,2.9999965831151263,2.2756337517361276,1,0.45240538199030805,2.653062209355662,1.3496041220991404
23,DFT_CRT,value_scaling,wide,DEoptim,471,1.8765434162703556,1,2.9999965831151263,2.2756337517361276,1,0.45240538199030805,2.653062209355662,1.3496041220991404
23,DFT_CRT,value_scaling,wide,DEoptim,472,1.8765434162703556,1,2.9999965831151263,2.2756337517361276,1,0.45240538199030805,2.653062209355662,1.3496041220991404
23,DFT_CRT,value_scaling,wide,DEoptim,473,1.8765434162703556,1,2.9999965831151263,2.2756337517361276,1,0.45240538199030805,2.653062209355662,1.3496041220991404
23,DFT_CRT,value_scaling,wide,DEoptim,474,1.8765434162703556,1,2.9999965831151263,2.2756337517361276,1,0.45240538199030805,2.65266308191829,1.3496482994267378
23,DFT_CRT,value_scaling,wide,DEoptim,475,1.8765434162703556,1,2.9999965831151263,2.2756337517361276,1,0.45240538199030805,2.65266308191829,1.3496482994267378
23,DFT_CRT,value_scaling,wide,DEoptim,476,1.8765434162703556,1,2.9999965831151263,2.2756337517361276,1,0.45240538199030805,2.65266308191829,1.3496482994267378
23,DFT_CRT,value_scaling,wide,DEoptim,477,1.8765434162703556,1,2.9999965831151263,2.2756337517361276,1,0.45240538199030805,2.65266308191829,1.3496482994267378
23,DFT_CRT,value_scaling,wide,DEoptim,478,1.8765434162703556,1,2.9999965831151263,2.2756337517361276,1,0.45240538199030805,2.65266308191829,1.3496482994267378
23,DFT_CRT,value_scaling,wide,DEoptim,479,1.8765434162703556,1,2.9999965831151263,2.2756337517361276,1,0.45240538199030805,2.65266308191829,1.3496482994267378
23,DFT_CRT,value_scaling,wide,DEoptim,480,1.8765434162703556,1,2.9999965831151263,2.2756337517361276,1,0.45240538199030805,2.65266308191829,1.3496482994267378
23,DFT_CRT,value_scaling,wide,DEoptim,481,1.8765434162703556,1,2.9999965831151263,2.2756337517361276,1,0.45240538199030805,2.65266308191829,1.3496482994267378
23,DFT_CRT,value_scaling,wide,DEoptim,482,1.8765434162703556,1,2.9999965831151263,2.2756337517361276,1,0.45240538199030805,2.65266308191829,1.3496482994267378
23,DFT_CRT,value_scaling,wide,DEoptim,483,1.8765434162703556,1,2.9999965831151263,2.2756337517361276,1,0.45240538199030805,2.65266308191829,1.3496482994267378
23,DFT_CRT,value_scaling,wide,DEoptim,484,1.8765434162703556,1,2.9999965831151263,2.2756337517361276,1,0.45240538199030805,2.65266308191829,1.3496482994267378
23,DFT_CRT,value_scaling,wide,DEoptim,485,1.8765434162703556,1,2.9999965831151263,2.2756337517361276,1,0.45240538199030805,2.65266308191829,1.3496482994267378
23,DFT_CRT,value_scaling,wide,DEoptim,486,1.8765434162703556,1,2.9999965831151263,2.2756337517361276,1,0.45240538199030805,2.65266308191829,1.3496482994267378
23,DFT_CRT,value_scaling,wide,DEoptim,487,1.8765434162703556,1,2.9999965831151263,2.2756337517361276,1,0.45240538199030805,2.65266308191829,1.3496482994267378
23,DFT_CRT,value_scaling,wide,DEoptim,488,1.8765434162703556,1,2.9999965831151263,2.2756337517361276,1,0.45240538199030805,2.65266308191829,1.3496482994267378
23,DFT_CRT,value_scaling,wide,DEoptim,489,1.8765434162703556,1,2.9999965831151263,2.2756337517361276,1,0.45240538199030805,2.65266308191829,1.3496482994267378
23,DFT_CRT,value_scaling,wide,DEoptim,490,1.8765434162703556,1,2.9999965831151263,2.2756337517361276,1,0.45240538199030805,2.65266308191829,1.3496482994267378
23,DFT_CRT,value_scaling,wide,DEoptim,491,1.8765434162703556,1,2.9999965831151263,2.2756337517361276,1,0.45240538199030805,2.65266308191829,1.3496482994267378
23,DFT_CRT,value_scaling,wide,DEoptim,492,1.8765434162703556,1,2.9999965831151263,2.2756337517361276,1,0.45240538199030805,2.65266308191829,1.3496482994267378
23,DFT_CRT,value_scaling,wide,DEoptim,493,1.8765434162703556,1,2.9999965831151263,2.2756337517361276,1,0.45240538199030805,2.65266308191829,1.3496482994267378
23,DFT_CRT,value_scaling,wide,DEoptim,494,1.8765434162703556,1,2.9999965831151263,2.2756337517361276,1,0.45240538199030805,2.65266308191829,1.3496482994267378
23,DFT_CRT,value_scaling,wide,DEoptim,495,1.8765434162703556,1,2.9999965831151263,2.2756337517361276,1,0.45240538199030805,2.65266308191829,1.3496482994267378
23,DFT_CRT,value_scaling,wide,DEoptim,496,1.8765434162703556,1,2.9999965831151263,2.2756337517361276,1,0.45240538199030805,2.65266308191829,1.3496482994267378
23,DFT_CRT,value_scaling,wide,DEoptim,497,1.8765434162703556,1,2.9999965831151263,2.2756337517361276,1,0.45240538199030805,2.65266308191829,1.3496482994267378
23,DFT_CRT,value_scaling,wide,DEoptim,498,1.8765434162703556,1,2.9999965831151263,2.2756337517361276,1,0.45240538199030805,2.65266308191829,1.3496482994267378
23,DFT_CRT,value_scaling,wide,DEoptim,499,1.8767578388739072,1,2.999999240572125,2.27661502453347,1,0.452790858066966,2.65249988492303,1.3496570666538241
23,DFT_CRT,value_scaling,wide,DEoptim,500,1.8767578388739072,1,2.999999240572125,2.27661502453347,1,0.452790858066966,2.65249988492303,1.3496570666538241
23,DFT_CRT,value_scaling,wide,DEoptim,501,1.8767578388739072,1,2.999999240572125,2.27661502453347,1,0.452790858066966,2.65249988492303,1.3496570666538241
23,DFT_CRT,value_scaling,wide,DEoptim,502,1.8767578388739072,1,2.999999240572125,2.27661502453347,1,0.452790858066966,2.65249988492303,1.3496570666538241
