participant_id,model_name,parameterization,bound_settings,algorithm,iter,alpha,mu1,mu2,beta,kappa,w,a,t01,t02,t03
69,DDM,value_scaling_t0,wide,DEoptim,1,0.45891922527924184,1,0.654037619009614,0.6557189538981766,1,0.8759358464066918,2.9714549284023235,1.1576433351030575,0.5859423390007579,0.8153998618246988
69,DDM,value_scaling_t0,wide,DEoptim,2,0.45891922527924184,1,0.654037619009614,0.6557189538981766,1,0.8759358464066918,2.9714549284023235,1.1576433351030575,0.5859423390007579,0.8153998618246988
69,DDM,value_scaling_t0,wide,DEoptim,3,0.45891922527924184,1,0.654037619009614,0.6557189538981766,1,0.8759358464066918,2.9714549284023235,1.1576433351030575,0.5859423390007579,0.8153998618246988
69,DDM,value_scaling_t0,wide,DEoptim,4,0.45891922527924184,1,0.654037619009614,0.6557189538981766,1,0.8759358464066918,2.9714549284023235,1.1576433351030575,0.5859423390007579,0.8153998618246988
69,DDM,value_scaling_t0,wide,DEoptim,5,0.45891922527924184,1,0.654037619009614,0.6557189538981766,1,0.8759358464066918,2.9714549284023235,1.1576433351030575,0.5859423390007579,0.8153998618246988
69,DDM,value_scaling_t0,wide,DEoptim,6,0.45891922527924184,1,0.654037619009614,0.6557189538981766,1,0.8759358464066918,2.9714549284023235,1.1576433351030575,0.5859423390007579,0.8153998618246988
69,DDM,value_scaling_t0,wide,DEoptim,7,0.45891922527924184,1,0.654037619009614,0.6557189538981766,1,0.8759358464066918,2.9714549284023235,1.1576433351030575,0.5859423390007579,0.8153998618246988
69,DDM,value_scaling_t0,wide,DEoptim,8,0.09661061179358513,1,0.6771391097456216,0.27597125476785,1,0.9555551142829936,5.0015723248575625,1.3492272033826447,0.7403841718349607,0.3912701250775718
69,DDM,value_scaling_t0,wide,DEoptim,9,0.09661061179358513,1,0.6771391097456216,0.27597125476785,1,0.9555551142829936,5.0015723248575625,1.3492272033826447,0.7403841718349607,0.3912701250775718
69,DDM,value_scaling_t0,wide,DEoptim,10,0.09661061179358513,1,0.6771391097456216,0.27597125476785,1,0.9555551142829936,5.0015723248575625,1.3492272033826447,0.7403841718349607,0.3912701250775718
69,DDM,value_scaling_t0,wide,DEoptim,11,0.09661061179358513,1,0.6771391097456216,0.27597125476785,1,0.9555551142829936,5.0015723248575625,1.3492272033826447,0.7403841718349607,0.3912701250775718
69,DDM,value_scaling_t0,wide,DEoptim,12,0.09661061179358513,1,1.4935485055661202,0.27597125476785,1,0.9555551142829936,5.0015723248575625,1.3492272033826447,0.7403841718349607,0.3912701250775718
69,DDM,value_scaling_t0,wide,DEoptim,13,0.09661061179358513,1,1.4935485055661202,0.27597125476785,1,0.9555551142829936,5.0015723248575625,1.2427901693886914,0.7403841718349607,0.3912701250775718
69,DDM,value_scaling_t0,wide,DEoptim,14,0.09661061179358513,1,1.4935485055661202,0.27597125476785,1,0.9555551142829936,5.0015723248575625,1.2427901693886914,0.7403841718349607,0.3912701250775718
69,DDM,value_scaling_t0,wide,DEoptim,15,0.09661061179358513,1,1.4935485055661202,0.27597125476785,1,0.9555551142829936,5.0015723248575625,1.2427901693886914,0.7403841718349607,0.3912701250775718
69,DDM,value_scaling_t0,wide,DEoptim,16,0.33858159734169024,1,1.2503492425086058,0.08917971379347178,1,0.662592100461963,3.0951092937311717,1.4943690060055816,1.4184967807261275,0.37771639177227045
69,DDM,value_scaling_t0,wide,DEoptim,17,0.33858159734169024,1,1.2503492425086058,0.08917971379347178,1,0.662592100461963,3.0951092937311717,1.4943690060055816,1.4184967807261275,0.37771639177227045
69,DDM,value_scaling_t0,wide,DEoptim,18,0.33858159734169024,1,1.2503492425086058,0.08917971379347178,1,0.662592100461963,3.0951092937311717,1.4943690060055816,1.4184967807261275,0.37771639177227045
69,DDM,value_scaling_t0,wide,DEoptim,19,0.33858159734169024,1,1.2503492425086058,0.08917971379347178,1,0.662592100461963,3.0951092937311717,1.4943690060055816,1.4184967807261275,0.37771639177227045
69,DDM,value_scaling_t0,wide,DEoptim,20,0.33858159734169024,1,1.2503492425086058,0.08917971379347178,1,0.662592100461963,3.0951092937311717,1.4943690060055816,1.4184967807261275,0.37771639177227045
69,DDM,value_scaling_t0,wide,DEoptim,21,0.3465548108494841,1,1.1798048517666757,0.10843219549640837,1,0.5066549620432034,3.712400054487167,1.0685023679410535,1.1845590495616714,1.061430775998341
69,DDM,value_scaling_t0,wide,DEoptim,22,0.3465548108494841,1,1.1798048517666757,0.10843219549640837,1,0.5066549620432034,3.712400054487167,1.0685023679410535,1.1845590495616714,1.061430775998341
69,DDM,value_scaling_t0,wide,DEoptim,23,0.36389575476503316,1,1.1798048517666757,0.10843219549640837,1,0.5066549620432034,3.712400054487167,1.0685023679410535,1.1845590495616714,1.061430775998341
69,DDM,value_scaling_t0,wide,DEoptim,24,0.36389575476503316,1,1.1798048517666757,0.10843219549640837,1,0.5066549620432034,3.712400054487167,1.0685023679410535,1.1845590495616714,1.061430775998341
69,DDM,value_scaling_t0,wide,DEoptim,25,0.36389575476503316,1,1.1798048517666757,0.10843219549640837,1,0.5066549620432034,3.712400054487167,1.0685023679410535,1.1845590495616714,1.061430775998341
69,DDM,value_scaling_t0,wide,DEoptim,26,0.2645649299030748,1,1.1195383435278987,0.04879115395047054,1,0.8073396371957133,2.970588098132051,0.6797104268311523,1.2120555502013304,1.4464646778302268
69,DDM,value_scaling_t0,wide,DEoptim,27,0.2645649299030748,1,1.1195383435278987,0.04879115395047054,1,0.8073396371957133,2.970588098132051,0.6797104268311523,1.2120555502013304,1.4464646778302268
69,DDM,value_scaling_t0,wide,DEoptim,28,0.2645649299030748,1,1.1195383435278987,0.04879115395047054,1,0.8073396371957133,2.970588098132051,0.6797104268311523,1.2120555502013304,1.4464646778302268
69,DDM,value_scaling_t0,wide,DEoptim,29,0.2645649299030748,1,1.1195383435278987,0.04879115395047054,1,0.8073396371957133,2.970588098132051,0.6797104268311523,1.2120555502013304,1.4464646778302268
69,DDM,value_scaling_t0,wide,DEoptim,30,0.2645649299030748,1,1.1195383435278987,0.04879115395047054,1,0.8073396371957133,2.6186132920564957,1.497672201448586,1.2120555502013304,1.4464646778302268
69,DDM,value_scaling_t0,wide,DEoptim,31,0.2645649299030748,1,1.1029377834962701,0.04879115395047054,1,0.8073396371957133,2.6186132920564957,1.497672201448586,1.2120555502013304,1.4464646778302268
69,DDM,value_scaling_t0,wide,DEoptim,32,0.2645649299030748,1,1.1029377834962701,0.04879115395047054,1,0.8073396371957133,2.6186132920564957,1.497672201448586,1.2120555502013304,1.4464646778302268
69,DDM,value_scaling_t0,wide,DEoptim,33,0.2645649299030748,1,1.1029377834962701,0.04879115395047054,1,0.8073396371957133,2.6186132920564957,1.497672201448586,1.2120555502013304,1.4464646778302268
69,DDM,value_scaling_t0,wide,DEoptim,34,0.2645649299030748,1,1.1029377834962701,0.04879115395047054,1,0.8073396371957133,2.6186132920564957,1.497672201448586,1.2120555502013304,1.4464646778302268
69,DDM,value_scaling_t0,wide,DEoptim,35,0.2645649299030748,1,1.1029377834962701,0.04879115395047054,1,0.8073396371957133,2.6186132920564957,1.497672201448586,1.2120555502013304,1.4464646778302268
69,DDM,value_scaling_t0,wide,DEoptim,36,0.2645649299030748,1,1.1029377834962701,0.04879115395047054,1,0.8073396371957133,2.6186132920564957,1.497672201448586,1.2120555502013304,1.4464646778302268
69,DDM,value_scaling_t0,wide,DEoptim,37,0.2645649299030748,1,1.1029377834962701,0.04879115395047054,1,0.8073396371957133,2.6186132920564957,1.497672201448586,1.2120555502013304,1.4464646778302268
69,DDM,value_scaling_t0,wide,DEoptim,38,0.2645649299030748,1,1.1029377834962701,0.04879115395047054,1,0.8073396371957133,2.6186132920564957,1.497672201448586,1.3295597924027858,1.4464646778302268
69,DDM,value_scaling_t0,wide,DEoptim,39,0.2645649299030748,1,1.1029377834962701,0.04879115395047054,1,0.8073396371957133,2.6186132920564957,1.497672201448586,1.3295597924027858,1.4464646778302268
69,DDM,value_scaling_t0,wide,DEoptim,40,0.2645649299030748,1,1.1029377834962701,0.04879115395047054,1,0.8073396371957133,2.6186132920564957,1.497672201448586,1.3295597924027858,1.4464646778302268
69,DDM,value_scaling_t0,wide,DEoptim,41,0.2645649299030748,1,1.1029377834962701,0.04879115395047054,1,0.8073396371957133,2.6186132920564957,1.497672201448586,1.3295597924027858,1.4464646778302268
69,DDM,value_scaling_t0,wide,DEoptim,42,0.2645649299030748,1,1.1029377834962701,0.04879115395047054,1,0.8073396371957133,2.6186132920564957,1.497672201448586,1.3295597924027858,1.4464646778302268
69,DDM,value_scaling_t0,wide,DEoptim,43,0.2645649299030748,1,1.1029377834962701,0.04879115395047054,1,0.8073396371957133,2.6186132920564957,1.497672201448586,1.3295597924027858,1.4464646778302268
69,DDM,value_scaling_t0,wide,DEoptim,44,0.2645649299030748,1,1.1029377834962701,0.04879115395047054,1,0.8073396371957133,2.6186132920564957,1.497672201448586,1.3295597924027858,1.4464646778302268
69,DDM,value_scaling_t0,wide,DEoptim,45,0.2645649299030748,1,1.1029377834962701,0.04879115395047054,1,0.8073396371957133,2.6186132920564957,1.497672201448586,1.3295597924027858,1.4464646778302268
69,DDM,value_scaling_t0,wide,DEoptim,46,0.4512505942388948,1,1.0160246842761926,0.39099738724140237,1,0.652182946615607,3.272879302930058,1.2837055737501686,1.4170797490828408,1.2511422868023734
69,DDM,value_scaling_t0,wide,DEoptim,47,0.4512505942388948,1,1.0160246842761926,0.39099738724140237,1,0.652182946615607,3.272879302930058,1.2837055737501686,1.4170797490828408,1.2511422868023734
69,DDM,value_scaling_t0,wide,DEoptim,48,0.4512505942388948,1,1.0160246842761926,0.39099738724140237,1,0.652182946615607,3.272879302930058,1.2837055737501686,1.4170797490828408,1.2511422868023734
69,DDM,value_scaling_t0,wide,DEoptim,49,0.4512505942388948,1,1.0160246842761926,0.39099738724140237,1,0.652182946615607,3.272879302930058,1.2837055737501686,1.4170797490828408,1.2511422868023734
69,DDM,value_scaling_t0,wide,DEoptim,50,0.36347750795805434,1,1.1574905016846895,0.30024111382777374,1,0.6887965262599952,2.85251641595989,1.3389617568344718,1.1871620621236152,1.385914179770831
69,DDM,value_scaling_t0,wide,DEoptim,51,0.36347750795805434,1,1.1574905016846895,0.30024111382777374,1,0.6887965262599952,2.85251641595989,1.3389617568344718,1.1871620621236152,1.385914179770831
69,DDM,value_scaling_t0,wide,DEoptim,52,0.36347750795805434,1,1.1574905016846895,0.30024111382777374,1,0.6887965262599952,2.85251641595989,1.3389617568344718,1.1871620621236152,1.385914179770831
69,DDM,value_scaling_t0,wide,DEoptim,53,0.36347750795805434,1,1.1574905016846895,0.30024111382777374,1,0.6887965262599952,2.85251641595989,1.3389617568344718,1.1871620621236152,1.385914179770831
69,DDM,value_scaling_t0,wide,DEoptim,54,0.36347750795805434,1,1.1574905016846895,0.30024111382777374,1,0.6887965262599952,2.85251641595989,1.3389617568344718,1.1871620621236152,1.385914179770831
69,DDM,value_scaling_t0,wide,DEoptim,55,0.36347750795805434,1,1.1574905016846895,0.30024111382777374,1,0.6887965262599952,2.85251641595989,1.3389617568344718,1.1871620621236152,1.385914179770831
69,DDM,value_scaling_t0,wide,DEoptim,56,0.36347750795805434,1,1.1574905016846895,0.30024111382777374,1,0.6887965262599952,2.85251641595989,1.3389617568344718,1.1871620621236152,1.385914179770831
69,DDM,value_scaling_t0,wide,DEoptim,57,0.36347750795805434,1,1.1574905016846895,0.30024111382777374,1,0.6887965262599952,2.85251641595989,1.3389617568344718,1.1871620621236152,1.385914179770831
69,DDM,value_scaling_t0,wide,DEoptim,58,0.36347750795805434,1,1.1574905016846895,0.30024111382777374,1,0.6887965262599952,2.85251641595989,1.291919418705445,1.2412713685233812,1.5232993805295874
69,DDM,value_scaling_t0,wide,DEoptim,59,0.36347750795805434,1,1.0721698444016965,0.30024111382777374,1,0.6887965262599952,2.85251641595989,1.291919418705445,1.2412713685233812,1.5232993805295874
69,DDM,value_scaling_t0,wide,DEoptim,60,0.36347750795805434,1,1.0721698444016965,0.30024111382777374,1,0.6887965262599952,2.85251641595989,1.291919418705445,1.2608749427338224,1.5232993805295874
69,DDM,value_scaling_t0,wide,DEoptim,61,0.36347750795805434,1,1.0721698444016965,0.30024111382777374,1,0.6887965262599952,2.85251641595989,1.291919418705445,1.2608749427338224,1.5232993805295874
69,DDM,value_scaling_t0,wide,DEoptim,62,0.36347750795805434,1,1.0721698444016965,0.30024111382777374,1,0.6887965262599952,2.85251641595989,1.291919418705445,1.2608749427338224,1.5232993805295874
69,DDM,value_scaling_t0,wide,DEoptim,63,0.36347750795805434,1,1.0721698444016965,0.30024111382777374,1,0.6887965262599952,2.85251641595989,1.291919418705445,1.2608749427338224,1.5232993805295874
69,DDM,value_scaling_t0,wide,DEoptim,64,0.36347750795805434,1,1.0721698444016965,0.30024111382777374,1,0.6887965262599952,2.85251641595989,1.291919418705445,1.2608749427338224,1.5232993805295874
69,DDM,value_scaling_t0,wide,DEoptim,65,0.4691669301169421,1,1.0814169344105808,0.3640287079453139,1,0.6408742824837798,3.2115959888368133,1.3221882837344285,1.2614334558819582,1.5348393070440502
69,DDM,value_scaling_t0,wide,DEoptim,66,0.4691669301169421,1,1.0814169344105808,0.3640287079453139,1,0.6408742824837798,3.2115959888368133,1.3221882837344285,1.2614334558819582,1.5348393070440502
69,DDM,value_scaling_t0,wide,DEoptim,67,0.4691669301169421,1,1.0814169344105808,0.3640287079453139,1,0.6408742824837798,3.2115959888368133,1.3221882837344285,1.2614334558819582,1.5348393070440502
69,DDM,value_scaling_t0,wide,DEoptim,68,0.4691669301169421,1,1.0814169344105808,0.3640287079453139,1,0.6408742824837798,3.2115959888368133,1.3221882837344285,1.2614334558819582,1.5348393070440502
69,DDM,value_scaling_t0,wide,DEoptim,69,0.4691669301169421,1,1.0814169344105808,0.3640287079453139,1,0.6408742824837798,3.2115959888368133,1.3221882837344285,1.2614334558819582,1.4684237834323388
69,DDM,value_scaling_t0,wide,DEoptim,70,0.4691669301169421,1,1.0814169344105808,0.3640287079453139,1,0.6408742824837798,3.2115959888368133,1.3221882837344285,1.2614334558819582,1.4684237834323388
69,DDM,value_scaling_t0,wide,DEoptim,71,0.4691669301169421,1,1.0814169344105808,0.3640287079453139,1,0.6408742824837798,3.2115959888368133,1.3221882837344285,1.2614334558819582,1.4684237834323388
69,DDM,value_scaling_t0,wide,DEoptim,72,0.4691669301169421,1,1.0814169344105808,0.3640287079453139,1,0.6408742824837798,3.2115959888368133,1.3221882837344285,1.2614334558819582,1.4684237834323388
69,DDM,value_scaling_t0,wide,DEoptim,73,0.4691669301169421,1,1.0814169344105808,0.3640287079453139,1,0.6408742824837798,3.2115959888368133,1.3221882837344285,1.2614334558819582,1.4684237834323388
69,DDM,value_scaling_t0,wide,DEoptim,74,0.4691669301169421,1,1.0814169344105808,0.3640287079453139,1,0.6408742824837798,3.2115959888368133,1.3221882837344285,1.2614334558819582,1.4684237834323388
69,DDM,value_scaling_t0,wide,DEoptim,75,0.4691669301169421,1,1.0814169344105808,0.3640287079453139,1,0.6408742824837798,3.2115959888368133,1.3221882837344285,1.2614334558819582,1.4684237834323388
69,DDM,value_scaling_t0,wide,DEoptim,76,0.4691669301169421,1,1.0814169344105808,0.3640287079453139,1,0.6408742824837798,3.2115959888368133,1.3221882837344285,1.2614334558819582,1.4684237834323388
69,DDM,value_scaling_t0,wide,DEoptim,77,0.4691669301169421,1,1.0814169344105808,0.3640287079453139,1,0.6408742824837798,3.2115959888368133,1.3221882837344285,1.2614334558819582,1.4684237834323388
69,DDM,value_scaling_t0,wide,DEoptim,78,0.4691669301169421,1,1.0814169344105808,0.3640287079453139,1,0.6408742824837798,3.2115959888368133,1.3221882837344285,1.2614334558819582,1.4684237834323388
69,DDM,value_scaling_t0,wide,DEoptim,79,0.33989197097161883,1,1.1292777444757323,0.4743374986712526,1,0.8736718849249929,3.0630852110185898,1.4075901864075004,1.276493796638104,1.4762571596463634
69,DDM,value_scaling_t0,wide,DEoptim,80,0.2474317385497274,1,1.0713765790014684,0.6845989043521695,1,0.9681544942700011,3.075318180715139,1.196104924885321,1.2199209706267569,1.4413903689242666
69,DDM,value_scaling_t0,wide,DEoptim,81,0.33989197097161883,1,1.1292777444757323,0.4743374986712526,1,0.8736718849249929,3.0630852110185898,1.2518699909719428,1.2539900228002172,1.4762571596463634
69,DDM,value_scaling_t0,wide,DEoptim,82,0.33989197097161883,1,1.1292777444757323,0.4743374986712526,1,0.8736718849249929,3.0630852110185898,1.2518699909719428,1.2539900228002172,1.4762571596463634
69,DDM,value_scaling_t0,wide,DEoptim,83,0.33989197097161883,1,1.0465418734453227,0.4743374986712526,1,0.8736718849249929,3.0630852110185898,1.2518699909719428,1.2539900228002172,1.4762571596463634
69,DDM,value_scaling_t0,wide,DEoptim,84,0.33989197097161883,1,1.0465418734453227,0.4743374986712526,1,0.8736718849249929,3.0630852110185898,1.2518699909719428,1.2539900228002172,1.4762571596463634
69,DDM,value_scaling_t0,wide,DEoptim,85,0.33989197097161883,1,1.0465418734453227,0.4743374986712526,1,0.8736718849249929,3.0630852110185898,1.2518699909719428,1.2539900228002172,1.4762571596463634
69,DDM,value_scaling_t0,wide,DEoptim,86,0.33989197097161883,1,1.0465418734453227,0.4743374986712526,1,0.8736718849249929,3.0630852110185898,1.2518699909719428,1.2539900228002172,1.4762571596463634
69,DDM,value_scaling_t0,wide,DEoptim,87,0.33989197097161883,1,1.0465418734453227,0.4743374986712526,1,0.8736718849249929,3.0630852110185898,1.2518699909719428,1.2539900228002172,1.4762571596463634
69,DDM,value_scaling_t0,wide,DEoptim,88,0.33989197097161883,1,1.0465418734453227,0.4743374986712526,1,0.8736718849249929,3.0630852110185898,1.2518699909719428,1.2539900228002172,1.4762571596463634
69,DDM,value_scaling_t0,wide,DEoptim,89,0.33989197097161883,1,1.0465418734453227,0.4743374986712526,1,0.8736718849249929,3.0630852110185898,1.2518699909719428,1.2539900228002172,1.4762571596463634
69,DDM,value_scaling_t0,wide,DEoptim,90,0.33989197097161883,1,1.0465418734453227,0.4743374986712526,1,0.8736718849249929,3.0630852110185898,1.2518699909719428,1.2539900228002172,1.4762571596463634
69,DDM,value_scaling_t0,wide,DEoptim,91,0.33989197097161883,1,1.0465418734453227,0.4743374986712526,1,0.8736718849249929,3.0630852110185898,1.2518699909719428,1.2539900228002172,1.4762571596463634
69,DDM,value_scaling_t0,wide,DEoptim,92,0.33989197097161883,1,1.0465418734453227,0.4743374986712526,1,0.8736718849249929,3.0630852110185898,1.2518699909719428,1.2539900228002172,1.4762571596463634
69,DDM,value_scaling_t0,wide,DEoptim,93,0.33989197097161883,1,1.0465418734453227,0.4743374986712526,1,0.8736718849249929,3.0630852110185898,1.2518699909719428,1.2539900228002172,1.4762571596463634
69,DDM,value_scaling_t0,wide,DEoptim,94,0.33989197097161883,1,1.0465418734453227,0.4743374986712526,1,0.8736718849249929,3.0630852110185898,1.2518699909719428,1.2539900228002172,1.4762571596463634
69,DDM,value_scaling_t0,wide,DEoptim,95,0.33989197097161883,1,1.0465418734453227,0.4743374986712526,1,0.8736718849249929,3.0630852110185898,1.2518699909719428,1.2539900228002172,1.4762571596463634
69,DDM,value_scaling_t0,wide,DEoptim,96,0.33989197097161883,1,1.0465418734453227,0.4743374986712526,1,0.8736718849249929,3.0630852110185898,1.2518699909719428,1.2539900228002172,1.4762571596463634
69,DDM,value_scaling_t0,wide,DEoptim,97,0.33989197097161883,1,1.0465418734453227,0.4743374986712526,1,0.8736718849249929,3.0630852110185898,1.2518699909719428,1.2539900228002172,1.4762571596463634
69,DDM,value_scaling_t0,wide,DEoptim,98,0.33989197097161883,1,1.0465418734453227,0.4743374986712526,1,0.8736718849249929,3.0630852110185898,1.2518699909719428,1.2539900228002172,1.4762571596463634
69,DDM,value_scaling_t0,wide,DEoptim,99,0.33989197097161883,1,1.0465418734453227,0.4743374986712526,1,0.8736718849249929,3.0630852110185898,1.2518699909719428,1.2539900228002172,1.4762571596463634
69,DDM,value_scaling_t0,wide,DEoptim,100,0.33989197097161883,1,1.0465418734453227,0.4743374986712526,1,0.8736718849249929,3.0630852110185898,1.2518699909719428,1.2539900228002172,1.4762571596463634
69,DDM,value_scaling_t0,wide,DEoptim,101,0.33989197097161883,1,1.0465418734453227,0.4743374986712526,1,0.8736718849249929,3.0630852110185898,1.2518699909719428,1.2539900228002172,1.4762571596463634
69,DDM,value_scaling_t0,wide,DEoptim,102,0.2871667713019761,1,1.0689598219132057,0.5881113599115979,1,0.9411395189738987,3.049227097872523,1.2986770483783838,1.2436686438679379,1.4196222939276246
69,DDM,value_scaling_t0,wide,DEoptim,103,0.2871667713019761,1,1.0689598219132057,0.5881113599115979,1,0.9411395189738987,3.049227097872523,1.2986770483783838,1.2436686438679379,1.4196222939276246
69,DDM,value_scaling_t0,wide,DEoptim,104,0.2871667713019761,1,1.0689598219132057,0.5881113599115979,1,0.9411395189738987,3.049227097872523,1.2986770483783838,1.2436686438679379,1.4196222939276246
69,DDM,value_scaling_t0,wide,DEoptim,105,0.2871667713019761,1,1.0689598219132057,0.5881113599115979,1,0.9411395189738987,3.049227097872523,1.2986770483783838,1.2436686438679379,1.4196222939276246
69,DDM,value_scaling_t0,wide,DEoptim,106,0.2871667713019761,1,1.0689598219132057,0.5881113599115979,1,0.9411395189738987,3.049227097872523,1.2986770483783838,1.2436686438679379,1.4196222939276246
69,DDM,value_scaling_t0,wide,DEoptim,107,0.2871667713019761,1,1.0689598219132057,0.5881113599115979,1,0.9411395189738987,3.049227097872523,1.2986770483783838,1.2436686438679379,1.4196222939276246
69,DDM,value_scaling_t0,wide,DEoptim,108,0.2871667713019761,1,1.0689598219132057,0.5881113599115979,1,0.9411395189738987,3.049227097872523,1.2986770483783838,1.2436686438679379,1.4196222939276246
69,DDM,value_scaling_t0,wide,DEoptim,109,0.2871667713019761,1,1.0689598219132057,0.5881113599115979,1,0.9411395189738987,3.049227097872523,1.2986770483783838,1.2436686438679379,1.4196222939276246
69,DDM,value_scaling_t0,wide,DEoptim,110,0.2871667713019761,1,1.0689598219132057,0.5881113599115979,1,0.9411395189738987,3.049227097872523,1.2986770483783838,1.2436686438679379,1.4196222939276246
69,DDM,value_scaling_t0,wide,DEoptim,111,0.2871667713019761,1,1.0689598219132057,0.5881113599115979,1,0.9411395189738987,3.049227097872523,1.2986770483783838,1.2436686438679379,1.4196222939276246
69,DDM,value_scaling_t0,wide,DEoptim,112,0.2871667713019761,1,1.0689598219132057,0.5881113599115979,1,0.9411395189738987,3.049227097872523,1.2986770483783838,1.2436686438679379,1.4196222939276246
69,DDM,value_scaling_t0,wide,DEoptim,113,0.2871667713019761,1,1.0689598219132057,0.5881113599115979,1,0.9411395189738987,3.049227097872523,1.2986770483783838,1.2436686438679379,1.4196222939276246
69,DDM,value_scaling_t0,wide,DEoptim,114,0.2871667713019761,1,1.0689598219132057,0.5881113599115979,1,0.9411395189738987,3.049227097872523,1.2986770483783838,1.2436686438679379,1.4196222939276246
69,DDM,value_scaling_t0,wide,DEoptim,115,0.2871667713019761,1,1.0689598219132057,0.5881113599115979,1,0.9411395189738987,3.049227097872523,1.2986770483783838,1.2436686438679379,1.4196222939276246
69,DDM,value_scaling_t0,wide,DEoptim,116,0.36347750795805434,1,1.0767167691285624,0.39197135500616304,1,0.7918939878951144,2.7907728552213937,1.3865914025141783,1.3307598606425606,1.511552772165631
69,DDM,value_scaling_t0,wide,DEoptim,117,0.36347750795805434,1,1.0767167691285624,0.39197135500616304,1,0.7918939878951144,2.7907728552213937,1.3865914025141783,1.3307598606425606,1.511552772165631
69,DDM,value_scaling_t0,wide,DEoptim,118,0.36347750795805434,1,1.0767167691285624,0.39197135500616304,1,0.7918939878951144,2.7907728552213937,1.3865914025141783,1.3307598606425606,1.511552772165631
69,DDM,value_scaling_t0,wide,DEoptim,119,0.36347750795805434,1,1.0767167691285624,0.39197135500616304,1,0.7918939878951144,2.7907728552213937,1.3865914025141783,1.3307598606425606,1.511552772165631
69,DDM,value_scaling_t0,wide,DEoptim,120,0.36347750795805434,1,1.0767167691285624,0.39197135500616304,1,0.7918939878951144,2.7907728552213937,1.3865914025141783,1.3307598606425606,1.511552772165631
69,DDM,value_scaling_t0,wide,DEoptim,121,0.36347750795805434,1,1.0767167691285624,0.39197135500616304,1,0.7918939878951144,2.7907728552213937,1.3865914025141783,1.3307598606425606,1.511552772165631
69,DDM,value_scaling_t0,wide,DEoptim,122,0.36347750795805434,1,1.0767167691285624,0.39197135500616304,1,0.7918939878951144,2.7907728552213937,1.3865914025141783,1.3307598606425606,1.511552772165631
69,DDM,value_scaling_t0,wide,DEoptim,123,0.36347750795805434,1,1.0767167691285624,0.39197135500616304,1,0.7918939878951144,2.7907728552213937,1.3865914025141783,1.3307598606425606,1.511552772165631
69,DDM,value_scaling_t0,wide,DEoptim,124,0.33989197097161883,1,1.0479673652297337,0.4743374986712526,1,0.8736718849249929,3.0630852110185898,1.3128864091488246,1.2539900228002172,1.4138489047868343
69,DDM,value_scaling_t0,wide,DEoptim,125,0.33989197097161883,1,1.0479673652297337,0.4743374986712526,1,0.8736718849249929,3.0630852110185898,1.3128864091488246,1.2539900228002172,1.4138489047868343
69,DDM,value_scaling_t0,wide,DEoptim,126,0.33989197097161883,1,1.0479673652297337,0.4743374986712526,1,0.8736718849249929,3.0630852110185898,1.3128864091488246,1.2539900228002172,1.4138489047868343
69,DDM,value_scaling_t0,wide,DEoptim,127,0.33989197097161883,1,1.0479673652297337,0.4743374986712526,1,0.8736718849249929,3.0630852110185898,1.3128864091488246,1.2539900228002172,1.4138489047868343
69,DDM,value_scaling_t0,wide,DEoptim,128,0.33989197097161883,1,1.0479673652297337,0.4743374986712526,1,0.8736718849249929,3.0630852110185898,1.3128864091488246,1.2539900228002172,1.4138489047868343
69,DDM,value_scaling_t0,wide,DEoptim,129,0.33989197097161883,1,1.0479673652297337,0.4743374986712526,1,0.8736718849249929,3.0630852110185898,1.3128864091488246,1.2539900228002172,1.4138489047868343
69,DDM,value_scaling_t0,wide,DEoptim,130,0.33989197097161883,1,1.0479673652297337,0.4743374986712526,1,0.8736718849249929,3.0630852110185898,1.3128864091488246,1.2539900228002172,1.4138489047868343
69,DDM,value_scaling_t0,wide,DEoptim,131,0.33989197097161883,1,1.0479673652297337,0.4743374986712526,1,0.8736718849249929,3.0630852110185898,1.3128864091488246,1.2539900228002172,1.4138489047868343
69,DDM,value_scaling_t0,wide,DEoptim,132,0.33989197097161883,1,1.0479673652297337,0.4743374986712526,1,0.8736718849249929,3.0630852110185898,1.3128864091488246,1.2539900228002172,1.4138489047868343
69,DDM,value_scaling_t0,wide,DEoptim,133,0.33989197097161883,1,1.0479673652297337,0.546931940707079,1,0.9070212869994343,3.0630852110185898,1.3128864091488246,1.2539900228002172,1.4138489047868343
69,DDM,value_scaling_t0,wide,DEoptim,134,0.4016076533288765,1,1.0291792184621846,0.3970460726802693,1,0.755175793004171,2.7745045528346672,1.3752301921164565,1.30805390822806,1.4571425422451785
69,DDM,value_scaling_t0,wide,DEoptim,135,0.4016076533288765,1,1.0291792184621846,0.3970460726802693,1,0.755175793004171,2.7745045528346672,1.3752301921164565,1.30805390822806,1.4571425422451785
69,DDM,value_scaling_t0,wide,DEoptim,136,0.3424653031722949,1,1.0695589139761847,0.46270842651558747,1,0.864342674320459,2.8176692648892807,1.35678008261784,1.3113127683561614,1.519541505184761
69,DDM,value_scaling_t0,wide,DEoptim,137,0.3424653031722949,1,1.0695589139761847,0.46270842651558747,1,0.864342674320459,2.8176692648892807,1.35678008261784,1.3113127683561614,1.519541505184761
69,DDM,value_scaling_t0,wide,DEoptim,138,0.3424653031722949,1,1.0695589139761847,0.46270842651558747,1,0.864342674320459,2.8176692648892807,1.35678008261784,1.3113127683561614,1.519541505184761
69,DDM,value_scaling_t0,wide,DEoptim,139,0.3424653031722949,1,1.0695589139761847,0.46270842651558747,1,0.864342674320459,2.8176692648892807,1.35678008261784,1.3113127683561614,1.519541505184761
69,DDM,value_scaling_t0,wide,DEoptim,140,0.3424653031722949,1,1.0695589139761847,0.46270842651558747,1,0.864342674320459,2.8176692648892807,1.35678008261784,1.3113127683561614,1.519541505184761
69,DDM,value_scaling_t0,wide,DEoptim,141,0.3073438626472128,1,1.0606278695769376,0.6092534032299199,1,0.9413435987930978,2.825621078900929,1.342494362031816,1.3551415000297646,1.4892801083051002
69,DDM,value_scaling_t0,wide,DEoptim,142,0.3424653031722949,1,1.0695589139761847,0.46270842651558747,1,0.864342674320459,2.8176692648892807,1.35678008261784,1.3312197503669265,1.4947376335744524
69,DDM,value_scaling_t0,wide,DEoptim,143,0.3424653031722949,1,1.0695589139761847,0.46270842651558747,1,0.864342674320459,2.8176692648892807,1.35678008261784,1.3312197503669265,1.4947376335744524
69,DDM,value_scaling_t0,wide,DEoptim,144,0.3424653031722949,1,1.0695589139761847,0.46270842651558747,1,0.864342674320459,2.8176692648892807,1.35678008261784,1.3312197503669265,1.4947376335744524
69,DDM,value_scaling_t0,wide,DEoptim,145,0.3424653031722949,1,1.0695589139761847,0.46270842651558747,1,0.864342674320459,2.8176692648892807,1.35678008261784,1.3312197503669265,1.4947376335744524
69,DDM,value_scaling_t0,wide,DEoptim,146,0.3424653031722949,1,1.0695589139761847,0.46270842651558747,1,0.864342674320459,2.8176692648892807,1.35678008261784,1.3312197503669265,1.4947376335744524
69,DDM,value_scaling_t0,wide,DEoptim,147,0.3424653031722949,1,1.0695589139761847,0.46270842651558747,1,0.864342674320459,2.8176692648892807,1.35678008261784,1.3312197503669265,1.4947376335744524
69,DDM,value_scaling_t0,wide,DEoptim,148,0.3424653031722949,1,1.0695589139761847,0.46270842651558747,1,0.864342674320459,2.8176692648892807,1.35678008261784,1.3312197503669265,1.4947376335744524
69,DDM,value_scaling_t0,wide,DEoptim,149,0.3073438626472128,1,1.0606278695769376,0.6092534032299199,1,0.9322045859882604,2.825621078900929,1.342494362031816,1.3149278356082426,1.4892801083051002
69,DDM,value_scaling_t0,wide,DEoptim,150,0.3073438626472128,1,1.0606278695769376,0.6092534032299199,1,0.9322045859882604,2.825621078900929,1.342494362031816,1.325516210436437,1.4892801083051002
69,DDM,value_scaling_t0,wide,DEoptim,151,0.3073438626472128,1,1.0606278695769376,0.6092534032299199,1,0.9322045859882604,2.825621078900929,1.342494362031816,1.325516210436437,1.4892801083051002
69,DDM,value_scaling_t0,wide,DEoptim,152,0.3073438626472128,1,1.0606278695769376,0.6092534032299199,1,0.9322045859882604,2.825621078900929,1.3471031542878287,1.325516210436437,1.4892801083051002
69,DDM,value_scaling_t0,wide,DEoptim,153,0.3073438626472128,1,1.0606278695769376,0.6092534032299199,1,0.9322045859882604,2.825621078900929,1.3471031542878287,1.325516210436437,1.4892801083051002
69,DDM,value_scaling_t0,wide,DEoptim,154,0.3073438626472128,1,1.0606278695769376,0.6092534032299199,1,0.9322045859882604,2.825621078900929,1.3471031542878287,1.325516210436437,1.4892801083051002
69,DDM,value_scaling_t0,wide,DEoptim,155,0.3073438626472128,1,1.0606278695769376,0.6092534032299199,1,0.9322045859882604,2.825621078900929,1.3471031542878287,1.325516210436437,1.4892801083051002
69,DDM,value_scaling_t0,wide,DEoptim,156,0.3073438626472128,1,1.0606278695769376,0.6092534032299199,1,0.9322045859882604,2.825621078900929,1.3471031542878287,1.325516210436437,1.4892801083051002
69,DDM,value_scaling_t0,wide,DEoptim,157,0.3073438626472128,1,1.0606278695769376,0.6092534032299199,1,0.9322045859882604,2.825621078900929,1.3471031542878287,1.325516210436437,1.4892801083051002
69,DDM,value_scaling_t0,wide,DEoptim,158,0.3073438626472128,1,1.0606278695769376,0.6092534032299199,1,0.9322045859882604,2.825621078900929,1.3471031542878287,1.325516210436437,1.4892801083051002
69,DDM,value_scaling_t0,wide,DEoptim,159,0.3073438626472128,1,1.0606278695769376,0.6092534032299199,1,0.9322045859882604,2.825621078900929,1.3471031542878287,1.325516210436437,1.4892801083051002
69,DDM,value_scaling_t0,wide,DEoptim,160,0.3073438626472128,1,1.0606278695769376,0.6092534032299199,1,0.9322045859882604,2.825621078900929,1.3471031542878287,1.325516210436437,1.4892801083051002
69,DDM,value_scaling_t0,wide,DEoptim,161,0.3073438626472128,1,1.0606278695769376,0.6092534032299199,1,0.9322045859882604,2.825621078900929,1.3471031542878287,1.325516210436437,1.4892801083051002
69,DDM,value_scaling_t0,wide,DEoptim,162,0.3073438626472128,1,1.0606278695769376,0.6092534032299199,1,0.9322045859882604,2.825621078900929,1.3471031542878287,1.325516210436437,1.4892801083051002
69,DDM,value_scaling_t0,wide,DEoptim,163,0.3073438626472128,1,1.0606278695769376,0.6092534032299199,1,0.9322045859882604,2.825621078900929,1.3471031542878287,1.325516210436437,1.4892801083051002
69,DDM,value_scaling_t0,wide,DEoptim,164,0.3073438626472128,1,1.0606278695769376,0.6092534032299199,1,0.9322045859882604,2.825621078900929,1.3471031542878287,1.325516210436437,1.4892801083051002
69,DDM,value_scaling_t0,wide,DEoptim,165,0.3073438626472128,1,1.0606278695769376,0.6092534032299199,1,0.9322045859882604,2.825621078900929,1.3471031542878287,1.325516210436437,1.4892801083051002
69,DDM,value_scaling_t0,wide,DEoptim,166,0.3073438626472128,1,1.0606278695769376,0.6092534032299199,1,0.9322045859882604,2.825621078900929,1.3471031542878287,1.325516210436437,1.4892801083051002
69,DDM,value_scaling_t0,wide,DEoptim,167,0.3073438626472128,1,1.0606278695769376,0.6092534032299199,1,0.9322045859882604,2.825621078900929,1.3471031542878287,1.325516210436437,1.4892801083051002
69,DDM,value_scaling_t0,wide,DEoptim,168,0.3073438626472128,1,1.0606278695769376,0.6092534032299199,1,0.9322045859882604,2.825621078900929,1.3471031542878287,1.325516210436437,1.4892801083051002
69,DDM,value_scaling_t0,wide,DEoptim,169,0.3073438626472128,1,1.0606278695769376,0.6092534032299199,1,0.9322045859882604,2.825621078900929,1.3471031542878287,1.325516210436437,1.4892801083051002
69,DDM,value_scaling_t0,wide,DEoptim,170,0.3073438626472128,1,1.0606278695769376,0.6092534032299199,1,0.9322045859882604,2.825621078900929,1.3471031542878287,1.325516210436437,1.4892801083051002
69,DDM,value_scaling_t0,wide,DEoptim,171,0.3073438626472128,1,1.0606278695769376,0.6092534032299199,1,0.9322045859882604,2.825621078900929,1.3471031542878287,1.325516210436437,1.4892801083051002
69,DDM,value_scaling_t0,wide,DEoptim,172,0.3073438626472128,1,1.0606278695769376,0.6092534032299199,1,0.9322045859882604,2.825621078900929,1.3471031542878287,1.325516210436437,1.4892801083051002
69,DDM,value_scaling_t0,wide,DEoptim,173,0.3073438626472128,1,1.0606278695769376,0.6092534032299199,1,0.9322045859882604,2.825621078900929,1.3471031542878287,1.325516210436437,1.4892801083051002
69,DDM,value_scaling_t0,wide,DEoptim,174,0.3073438626472128,1,1.0606278695769376,0.6092534032299199,1,0.9322045859882604,2.825621078900929,1.3471031542878287,1.325516210436437,1.4892801083051002
69,DDM,value_scaling_t0,wide,DEoptim,175,0.3073438626472128,1,1.0606278695769376,0.6092534032299199,1,0.9322045859882604,2.825621078900929,1.3471031542878287,1.325516210436437,1.4892801083051002
69,DDM,value_scaling_t0,wide,DEoptim,176,0.3073438626472128,1,1.0606278695769376,0.6092534032299199,1,0.9322045859882604,2.825621078900929,1.3471031542878287,1.325516210436437,1.4892801083051002
69,DDM,value_scaling_t0,wide,DEoptim,177,0.36252489790450615,1,1.0663030414873942,0.5148081037107659,1,0.8702976110989225,2.8550167111414413,1.3618447330842958,1.3313717155855527,1.4855349382640528
69,DDM,value_scaling_t0,wide,DEoptim,178,0.36252489790450615,1,1.0663030414873942,0.5148081037107659,1,0.8702976110989225,2.8550167111414413,1.3618447330842958,1.3313717155855527,1.4855349382640528
69,DDM,value_scaling_t0,wide,DEoptim,179,0.36252489790450615,1,1.0663030414873942,0.5148081037107659,1,0.8702976110989225,2.8550167111414413,1.3618447330842958,1.3313717155855527,1.4855349382640528
69,DDM,value_scaling_t0,wide,DEoptim,180,0.35237344969775997,1,1.0672351665221407,0.5353826020044654,1,0.8799001076536149,2.854092520452589,1.3356380932721126,1.3166322532675163,1.4668310364884205
69,DDM,value_scaling_t0,wide,DEoptim,181,0.35237344969775997,1,1.0672351665221407,0.5353826020044654,1,0.8799001076536149,2.854092520452589,1.3356380932721126,1.3166322532675163,1.4668310364884205
69,DDM,value_scaling_t0,wide,DEoptim,182,0.35237344969775997,1,1.0672351665221407,0.5353826020044654,1,0.8799001076536149,2.854092520452589,1.3356380932721126,1.3166322532675163,1.4668310364884205
69,DDM,value_scaling_t0,wide,DEoptim,183,0.35237344969775997,1,1.0672351665221407,0.5353826020044654,1,0.8799001076536149,2.854092520452589,1.3356380932721126,1.3166322532675163,1.4668310364884205
69,DDM,value_scaling_t0,wide,DEoptim,184,0.35237344969775997,1,1.0672351665221407,0.5353826020044654,1,0.8799001076536149,2.854092520452589,1.3356380932721126,1.3166322532675163,1.4668310364884205
69,DDM,value_scaling_t0,wide,DEoptim,185,0.35237344969775997,1,1.0672351665221407,0.5353826020044654,1,0.8799001076536149,2.854092520452589,1.3356380932721126,1.3166322532675163,1.4668310364884205
69,DDM,value_scaling_t0,wide,DEoptim,186,0.35237344969775997,1,1.0672351665221407,0.5353826020044654,1,0.8799001076536149,2.854092520452589,1.3356380932721126,1.3166322532675163,1.4668310364884205
69,DDM,value_scaling_t0,wide,DEoptim,187,0.35237344969775997,1,1.0672351665221407,0.5353826020044654,1,0.8799001076536149,2.9133375797366403,1.3356380932721126,1.3166322532675163,1.4668310364884205
69,DDM,value_scaling_t0,wide,DEoptim,188,0.35237344969775997,1,1.0672351665221407,0.5353826020044654,1,0.8799001076536149,2.9133375797366403,1.3356380932721126,1.3166322532675163,1.4668310364884205
69,DDM,value_scaling_t0,wide,DEoptim,189,0.35237344969775997,1,1.0672351665221407,0.5353826020044654,1,0.8799001076536149,2.9133375797366403,1.3356380932721126,1.3166322532675163,1.4668310364884205
69,DDM,value_scaling_t0,wide,DEoptim,190,0.35237344969775997,1,1.0672351665221407,0.5353826020044654,1,0.8799001076536149,2.9133375797366403,1.3356380932721126,1.3166322532675163,1.4668310364884205
69,DDM,value_scaling_t0,wide,DEoptim,191,0.35237344969775997,1,1.0672351665221407,0.5353826020044654,1,0.8799001076536149,2.9133375797366403,1.3356380932721126,1.3166322532675163,1.4668310364884205
69,DDM,value_scaling_t0,wide,DEoptim,192,0.35237344969775997,1,1.0672351665221407,0.5353826020044654,1,0.8799001076536149,2.9133375797366403,1.3356380932721126,1.3166322532675163,1.4668310364884205
69,DDM,value_scaling_t0,wide,DEoptim,193,0.35237344969775997,1,1.0672351665221407,0.5353826020044654,1,0.8799001076536149,2.9133375797366403,1.3356380932721126,1.3166322532675163,1.4668310364884205
69,DDM,value_scaling_t0,wide,DEoptim,194,0.35237344969775997,1,1.0672351665221407,0.5353826020044654,1,0.8799001076536149,2.9133375797366403,1.3356380932721126,1.3166322532675163,1.4668310364884205
69,DDM,value_scaling_t0,wide,DEoptim,195,0.35237344969775997,1,1.0672351665221407,0.5353826020044654,1,0.8799001076536149,2.9133375797366403,1.3356380932721126,1.3166322532675163,1.4668310364884205
69,DDM,value_scaling_t0,wide,DEoptim,196,0.35237344969775997,1,1.0672351665221407,0.5353826020044654,1,0.8799001076536149,2.9133375797366403,1.3356380932721126,1.3166322532675163,1.4668310364884205
69,DDM,value_scaling_t0,wide,DEoptim,197,0.35237344969775997,1,1.0672351665221407,0.5353826020044654,1,0.8799001076536149,2.9133375797366403,1.3356380932721126,1.3166322532675163,1.4668310364884205
69,DDM,value_scaling_t0,wide,DEoptim,198,0.35237344969775997,1,1.0672351665221407,0.5353826020044654,1,0.8799001076536149,2.9133375797366403,1.3356380932721126,1.3166322532675163,1.4668310364884205
69,DDM,value_scaling_t0,wide,DEoptim,199,0.35237344969775997,1,1.0672351665221407,0.5353826020044654,1,0.8799001076536149,2.9133375797366403,1.3356380932721126,1.3166322532675163,1.4668310364884205
69,DDM,value_scaling_t0,wide,DEoptim,200,0.35237344969775997,1,1.0672351665221407,0.5353826020044654,1,0.8799001076536149,2.9133375797366403,1.3356380932721126,1.3166322532675163,1.4668310364884205
69,DDM,value_scaling_t0,wide,DEoptim,201,0.35237344969775997,1,1.0672351665221407,0.5353826020044654,1,0.8799001076536149,2.9133375797366403,1.3356380932721126,1.3166322532675163,1.4668310364884205
69,DDM,value_scaling_t0,wide,DEoptim,202,0.35237344969775997,1,1.0672351665221407,0.5353826020044654,1,0.8799001076536149,2.9133375797366403,1.3356380932721126,1.3166322532675163,1.4668310364884205
69,DDM,value_scaling_t0,wide,DEoptim,203,0.35237344969775997,1,1.0672351665221407,0.5353826020044654,1,0.8799001076536149,2.9133375797366403,1.3356380932721126,1.3166322532675163,1.4668310364884205
69,DDM,value_scaling_t0,wide,DEoptim,204,0.35237344969775997,1,1.0672351665221407,0.5353826020044654,1,0.8799001076536149,2.9133375797366403,1.3356380932721126,1.3166322532675163,1.4668310364884205
69,DDM,value_scaling_t0,wide,DEoptim,205,0.35237344969775997,1,1.0672351665221407,0.5353826020044654,1,0.8799001076536149,2.9133375797366403,1.3372435448595803,1.3166322532675163,1.4668310364884205
69,DDM,value_scaling_t0,wide,DEoptim,206,0.35237344969775997,1,1.0672351665221407,0.5353826020044654,1,0.8799001076536149,2.9133375797366403,1.3372435448595803,1.3166322532675163,1.4668310364884205
69,DDM,value_scaling_t0,wide,DEoptim,207,0.35237344969775997,1,1.0672351665221407,0.5353826020044654,1,0.8799001076536149,2.9133375797366403,1.3372435448595803,1.3174627898474693,1.4590499019011147
69,DDM,value_scaling_t0,wide,DEoptim,208,0.35237344969775997,1,1.0672351665221407,0.5353826020044654,1,0.8799001076536149,2.9133375797366403,1.3372435448595803,1.3174627898474693,1.4590499019011147
69,DDM,value_scaling_t0,wide,DEoptim,209,0.35237344969775997,1,1.0672351665221407,0.5353826020044654,1,0.8799001076536149,2.9133375797366403,1.3372435448595803,1.3174627898474693,1.4590499019011147
69,DDM,value_scaling_t0,wide,DEoptim,210,0.35237344969775997,1,1.0672351665221407,0.5353826020044654,1,0.8799001076536149,2.9133375797366403,1.3372435448595803,1.3174627898474693,1.4590499019011147
69,DDM,value_scaling_t0,wide,DEoptim,211,0.35237344969775997,1,1.0672351665221407,0.5353826020044654,1,0.8799001076536149,2.9133375797366403,1.3372435448595803,1.3174627898474693,1.4590499019011147
69,DDM,value_scaling_t0,wide,DEoptim,212,0.35237344969775997,1,1.0672351665221407,0.5353826020044654,1,0.8799001076536149,2.9133375797366403,1.3372435448595803,1.3174627898474693,1.4590499019011147
69,DDM,value_scaling_t0,wide,DEoptim,213,0.35237344969775997,1,1.0672351665221407,0.5353826020044654,1,0.8799001076536149,2.9133375797366403,1.3372435448595803,1.3174627898474693,1.4590499019011147
69,DDM,value_scaling_t0,wide,DEoptim,214,0.35237344969775997,1,1.0672351665221407,0.5353826020044654,1,0.8799001076536149,2.9133375797366403,1.3372435448595803,1.3174627898474693,1.4590499019011147
69,DDM,value_scaling_t0,wide,DEoptim,215,0.35237344969775997,1,1.0672351665221407,0.5353826020044654,1,0.8799001076536149,2.9133375797366403,1.3372435448595803,1.3174627898474693,1.4590499019011147
69,DDM,value_scaling_t0,wide,DEoptim,216,0.35237344969775997,1,1.0672351665221407,0.5353826020044654,1,0.8799001076536149,2.9133375797366403,1.3372435448595803,1.3174627898474693,1.4590499019011147
69,DDM,value_scaling_t0,wide,DEoptim,217,0.35237344969775997,1,1.0468101564139354,0.5353826020044654,1,0.8799001076536149,2.9133375797366403,1.3372435448595803,1.3174627898474693,1.4590499019011147
69,DDM,value_scaling_t0,wide,DEoptim,218,0.35237344969775997,1,1.0468101564139354,0.5353826020044654,1,0.8799001076536149,2.9133375797366403,1.3372435448595803,1.3174627898474693,1.4590499019011147
69,DDM,value_scaling_t0,wide,DEoptim,219,0.35237344969775997,1,1.0468101564139354,0.5353826020044654,1,0.8799001076536149,2.9133375797366403,1.3372435448595803,1.3174627898474693,1.4590499019011147
69,DDM,value_scaling_t0,wide,DEoptim,220,0.35237344969775997,1,1.0468101564139354,0.5353826020044654,1,0.8799001076536149,2.9133375797366403,1.3372435448595803,1.3174627898474693,1.4590499019011147
69,DDM,value_scaling_t0,wide,DEoptim,221,0.3476054426298381,1,1.056789673012966,0.5329950253332346,1,0.8833727807407917,2.8176692648892807,1.3712186068251453,1.3197165280156007,1.4593310709048097
69,DDM,value_scaling_t0,wide,DEoptim,222,0.3476054426298381,1,1.056789673012966,0.5329950253332346,1,0.8833727807407917,2.8176692648892807,1.3712186068251453,1.3197165280156007,1.4593310709048097
69,DDM,value_scaling_t0,wide,DEoptim,223,0.3476054426298381,1,1.056789673012966,0.5329950253332346,1,0.8833727807407917,2.8176692648892807,1.3712186068251453,1.3197165280156007,1.4593310709048097
69,DDM,value_scaling_t0,wide,DEoptim,224,0.3476054426298381,1,1.056789673012966,0.5329950253332346,1,0.8833727807407917,2.8176692648892807,1.3855317515411667,1.3421542984784505,1.47213584254284
69,DDM,value_scaling_t0,wide,DEoptim,225,0.3476054426298381,1,1.056789673012966,0.5329950253332346,1,0.8833727807407917,2.8176692648892807,1.3855317515411667,1.3421542984784505,1.47213584254284
69,DDM,value_scaling_t0,wide,DEoptim,226,0.3476054426298381,1,1.056789673012966,0.5329950253332346,1,0.8833727807407917,2.8176692648892807,1.3855317515411667,1.3421542984784505,1.47213584254284
69,DDM,value_scaling_t0,wide,DEoptim,227,0.3476054426298381,1,1.056789673012966,0.5329950253332346,1,0.8833727807407917,2.8176692648892807,1.3855317515411667,1.3421542984784505,1.47213584254284
69,DDM,value_scaling_t0,wide,DEoptim,228,0.3476054426298381,1,1.056789673012966,0.5329950253332346,1,0.8833727807407917,2.8176692648892807,1.3855317515411667,1.3421542984784505,1.47213584254284
69,DDM,value_scaling_t0,wide,DEoptim,229,0.3387346886709732,1,1.0587476439090808,0.5812535556594624,1,0.9070212869994343,2.858667446629892,1.3593442158633378,1.3151378645364264,1.4583513790165803
69,DDM,value_scaling_t0,wide,DEoptim,230,0.3387346886709732,1,1.0587476439090808,0.5812535556594624,1,0.9070212869994343,2.858667446629892,1.3593442158633378,1.3151378645364264,1.4583513790165803
69,DDM,value_scaling_t0,wide,DEoptim,231,0.3387346886709732,1,1.0587476439090808,0.5812535556594624,1,0.9070212869994343,2.858667446629892,1.3593442158633378,1.3151378645364264,1.4583513790165803
69,DDM,value_scaling_t0,wide,DEoptim,232,0.3387346886709732,1,1.0587476439090808,0.5812535556594624,1,0.9070212869994343,2.858667446629892,1.3593442158633378,1.3151378645364264,1.4583513790165803
69,DDM,value_scaling_t0,wide,DEoptim,233,0.3387346886709732,1,1.0587476439090808,0.5812535556594624,1,0.9070212869994343,2.858667446629892,1.3593442158633378,1.3151378645364264,1.4583513790165803
69,DDM,value_scaling_t0,wide,DEoptim,234,0.3387346886709732,1,1.0587476439090808,0.5812535556594624,1,0.9070212869994343,2.858667446629892,1.3593442158633378,1.3151378645364264,1.4583513790165803
69,DDM,value_scaling_t0,wide,DEoptim,235,0.3387346886709732,1,1.0587476439090808,0.5812535556594624,1,0.9070212869994343,2.858667446629892,1.3593442158633378,1.3151378645364264,1.4583513790165803
69,DDM,value_scaling_t0,wide,DEoptim,236,0.35237344969775997,1,1.0468101564139354,0.5353826020044654,1,0.8799001076536149,2.854833540425978,1.3718622229133486,1.3303615975168093,1.4590499019011147
69,DDM,value_scaling_t0,wide,DEoptim,237,0.35237344969775997,1,1.0468101564139354,0.5353826020044654,1,0.8799001076536149,2.854833540425978,1.3718622229133486,1.3303615975168093,1.4590499019011147
69,DDM,value_scaling_t0,wide,DEoptim,238,0.3387346886709732,1,1.0587476439090808,0.5812535556594624,1,0.9070212869994343,2.858667446629892,1.3593442158633378,1.3151378645364264,1.460593965170757
69,DDM,value_scaling_t0,wide,DEoptim,239,0.3387346886709732,1,1.0587476439090808,0.5812535556594624,1,0.9070212869994343,2.858667446629892,1.3593442158633378,1.3151378645364264,1.460593965170757
69,DDM,value_scaling_t0,wide,DEoptim,240,0.3387346886709732,1,1.0587476439090808,0.5812535556594624,1,0.9070212869994343,2.858667446629892,1.3593442158633378,1.3172246959549294,1.460593965170757
69,DDM,value_scaling_t0,wide,DEoptim,241,0.3387346886709732,1,1.0587476439090808,0.5812535556594624,1,0.9070212869994343,2.8889242500456227,1.362270963495627,1.3172246959549294,1.460593965170757
69,DDM,value_scaling_t0,wide,DEoptim,242,0.35237344969775997,1,1.0468101564139354,0.5353826020044654,1,0.8799001076536149,2.854833540425978,1.364526041999493,1.329299833547581,1.4590499019011147
69,DDM,value_scaling_t0,wide,DEoptim,243,0.35237344969775997,1,1.0468101564139354,0.5353826020044654,1,0.8799001076536149,2.854833540425978,1.364526041999493,1.329299833547581,1.4590499019011147
69,DDM,value_scaling_t0,wide,DEoptim,244,0.3560139877988112,1,1.0468101564139354,0.5353826020044654,1,0.8799001076536149,2.854833540425978,1.364526041999493,1.329299833547581,1.4590499019011147
69,DDM,value_scaling_t0,wide,DEoptim,245,0.3560139877988112,1,1.0468101564139354,0.5353826020044654,1,0.8799001076536149,2.854833540425978,1.364526041999493,1.329299833547581,1.4590499019011147
69,DDM,value_scaling_t0,wide,DEoptim,246,0.3560139877988112,1,1.0468101564139354,0.5353826020044654,1,0.8799001076536149,2.854833540425978,1.364526041999493,1.329299833547581,1.4590499019011147
69,DDM,value_scaling_t0,wide,DEoptim,247,0.3560139877988112,1,1.0468101564139354,0.5353826020044654,1,0.8799001076536149,2.854833540425978,1.364526041999493,1.329299833547581,1.4590499019011147
69,DDM,value_scaling_t0,wide,DEoptim,248,0.3560139877988112,1,1.0468101564139354,0.5353826020044654,1,0.8799001076536149,2.854833540425978,1.3573651459756473,1.329299833547581,1.4590499019011147
69,DDM,value_scaling_t0,wide,DEoptim,249,0.3560139877988112,1,1.0468101564139354,0.5353826020044654,1,0.8799001076536149,2.854833540425978,1.3573651459756473,1.329299833547581,1.4645262398702095
69,DDM,value_scaling_t0,wide,DEoptim,250,0.3476054426298381,1,1.056789673012966,0.5329950253332346,1,0.8833727807407917,2.831809868178641,1.3605194688450903,1.327641912126065,1.47213584254284
69,DDM,value_scaling_t0,wide,DEoptim,251,0.3476054426298381,1,1.056789673012966,0.5329950253332346,1,0.8833727807407917,2.831809868178641,1.3605194688450903,1.327641912126065,1.47213584254284
69,DDM,value_scaling_t0,wide,DEoptim,252,0.3476054426298381,1,1.056789673012966,0.5329950253332346,1,0.8833727807407917,2.831809868178641,1.3605194688450903,1.327641912126065,1.47213584254284
69,DDM,value_scaling_t0,wide,DEoptim,253,0.3476054426298381,1,1.056789673012966,0.5329950253332346,1,0.8833727807407917,2.831809868178641,1.3605194688450903,1.327641912126065,1.47213584254284
69,DDM,value_scaling_t0,wide,DEoptim,254,0.3476054426298381,1,1.056789673012966,0.5329950253332346,1,0.8833727807407917,2.831809868178641,1.3605194688450903,1.327641912126065,1.47213584254284
69,DDM,value_scaling_t0,wide,DEoptim,255,0.3476054426298381,1,1.056789673012966,0.5329950253332346,1,0.8833727807407917,2.831809868178641,1.3605194688450903,1.327641912126065,1.47213584254284
69,DDM,value_scaling_t0,wide,DEoptim,256,0.3476054426298381,1,1.056789673012966,0.5329950253332346,1,0.8833727807407917,2.831809868178641,1.3605194688450903,1.327641912126065,1.47213584254284
69,DDM,value_scaling_t0,wide,DEoptim,257,0.3476054426298381,1,1.056789673012966,0.5329950253332346,1,0.8833727807407917,2.831809868178641,1.3605194688450903,1.327641912126065,1.47213584254284
69,DDM,value_scaling_t0,wide,DEoptim,258,0.3476054426298381,1,1.056789673012966,0.5329950253332346,1,0.8833727807407917,2.831809868178641,1.3605194688450903,1.327641912126065,1.47213584254284
69,DDM,value_scaling_t0,wide,DEoptim,259,0.3476054426298381,1,1.056789673012966,0.5329950253332346,1,0.8833727807407917,2.831809868178641,1.3605194688450903,1.327641912126065,1.47213584254284
69,DDM,value_scaling_t0,wide,DEoptim,260,0.3476054426298381,1,1.056789673012966,0.5329950253332346,1,0.8833727807407917,2.831809868178641,1.3605194688450903,1.327641912126065,1.47213584254284
69,DDM,value_scaling_t0,wide,DEoptim,261,0.3476054426298381,1,1.056789673012966,0.5329950253332346,1,0.8833727807407917,2.831809868178641,1.3605194688450903,1.327641912126065,1.47213584254284
69,DDM,value_scaling_t0,wide,DEoptim,262,0.3476054426298381,1,1.056789673012966,0.5329950253332346,1,0.8833727807407917,2.831809868178641,1.3605194688450903,1.327641912126065,1.47213584254284
69,DDM,value_scaling_t0,wide,DEoptim,263,0.3476054426298381,1,1.056789673012966,0.5329950253332346,1,0.8833727807407917,2.831809868178641,1.3605194688450903,1.327641912126065,1.47213584254284
69,DDM,value_scaling_t0,wide,DEoptim,264,0.3476054426298381,1,1.056789673012966,0.5329950253332346,1,0.8833727807407917,2.831809868178641,1.3605194688450903,1.327641912126065,1.47213584254284
69,DDM,value_scaling_t0,wide,DEoptim,265,0.3476054426298381,1,1.056789673012966,0.5329950253332346,1,0.8833727807407917,2.831809868178641,1.3605194688450903,1.327641912126065,1.47213584254284
69,DDM,value_scaling_t0,wide,DEoptim,266,0.3476054426298381,1,1.056789673012966,0.5329950253332346,1,0.8833727807407917,2.831809868178641,1.3605194688450903,1.327641912126065,1.47213584254284
69,DDM,value_scaling_t0,wide,DEoptim,267,0.3476054426298381,1,1.056789673012966,0.5329950253332346,1,0.8833727807407917,2.831809868178641,1.3605194688450903,1.327641912126065,1.47213584254284
69,DDM,value_scaling_t0,wide,DEoptim,268,0.33558464747977523,1,1.0477692195141226,0.5591247320056477,1,0.9033001960186167,2.86683598741499,1.353953591444042,1.3239033788626542,1.4665770059315983
69,DDM,value_scaling_t0,wide,DEoptim,269,0.33558464747977523,1,1.0477692195141226,0.5591247320056477,1,0.9033001960186167,2.86683598741499,1.353953591444042,1.3239033788626542,1.4665770059315983
69,DDM,value_scaling_t0,wide,DEoptim,270,0.33558464747977523,1,1.0477692195141226,0.5591247320056477,1,0.9033001960186167,2.86683598741499,1.353953591444042,1.3239033788626542,1.4665770059315983
69,DDM,value_scaling_t0,wide,DEoptim,271,0.33558464747977523,1,1.0477692195141226,0.5591247320056477,1,0.9033001960186167,2.86683598741499,1.353953591444042,1.3239033788626542,1.4665770059315983
69,DDM,value_scaling_t0,wide,DEoptim,272,0.33558464747977523,1,1.0477692195141226,0.5591247320056477,1,0.9033001960186167,2.86683598741499,1.353953591444042,1.3239033788626542,1.4665770059315983
69,DDM,value_scaling_t0,wide,DEoptim,273,0.33558464747977523,1,1.05711458813839,0.5591247320056477,1,0.9033001960186167,2.86683598741499,1.353953591444042,1.3239033788626542,1.4665770059315983
69,DDM,value_scaling_t0,wide,DEoptim,274,0.33558464747977523,1,1.05711458813839,0.5591247320056477,1,0.9033001960186167,2.86683598741499,1.353953591444042,1.3239033788626542,1.4665770059315983
69,DDM,value_scaling_t0,wide,DEoptim,275,0.33558464747977523,1,1.05711458813839,0.5591247320056477,1,0.9033001960186167,2.86683598741499,1.353953591444042,1.3239033788626542,1.4665770059315983
69,DDM,value_scaling_t0,wide,DEoptim,276,0.33558464747977523,1,1.05711458813839,0.5591247320056477,1,0.9033001960186167,2.86683598741499,1.353953591444042,1.3239033788626542,1.4665770059315983
69,DDM,value_scaling_t0,wide,DEoptim,277,0.33558464747977523,1,1.05711458813839,0.5591247320056477,1,0.9033001960186167,2.86683598741499,1.353953591444042,1.3239033788626542,1.4665770059315983
69,DDM,value_scaling_t0,wide,DEoptim,278,0.33558464747977523,1,1.05711458813839,0.5591247320056477,1,0.9033001960186167,2.86683598741499,1.353953591444042,1.3239033788626542,1.4665770059315983
69,DDM,value_scaling_t0,wide,DEoptim,279,0.33558464747977523,1,1.05711458813839,0.5591247320056477,1,0.9033001960186167,2.86683598741499,1.353953591444042,1.3239033788626542,1.4665770059315983
69,DDM,value_scaling_t0,wide,DEoptim,280,0.33558464747977523,1,1.05711458813839,0.5591247320056477,1,0.9033001960186167,2.86683598741499,1.353953591444042,1.3239033788626542,1.4665770059315983
69,DDM,value_scaling_t0,wide,DEoptim,281,0.33558464747977523,1,1.05711458813839,0.5591247320056477,1,0.9033001960186167,2.86683598741499,1.353953591444042,1.3239033788626542,1.4665770059315983
69,DDM,value_scaling_t0,wide,DEoptim,282,0.33558464747977523,1,1.05711458813839,0.5591247320056477,1,0.9033001960186167,2.86683598741499,1.353953591444042,1.3239033788626542,1.4665770059315983
69,DDM,value_scaling_t0,wide,DEoptim,283,0.33558464747977523,1,1.05711458813839,0.5591247320056477,1,0.9033001960186167,2.86683598741499,1.353953591444042,1.3239033788626542,1.4665770059315983
69,DDM,value_scaling_t0,wide,DEoptim,284,0.33558464747977523,1,1.05711458813839,0.5591247320056477,1,0.9033001960186167,2.86683598741499,1.353953591444042,1.3239033788626542,1.4665770059315983
69,DDM,value_scaling_t0,wide,DEoptim,285,0.33558464747977523,1,1.05711458813839,0.5591247320056477,1,0.9033001960186167,2.86683598741499,1.353953591444042,1.3239033788626542,1.4665770059315983
69,DDM,value_scaling_t0,wide,DEoptim,286,0.33558464747977523,1,1.05711458813839,0.5591247320056477,1,0.9033001960186167,2.86683598741499,1.353953591444042,1.3239033788626542,1.4665770059315983
69,DDM,value_scaling_t0,wide,DEoptim,287,0.33558464747977523,1,1.05711458813839,0.5591247320056477,1,0.9033001960186167,2.86683598741499,1.353953591444042,1.3239033788626542,1.4665770059315983
69,DDM,value_scaling_t0,wide,DEoptim,288,0.33558464747977523,1,1.05711458813839,0.5591247320056477,1,0.9033001960186167,2.86683598741499,1.353953591444042,1.3239033788626542,1.4665770059315983
69,DDM,value_scaling_t0,wide,DEoptim,289,0.33558464747977523,1,1.05711458813839,0.5591247320056477,1,0.9033001960186167,2.86683598741499,1.353953591444042,1.3239033788626542,1.4665770059315983
69,DDM,value_scaling_t0,wide,DEoptim,290,0.33558464747977523,1,1.05711458813839,0.5591247320056477,1,0.9033001960186167,2.86683598741499,1.353953591444042,1.3239033788626542,1.4665770059315983
69,DDM,value_scaling_t0,wide,DEoptim,291,0.33558464747977523,1,1.05711458813839,0.5591247320056477,1,0.9033001960186167,2.86683598741499,1.353953591444042,1.3239033788626542,1.4665770059315983
69,DDM,value_scaling_t0,wide,DEoptim,292,0.33558464747977523,1,1.05711458813839,0.5591247320056477,1,0.9033001960186167,2.86683598741499,1.353953591444042,1.3239033788626542,1.4665770059315983
69,DDM,value_scaling_t0,wide,DEoptim,293,0.33558464747977523,1,1.05711458813839,0.5591247320056477,1,0.9033001960186167,2.86683598741499,1.353953591444042,1.3239033788626542,1.4665770059315983
69,DDM,value_scaling_t0,wide,DEoptim,294,0.33558464747977523,1,1.05711458813839,0.5591247320056477,1,0.9033001960186167,2.86683598741499,1.353953591444042,1.3239033788626542,1.4665770059315983
69,DDM,value_scaling_t0,wide,DEoptim,295,0.33558464747977523,1,1.05711458813839,0.5591247320056477,1,0.9033001960186167,2.86683598741499,1.353953591444042,1.3239033788626542,1.4665770059315983
69,DDM,value_scaling_t0,wide,DEoptim,296,0.33558464747977523,1,1.05711458813839,0.5591247320056477,1,0.9033001960186167,2.86683598741499,1.353953591444042,1.3239033788626542,1.4665770059315983
69,DDM,value_scaling_t0,wide,DEoptim,297,0.33558464747977523,1,1.05711458813839,0.5591247320056477,1,0.9033001960186167,2.86683598741499,1.353953591444042,1.3239033788626542,1.4665770059315983
69,DDM,value_scaling_t0,wide,DEoptim,298,0.33558464747977523,1,1.05711458813839,0.5591247320056477,1,0.9033001960186167,2.86683598741499,1.353953591444042,1.3239033788626542,1.4680769046828324
69,DDM,value_scaling_t0,wide,DEoptim,299,0.33558464747977523,1,1.05711458813839,0.5591247320056477,1,0.9033001960186167,2.86683598741499,1.353953591444042,1.3239033788626542,1.4680769046828324
69,DDM,value_scaling_t0,wide,DEoptim,300,0.33558464747977523,1,1.05711458813839,0.5591247320056477,1,0.9033001960186167,2.86683598741499,1.353953591444042,1.3239033788626542,1.4680769046828324
69,DDM,value_scaling_t0,wide,DEoptim,301,0.33558464747977523,1,1.05711458813839,0.5591247320056477,1,0.9033001960186167,2.86683598741499,1.353953591444042,1.3239033788626542,1.4680769046828324
69,DDM,value_scaling_t0,wide,DEoptim,302,0.33558464747977523,1,1.05711458813839,0.5591247320056477,1,0.9033001960186167,2.86683598741499,1.353953591444042,1.3239033788626542,1.4680769046828324
69,DDM,value_scaling_t0,wide,DEoptim,303,0.33558464747977523,1,1.05711458813839,0.5591247320056477,1,0.9033001960186167,2.86683598741499,1.353953591444042,1.3239033788626542,1.4680769046828324
69,DDM,value_scaling_t0,wide,DEoptim,304,0.33558464747977523,1,1.05711458813839,0.5591247320056477,1,0.9033001960186167,2.86683598741499,1.353953591444042,1.3239033788626542,1.4680769046828324
69,DDM,value_scaling_t0,wide,DEoptim,305,0.33558464747977523,1,1.05711458813839,0.5591247320056477,1,0.9033001960186167,2.86683598741499,1.353953591444042,1.3239033788626542,1.4680769046828324
69,DDM,value_scaling_t0,wide,DEoptim,306,0.33558464747977523,1,1.05711458813839,0.5591247320056477,1,0.9033001960186167,2.86683598741499,1.353953591444042,1.3239033788626542,1.4680769046828324
69,DDM,value_scaling_t0,wide,DEoptim,307,0.33558464747977523,1,1.05711458813839,0.5591247320056477,1,0.9033001960186167,2.86683598741499,1.353953591444042,1.3239033788626542,1.4680769046828324
69,DDM,value_scaling_t0,wide,DEoptim,308,0.33558464747977523,1,1.05711458813839,0.5591247320056477,1,0.9033001960186167,2.86683598741499,1.353953591444042,1.3239033788626542,1.4680769046828324
69,DDM,value_scaling_t0,wide,DEoptim,309,0.33558464747977523,1,1.05711458813839,0.5591247320056477,1,0.9033001960186167,2.86683598741499,1.353953591444042,1.3239033788626542,1.4680769046828324
69,DDM,value_scaling_t0,wide,DEoptim,310,0.33558464747977523,1,1.05711458813839,0.5591247320056477,1,0.9033001960186167,2.86683598741499,1.353953591444042,1.3239033788626542,1.4680769046828324
69,DDM,value_scaling_t0,wide,DEoptim,311,0.33558464747977523,1,1.05711458813839,0.5591247320056477,1,0.9033001960186167,2.86683598741499,1.353953591444042,1.3239033788626542,1.4680769046828324
69,DDM,value_scaling_t0,wide,DEoptim,312,0.33558464747977523,1,1.05711458813839,0.5591247320056477,1,0.9033001960186167,2.86683598741499,1.353953591444042,1.3239033788626542,1.4680769046828324
69,DDM,value_scaling_t0,wide,DEoptim,313,0.33558464747977523,1,1.05711458813839,0.5591247320056477,1,0.9033001960186167,2.86683598741499,1.353953591444042,1.3239033788626542,1.4680769046828324
69,DDM,value_scaling_t0,wide,DEoptim,314,0.33558464747977523,1,1.05711458813839,0.5591247320056477,1,0.9033001960186167,2.86683598741499,1.353953591444042,1.3239033788626542,1.4680769046828324
69,DDM,value_scaling_t0,wide,DEoptim,315,0.33558464747977523,1,1.05711458813839,0.5591247320056477,1,0.9033001960186167,2.86683598741499,1.353953591444042,1.3239033788626542,1.4680769046828324
69,DDM,value_scaling_t0,wide,DEoptim,316,0.33558464747977523,1,1.05711458813839,0.5591247320056477,1,0.9033001960186167,2.86683598741499,1.353953591444042,1.3239033788626542,1.4680769046828324
69,DDM,value_scaling_t0,wide,DEoptim,317,0.33558464747977523,1,1.05711458813839,0.5591247320056477,1,0.9033001960186167,2.86683598741499,1.353953591444042,1.3239033788626542,1.4680769046828324
69,DDM,value_scaling_t0,wide,DEoptim,318,0.33558464747977523,1,1.05711458813839,0.5591247320056477,1,0.9033001960186167,2.86683598741499,1.353953591444042,1.3239033788626542,1.4680769046828324
69,DDM,value_scaling_t0,wide,DEoptim,319,0.33558464747977523,1,1.05711458813839,0.5591247320056477,1,0.9033001960186167,2.86683598741499,1.353953591444042,1.3239033788626542,1.4680769046828324
69,DDM,value_scaling_t0,wide,DEoptim,320,0.33558464747977523,1,1.05711458813839,0.5591247320056477,1,0.9033001960186167,2.86683598741499,1.353953591444042,1.3239033788626542,1.4680769046828324
69,DDM,value_scaling_t0,wide,DEoptim,321,0.33558464747977523,1,1.05711458813839,0.5591247320056477,1,0.9033001960186167,2.86683598741499,1.353953591444042,1.3239033788626542,1.4680769046828324
69,DDM,value_scaling_t0,wide,DEoptim,322,0.3358373798159028,1,1.05711458813839,0.5591247320056477,1,0.9033001960186167,2.86683598741499,1.353953591444042,1.3239033788626542,1.4680769046828324
69,DDM,value_scaling_t0,wide,DEoptim,323,0.3358373798159028,1,1.05711458813839,0.5591247320056477,1,0.9033001960186167,2.86683598741499,1.353953591444042,1.3239033788626542,1.4680769046828324
69,DDM,value_scaling_t0,wide,DEoptim,324,0.3358373798159028,1,1.05711458813839,0.5591247320056477,1,0.9033001960186167,2.86683598741499,1.353953591444042,1.3239033788626542,1.4680769046828324
69,DDM,value_scaling_t0,wide,DEoptim,325,0.3358373798159028,1,1.05711458813839,0.5591247320056477,1,0.9033001960186167,2.86683598741499,1.3547954632044434,1.3239033788626542,1.4680769046828324
69,DDM,value_scaling_t0,wide,DEoptim,326,0.3358373798159028,1,1.05711458813839,0.5591247320056477,1,0.9033001960186167,2.86683598741499,1.3547954632044434,1.3239033788626542,1.4680769046828324
69,DDM,value_scaling_t0,wide,DEoptim,327,0.3358373798159028,1,1.05711458813839,0.5591247320056477,1,0.9033001960186167,2.86683598741499,1.3547954632044434,1.3239033788626542,1.4680769046828324
69,DDM,value_scaling_t0,wide,DEoptim,328,0.3358373798159028,1,1.05711458813839,0.5591247320056477,1,0.9033001960186167,2.86683598741499,1.3547954632044434,1.3239033788626542,1.4680769046828324
69,DDM,value_scaling_t0,wide,DEoptim,329,0.3358373798159028,1,1.05711458813839,0.5591247320056477,1,0.9033001960186167,2.86683598741499,1.3547954632044434,1.3239033788626542,1.4680769046828324
69,DDM,value_scaling_t0,wide,DEoptim,330,0.3358373798159028,1,1.05711458813839,0.5591247320056477,1,0.9033001960186167,2.86683598741499,1.3547954632044434,1.3239033788626542,1.4680769046828324
69,DDM,value_scaling_t0,wide,DEoptim,331,0.3358373798159028,1,1.05711458813839,0.5591247320056477,1,0.9033001960186167,2.86683598741499,1.3547954632044434,1.3239033788626542,1.4680769046828324
69,DDM,value_scaling_t0,wide,DEoptim,332,0.3358373798159028,1,1.05711458813839,0.5591247320056477,1,0.9033001960186167,2.86683598741499,1.3547954632044434,1.3239033788626542,1.4680769046828324
69,DDM,value_scaling_t0,wide,DEoptim,333,0.3358373798159028,1,1.05711458813839,0.5591247320056477,1,0.9033001960186167,2.86683598741499,1.3547954632044434,1.3239033788626542,1.4680769046828324
69,DDM,value_scaling_t0,wide,DEoptim,334,0.3358373798159028,1,1.05711458813839,0.5591247320056477,1,0.9033001960186167,2.86683598741499,1.3547954632044434,1.3239033788626542,1.4680769046828324
69,DDM,value_scaling_t0,wide,DEoptim,335,0.3358373798159028,1,1.05711458813839,0.5591247320056477,1,0.9033001960186167,2.86683598741499,1.3547954632044434,1.3239033788626542,1.4680769046828324
69,DDM,value_scaling_t0,wide,DEoptim,336,0.3358373798159028,1,1.05711458813839,0.5591247320056477,1,0.9033001960186167,2.86683598741499,1.3547954632044434,1.3239033788626542,1.4680769046828324
69,DDM,value_scaling_t0,wide,DEoptim,337,0.3358373798159028,1,1.05711458813839,0.5591247320056477,1,0.9033001960186167,2.86683598741499,1.3547954632044434,1.3239033788626542,1.4680769046828324
69,DDM,value_scaling_t0,wide,DEoptim,338,0.3358373798159028,1,1.05711458813839,0.5591247320056477,1,0.9033001960186167,2.86683598741499,1.3547954632044434,1.3239033788626542,1.4680769046828324
69,DDM,value_scaling_t0,wide,DEoptim,339,0.3358373798159028,1,1.05711458813839,0.5591247320056477,1,0.9033001960186167,2.86683598741499,1.3547954632044434,1.3239033788626542,1.4680769046828324
69,DDM,value_scaling_t0,wide,DEoptim,340,0.3358373798159028,1,1.05711458813839,0.5591247320056477,1,0.9033001960186167,2.86683598741499,1.3547954632044434,1.3239033788626542,1.4680769046828324
69,DDM,value_scaling_t0,wide,DEoptim,341,0.3358373798159028,1,1.05711458813839,0.5591247320056477,1,0.9033001960186167,2.86683598741499,1.3547954632044434,1.3239033788626542,1.4680769046828324
69,DDM,value_scaling_t0,wide,DEoptim,342,0.3358373798159028,1,1.05711458813839,0.5591247320056477,1,0.9033001960186167,2.86683598741499,1.3547954632044434,1.3239033788626542,1.4680769046828324
69,DDM,value_scaling_t0,wide,DEoptim,343,0.3358373798159028,1,1.05711458813839,0.5591247320056477,1,0.9033001960186167,2.86683598741499,1.3547954632044434,1.3239033788626542,1.4680769046828324
69,DDM,value_scaling_t0,wide,DEoptim,344,0.3358373798159028,1,1.05711458813839,0.5591247320056477,1,0.9033001960186167,2.86683598741499,1.3547954632044434,1.3239033788626542,1.4680769046828324
69,DDM,value_scaling_t0,wide,DEoptim,345,0.3358373798159028,1,1.05711458813839,0.5591247320056477,1,0.9033001960186167,2.86683598741499,1.3547954632044434,1.3239033788626542,1.4680769046828324
69,DDM,value_scaling_t0,wide,DEoptim,346,0.3358373798159028,1,1.05711458813839,0.5591247320056477,1,0.9033001960186167,2.86683598741499,1.3547954632044434,1.3239033788626542,1.4680769046828324
69,DDM,value_scaling_t0,wide,DEoptim,347,0.3358373798159028,1,1.05711458813839,0.5591247320056477,1,0.9033001960186167,2.86683598741499,1.3547954632044434,1.3239033788626542,1.4680769046828324
69,DDM,value_scaling_t0,wide,DEoptim,348,0.3358373798159028,1,1.05711458813839,0.5591247320056477,1,0.9033001960186167,2.86683598741499,1.3547954632044434,1.3239033788626542,1.4680769046828324
69,DDM,value_scaling_t0,wide,DEoptim,349,0.3358373798159028,1,1.05711458813839,0.5591247320056477,1,0.9033001960186167,2.86683598741499,1.3547954632044434,1.3239033788626542,1.4680769046828324
69,DDM,value_scaling_t0,wide,DEoptim,350,0.3358373798159028,1,1.05711458813839,0.5591247320056477,1,0.9033001960186167,2.86683598741499,1.3547954632044434,1.3239033788626542,1.4680769046828324
69,DDM,value_scaling_t0,wide,DEoptim,351,0.3358373798159028,1,1.05711458813839,0.5591247320056477,1,0.9033001960186167,2.86683598741499,1.3547954632044434,1.3239033788626542,1.4680769046828324
69,DDM,value_scaling_t0,wide,DEoptim,352,0.3358373798159028,1,1.05711458813839,0.5591247320056477,1,0.9033001960186167,2.86683598741499,1.3547954632044434,1.3239033788626542,1.4680769046828324
69,DDM,value_scaling_t0,wide,DEoptim,353,0.3358373798159028,1,1.05711458813839,0.5591247320056477,1,0.9033001960186167,2.86683598741499,1.3547954632044434,1.3239033788626542,1.4680769046828324
69,DDM,value_scaling_t0,wide,DEoptim,354,0.3358373798159028,1,1.05711458813839,0.5591247320056477,1,0.9033001960186167,2.86683598741499,1.3547954632044434,1.3239033788626542,1.4680769046828324
69,DDM,value_scaling_t0,wide,DEoptim,355,0.3358373798159028,1,1.05711458813839,0.5591247320056477,1,0.9033001960186167,2.86683598741499,1.3547954632044434,1.3239033788626542,1.4680769046828324
69,DDM,value_scaling_t0,wide,DEoptim,356,0.3358373798159028,1,1.05711458813839,0.5591247320056477,1,0.9033001960186167,2.86683598741499,1.3547954632044434,1.3239033788626542,1.4680769046828324
69,DDM,value_scaling_t0,wide,DEoptim,357,0.3358373798159028,1,1.05711458813839,0.5591247320056477,1,0.9033001960186167,2.86683598741499,1.3547954632044434,1.3239033788626542,1.4680769046828324
69,DDM,value_scaling_t0,wide,DEoptim,358,0.3358373798159028,1,1.05711458813839,0.5591247320056477,1,0.9033001960186167,2.86683598741499,1.3547954632044434,1.3239033788626542,1.4680769046828324
69,DDM,value_scaling_t0,wide,DEoptim,359,0.3358373798159028,1,1.05711458813839,0.5591247320056477,1,0.9033001960186167,2.86683598741499,1.3547954632044434,1.3239033788626542,1.4680769046828324
69,DDM,value_scaling_t0,wide,DEoptim,360,0.3358373798159028,1,1.05711458813839,0.5591247320056477,1,0.9033001960186167,2.86683598741499,1.3547954632044434,1.3239033788626542,1.4680769046828324
69,DDM,value_scaling_t0,wide,DEoptim,361,0.3358373798159028,1,1.05711458813839,0.5591247320056477,1,0.9033001960186167,2.86683598741499,1.3547954632044434,1.3239033788626542,1.4680769046828324
69,DDM,value_scaling_t0,wide,DEoptim,362,0.3358373798159028,1,1.05711458813839,0.5591247320056477,1,0.9033001960186167,2.86683598741499,1.3547954632044434,1.3239033788626542,1.4680769046828324
69,DDM,value_scaling_t0,wide,DEoptim,363,0.3358373798159028,1,1.05711458813839,0.5591247320056477,1,0.9033001960186167,2.86683598741499,1.3547954632044434,1.3239033788626542,1.4680769046828324
69,DDM,value_scaling_t0,wide,DEoptim,364,0.3358373798159028,1,1.05711458813839,0.5591247320056477,1,0.9033001960186167,2.86683598741499,1.3547954632044434,1.3239033788626542,1.4680769046828324
69,DDM,value_scaling_t0,wide,DEoptim,365,0.3358373798159028,1,1.05711458813839,0.5591247320056477,1,0.9033001960186167,2.86683598741499,1.3547954632044434,1.3239033788626542,1.4680769046828324
69,DDM,value_scaling_t0,wide,DEoptim,366,0.3358373798159028,1,1.05711458813839,0.5591247320056477,1,0.9033001960186167,2.86683598741499,1.3547954632044434,1.3239033788626542,1.4680769046828324
69,DDM,value_scaling_t0,wide,DEoptim,367,0.3358373798159028,1,1.05711458813839,0.5591247320056477,1,0.9033001960186167,2.86683598741499,1.3547954632044434,1.3239033788626542,1.4680769046828324
69,DDM,value_scaling_t0,wide,DEoptim,368,0.3358373798159028,1,1.05711458813839,0.5591247320056477,1,0.9033001960186167,2.86683598741499,1.3547954632044434,1.3239033788626542,1.4680769046828324
69,DDM,value_scaling_t0,wide,DEoptim,369,0.3358373798159028,1,1.05711458813839,0.5591247320056477,1,0.9033001960186167,2.86683598741499,1.3547954632044434,1.3239033788626542,1.4680769046828324
69,DDM,value_scaling_t0,wide,DEoptim,370,0.3358373798159028,1,1.05711458813839,0.5591247320056477,1,0.9033001960186167,2.86683598741499,1.3547954632044434,1.3239033788626542,1.4680769046828324
69,DDM,value_scaling_t0,wide,DEoptim,371,0.3358373798159028,1,1.05711458813839,0.5591247320056477,1,0.9033001960186167,2.86683598741499,1.3547954632044434,1.3239033788626542,1.4680769046828324
69,DDM,value_scaling_t0,wide,DEoptim,372,0.3358373798159028,1,1.05711458813839,0.5591247320056477,1,0.9033001960186167,2.86683598741499,1.3547954632044434,1.3239033788626542,1.4680769046828324
69,DDM,value_scaling_t0,wide,DEoptim,373,0.3358373798159028,1,1.05711458813839,0.5591247320056477,1,0.9033001960186167,2.86683598741499,1.3547954632044434,1.3239033788626542,1.4680769046828324
69,DDM,value_scaling_t0,wide,DEoptim,374,0.3358373798159028,1,1.05711458813839,0.5591247320056477,1,0.9033001960186167,2.86683598741499,1.3547954632044434,1.3239033788626542,1.4680769046828324
69,DDM,value_scaling_t0,wide,DEoptim,375,0.3358373798159028,1,1.05711458813839,0.5591247320056477,1,0.9033001960186167,2.86683598741499,1.3547954632044434,1.3239033788626542,1.4680769046828324
69,DDM,value_scaling_t0,wide,DEoptim,376,0.3358373798159028,1,1.05711458813839,0.5591247320056477,1,0.9033001960186167,2.86683598741499,1.3547954632044434,1.3239033788626542,1.4680769046828324
69,DDM,value_scaling_t0,wide,DEoptim,377,0.3358373798159028,1,1.05711458813839,0.5591247320056477,1,0.9033001960186167,2.86683598741499,1.3547954632044434,1.3239033788626542,1.4680769046828324
69,DDM,value_scaling_t0,wide,DEoptim,378,0.3358373798159028,1,1.05711458813839,0.5591247320056477,1,0.9033001960186167,2.86683598741499,1.3547954632044434,1.3239033788626542,1.4680769046828324
69,DDM,value_scaling_t0,wide,DEoptim,379,0.3358373798159028,1,1.05711458813839,0.5591247320056477,1,0.9033001960186167,2.86683598741499,1.3547954632044434,1.3239033788626542,1.4680769046828324
69,DDM,value_scaling_t0,wide,DEoptim,380,0.3358373798159028,1,1.05711458813839,0.5591247320056477,1,0.9033001960186167,2.86683598741499,1.3547954632044434,1.3239033788626542,1.4680769046828324
69,DDM,value_scaling_t0,wide,DEoptim,381,0.3358373798159028,1,1.05711458813839,0.5591247320056477,1,0.9033001960186167,2.86683598741499,1.3547954632044434,1.3239033788626542,1.4680769046828324
69,DDM,value_scaling_t0,wide,DEoptim,382,0.3358373798159028,1,1.05711458813839,0.5591247320056477,1,0.9033001960186167,2.86683598741499,1.3547954632044434,1.3239033788626542,1.4680769046828324
69,DDM,value_scaling_t0,wide,DEoptim,383,0.3358373798159028,1,1.05711458813839,0.5591247320056477,1,0.9033001960186167,2.86683598741499,1.3547954632044434,1.3239033788626542,1.4680769046828324
69,DDM,value_scaling_t0,wide,DEoptim,384,0.3358373798159028,1,1.05711458813839,0.5591247320056477,1,0.9033001960186167,2.86683598741499,1.3547954632044434,1.3239033788626542,1.4680769046828324
69,DDM,value_scaling_t0,wide,DEoptim,385,0.3358373798159028,1,1.05711458813839,0.5591247320056477,1,0.9033001960186167,2.86683598741499,1.3547954632044434,1.3239033788626542,1.4680769046828324
69,DDM,value_scaling_t0,wide,DEoptim,386,0.3358373798159028,1,1.05711458813839,0.5591247320056477,1,0.9033001960186167,2.86683598741499,1.3547954632044434,1.3239033788626542,1.4680769046828324
69,DDM,value_scaling_t0,wide,DEoptim,387,0.3358373798159028,1,1.05711458813839,0.5591247320056477,1,0.9033001960186167,2.86683598741499,1.3547954632044434,1.3239033788626542,1.4680769046828324
69,DDM,value_scaling_t0,wide,DEoptim,388,0.3358373798159028,1,1.05711458813839,0.5591247320056477,1,0.9033001960186167,2.86683598741499,1.3547954632044434,1.3239033788626542,1.4680769046828324
69,DDM,value_scaling_t0,wide,DEoptim,389,0.3358373798159028,1,1.05711458813839,0.5591247320056477,1,0.9033001960186167,2.86683598741499,1.3547954632044434,1.3239033788626542,1.4680769046828324
69,DDM,value_scaling_t0,wide,DEoptim,390,0.3358373798159028,1,1.05711458813839,0.5591247320056477,1,0.9033001960186167,2.86683598741499,1.3547954632044434,1.3239033788626542,1.4680769046828324
69,DDM,value_scaling_t0,wide,DEoptim,391,0.3358373798159028,1,1.05711458813839,0.5591247320056477,1,0.9033001960186167,2.86683598741499,1.3547954632044434,1.3239033788626542,1.4680769046828324
69,DDM,value_scaling_t0,wide,DEoptim,392,0.3358373798159028,1,1.05711458813839,0.5591247320056477,1,0.9033001960186167,2.86683598741499,1.3547954632044434,1.3239033788626542,1.4680769046828324
69,DDM,value_scaling_t0,wide,DEoptim,393,0.3358373798159028,1,1.05711458813839,0.5591247320056477,1,0.9033001960186167,2.86683598741499,1.3547954632044434,1.3239033788626542,1.4680769046828324
69,DDM,value_scaling_t0,wide,DEoptim,394,0.3358373798159028,1,1.05711458813839,0.5591247320056477,1,0.9033001960186167,2.86683598741499,1.3547954632044434,1.3239033788626542,1.4680769046828324
69,DDM,value_scaling_t0,wide,DEoptim,395,0.3358373798159028,1,1.05711458813839,0.5591247320056477,1,0.9033001960186167,2.86683598741499,1.3547954632044434,1.3239033788626542,1.4680769046828324
69,DDM,value_scaling_t0,wide,DEoptim,396,0.3358373798159028,1,1.05711458813839,0.5591247320056477,1,0.9033001960186167,2.86683598741499,1.3547954632044434,1.3239033788626542,1.4680769046828324
69,DDM,value_scaling_t0,wide,DEoptim,397,0.3358373798159028,1,1.05711458813839,0.5591247320056477,1,0.9033001960186167,2.86683598741499,1.3547954632044434,1.3239033788626542,1.4680769046828324
69,DDM,value_scaling_t0,wide,DEoptim,398,0.3358373798159028,1,1.05711458813839,0.5591247320056477,1,0.9033001960186167,2.86683598741499,1.3547954632044434,1.3239033788626542,1.4680769046828324
69,DDM,value_scaling_t0,wide,DEoptim,399,0.3358373798159028,1,1.05711458813839,0.5591247320056477,1,0.9033001960186167,2.86683598741499,1.3547954632044434,1.3239033788626542,1.4680769046828324
69,DDM,value_scaling_t0,wide,DEoptim,400,0.3358373798159028,1,1.05711458813839,0.5591247320056477,1,0.9033001960186167,2.86683598741499,1.3547954632044434,1.323789981178977,1.4680769046828324
69,DDM,value_scaling_t0,wide,DEoptim,401,0.3358373798159028,1,1.05711458813839,0.5591247320056477,1,0.9033001960186167,2.86683598741499,1.3547954632044434,1.323789981178977,1.4680769046828324
69,DDM,value_scaling_t0,wide,DEoptim,402,0.3358373798159028,1,1.05711458813839,0.5591247320056477,1,0.9033001960186167,2.86683598741499,1.3547954632044434,1.323789981178977,1.4680769046828324
69,DDM,value_scaling_t0,wide,DEoptim,403,0.3358373798159028,1,1.05711458813839,0.5591247320056477,1,0.9033001960186167,2.86683598741499,1.3547954632044434,1.323789981178977,1.4680769046828324
69,DDM,value_scaling_t0,wide,DEoptim,404,0.3358373798159028,1,1.05711458813839,0.5591247320056477,1,0.9033001960186167,2.86683598741499,1.3547954632044434,1.323789981178977,1.4680769046828324
69,DDM,value_scaling_t0,wide,DEoptim,405,0.3358373798159028,1,1.05711458813839,0.5591247320056477,1,0.9033001960186167,2.86683598741499,1.3547954632044434,1.323789981178977,1.4680769046828324
69,DDM,value_scaling_t0,wide,DEoptim,406,0.3358373798159028,1,1.05711458813839,0.5591247320056477,1,0.9033001960186167,2.86683598741499,1.3547954632044434,1.323789981178977,1.4680769046828324
69,DDM,value_scaling_t0,wide,DEoptim,407,0.3358373798159028,1,1.05711458813839,0.5591247320056477,1,0.9033001960186167,2.86683598741499,1.3547954632044434,1.323789981178977,1.4680769046828324
69,DDM,value_scaling_t0,wide,DEoptim,408,0.3358373798159028,1,1.05711458813839,0.5591247320056477,1,0.9033001960186167,2.86683598741499,1.3547954632044434,1.323789981178977,1.4680769046828324
69,DDM,value_scaling_t0,wide,DEoptim,409,0.3358373798159028,1,1.05711458813839,0.5591247320056477,1,0.9033001960186167,2.86683598741499,1.3547954632044434,1.323789981178977,1.4680769046828324
69,DDM,value_scaling_t0,wide,DEoptim,410,0.3358373798159028,1,1.05711458813839,0.5591247320056477,1,0.9033001960186167,2.86683598741499,1.3547954632044434,1.323789981178977,1.4680769046828324
69,DDM,value_scaling_t0,wide,DEoptim,411,0.3358373798159028,1,1.05711458813839,0.5591247320056477,1,0.9033001960186167,2.86683598741499,1.3547954632044434,1.323789981178977,1.4680769046828324
69,DDM,value_scaling_t0,wide,DEoptim,412,0.3358373798159028,1,1.05711458813839,0.5591247320056477,1,0.9033001960186167,2.86683598741499,1.3547954632044434,1.323789981178977,1.4680769046828324
69,DDM,value_scaling_t0,wide,DEoptim,413,0.3358373798159028,1,1.05711458813839,0.5591247320056477,1,0.9033001960186167,2.86683598741499,1.3547954632044434,1.323789981178977,1.4680769046828324
69,DDM,value_scaling_t0,wide,DEoptim,414,0.3358373798159028,1,1.05711458813839,0.5591247320056477,1,0.9033001960186167,2.86683598741499,1.3547954632044434,1.323789981178977,1.4680769046828324
69,DDM,value_scaling_t0,wide,DEoptim,415,0.3358373798159028,1,1.05711458813839,0.5591247320056477,1,0.9033001960186167,2.86683598741499,1.3547954632044434,1.323789981178977,1.4680769046828324
69,DDM,value_scaling_t0,wide,DEoptim,416,0.3358373798159028,1,1.05711458813839,0.5591247320056477,1,0.9033001960186167,2.86683598741499,1.3547954632044434,1.323789981178977,1.4680769046828324
69,DDM,value_scaling_t0,wide,DEoptim,417,0.3358373798159028,1,1.05711458813839,0.5591247320056477,1,0.9033001960186167,2.86683598741499,1.3547954632044434,1.323789981178977,1.4680769046828324
69,DDM,value_scaling_t0,wide,DEoptim,418,0.3358373798159028,1,1.05711458813839,0.5591247320056477,1,0.9033001960186167,2.86683598741499,1.3547954632044434,1.323789981178977,1.4680769046828324
69,DDM,value_scaling_t0,wide,DEoptim,419,0.3358373798159028,1,1.05711458813839,0.5591247320056477,1,0.9033001960186167,2.86683598741499,1.3547954632044434,1.323789981178977,1.4680769046828324
69,DDM,value_scaling_t0,wide,DEoptim,420,0.3358373798159028,1,1.05711458813839,0.5591247320056477,1,0.9033001960186167,2.86683598741499,1.3547954632044434,1.323789981178977,1.4680769046828324
69,DDM,value_scaling_t0,wide,DEoptim,421,0.3358373798159028,1,1.05711458813839,0.5591247320056477,1,0.9033001960186167,2.86683598741499,1.3547954632044434,1.323789981178977,1.4680769046828324
69,DDM,value_scaling_t0,wide,DEoptim,422,0.3358373798159028,1,1.05711458813839,0.5591247320056477,1,0.9033001960186167,2.86683598741499,1.3547954632044434,1.323789981178977,1.4680769046828324
69,DDM,value_scaling_t0,wide,DEoptim,423,0.3358373798159028,1,1.05711458813839,0.5591247320056477,1,0.9033001960186167,2.86683598741499,1.3547954632044434,1.323789981178977,1.4680769046828324
69,DDM,value_scaling_t0,wide,DEoptim,424,0.3358373798159028,1,1.05711458813839,0.5591247320056477,1,0.9033001960186167,2.86683598741499,1.3547954632044434,1.323789981178977,1.4680769046828324
69,DDM,value_scaling_t0,wide,DEoptim,425,0.3358373798159028,1,1.05711458813839,0.5591247320056477,1,0.9033001960186167,2.86683598741499,1.3547954632044434,1.323789981178977,1.4680769046828324
69,DDM,value_scaling_t0,wide,DEoptim,426,0.3358373798159028,1,1.05711458813839,0.5591247320056477,1,0.9033001960186167,2.86683598741499,1.3547954632044434,1.323789981178977,1.4680769046828324
69,DDM,value_scaling_t0,wide,DEoptim,427,0.3358373798159028,1,1.05711458813839,0.5591247320056477,1,0.9033001960186167,2.86683598741499,1.3547954632044434,1.323789981178977,1.4680769046828324
69,DDM,value_scaling_t0,wide,DEoptim,428,0.3358373798159028,1,1.05711458813839,0.5591247320056477,1,0.9033001960186167,2.86683598741499,1.3547954632044434,1.323789981178977,1.4680769046828324
69,DDM,value_scaling_t0,wide,DEoptim,429,0.3358373798159028,1,1.05711458813839,0.5591247320056477,1,0.9033001960186167,2.86683598741499,1.3547954632044434,1.323789981178977,1.4680769046828324
69,DDM,value_scaling_t0,wide,DEoptim,430,0.3358373798159028,1,1.05711458813839,0.5591247320056477,1,0.9033001960186167,2.86683598741499,1.3547954632044434,1.323789981178977,1.4680769046828324
69,DDM,value_scaling_t0,wide,DEoptim,431,0.3358373798159028,1,1.05711458813839,0.5591247320056477,1,0.9033001960186167,2.86683598741499,1.3547954632044434,1.323789981178977,1.4680769046828324
69,DDM,value_scaling_t0,wide,DEoptim,432,0.3358373798159028,1,1.05711458813839,0.5591247320056477,1,0.9033001960186167,2.86683598741499,1.3547954632044434,1.323789981178977,1.4680769046828324
69,DDM,value_scaling_t0,wide,DEoptim,433,0.3358373798159028,1,1.05711458813839,0.5591247320056477,1,0.9033001960186167,2.86683598741499,1.3547954632044434,1.323789981178977,1.4680769046828324
69,DDM,value_scaling_t0,wide,DEoptim,434,0.3358373798159028,1,1.05711458813839,0.5591247320056477,1,0.9033001960186167,2.86683598741499,1.3547954632044434,1.323789981178977,1.4680769046828324
69,DDM,value_scaling_t0,wide,DEoptim,435,0.3358373798159028,1,1.05711458813839,0.5591247320056477,1,0.9033001960186167,2.86683598741499,1.3547954632044434,1.323789981178977,1.4680769046828324
69,DDM,value_scaling_t0,wide,DEoptim,436,0.3358373798159028,1,1.05711458813839,0.5591247320056477,1,0.9033001960186167,2.86683598741499,1.3547954632044434,1.323789981178977,1.4680769046828324
69,DDM,value_scaling_t0,wide,DEoptim,437,0.3358373798159028,1,1.05711458813839,0.5591247320056477,1,0.9033001960186167,2.86683598741499,1.3547954632044434,1.323789981178977,1.4680769046828324
69,DDM,value_scaling_t0,wide,DEoptim,438,0.3358373798159028,1,1.05711458813839,0.5591247320056477,1,0.9033001960186167,2.86683598741499,1.3547954632044434,1.323789981178977,1.4680769046828324
69,DDM,value_scaling_t0,wide,DEoptim,439,0.3358373798159028,1,1.05711458813839,0.5591247320056477,1,0.9033001960186167,2.86683598741499,1.3547954632044434,1.323789981178977,1.4680769046828324
69,DDM,value_scaling_t0,wide,DEoptim,440,0.3358373798159028,1,1.05711458813839,0.5591247320056477,1,0.9033001960186167,2.86683598741499,1.3547954632044434,1.323789981178977,1.4680769046828324
69,DDM,value_scaling_t0,wide,DEoptim,441,0.3358373798159028,1,1.05711458813839,0.5591247320056477,1,0.9033001960186167,2.86683598741499,1.3547954632044434,1.323789981178977,1.4680769046828324
69,DDM,value_scaling_t0,wide,DEoptim,442,0.3358373798159028,1,1.05711458813839,0.5591247320056477,1,0.9033001960186167,2.86683598741499,1.3547954632044434,1.323789981178977,1.4680769046828324
69,DDM,value_scaling_t0,wide,DEoptim,443,0.3358373798159028,1,1.05711458813839,0.5591247320056477,1,0.9033001960186167,2.86683598741499,1.3547954632044434,1.323789981178977,1.4680769046828324
69,DDM,value_scaling_t0,wide,DEoptim,444,0.3358373798159028,1,1.05711458813839,0.5591247320056477,1,0.9033001960186167,2.86683598741499,1.3547954632044434,1.323789981178977,1.4680769046828324
69,DDM,value_scaling_t0,wide,DEoptim,445,0.3358373798159028,1,1.05711458813839,0.5591247320056477,1,0.9033001960186167,2.86683598741499,1.3547954632044434,1.323789981178977,1.4680769046828324
69,DDM,value_scaling_t0,wide,DEoptim,446,0.3358373798159028,1,1.05711458813839,0.5591247320056477,1,0.9033001960186167,2.86683598741499,1.3547954632044434,1.323789981178977,1.4680769046828324
69,DDM,value_scaling_t0,wide,DEoptim,447,0.3358373798159028,1,1.05711458813839,0.5591247320056477,1,0.9033001960186167,2.86683598741499,1.3547954632044434,1.323789981178977,1.4680769046828324
69,DDM,value_scaling_t0,wide,DEoptim,448,0.3358373798159028,1,1.05711458813839,0.5591247320056477,1,0.9033001960186167,2.86683598741499,1.3547954632044434,1.323789981178977,1.4680769046828324
69,DDM,value_scaling_t0,wide,DEoptim,449,0.3358373798159028,1,1.05711458813839,0.5591247320056477,1,0.9033001960186167,2.86683598741499,1.3547954632044434,1.323789981178977,1.4680769046828324
69,DDM,value_scaling_t0,wide,DEoptim,450,0.3358373798159028,1,1.05711458813839,0.5591247320056477,1,0.9033001960186167,2.86683598741499,1.3547954632044434,1.323789981178977,1.4680769046828324
69,DDM,value_scaling_t0,wide,DEoptim,451,0.3358373798159028,1,1.05711458813839,0.5591247320056477,1,0.9033001960186167,2.86683598741499,1.3547954632044434,1.323789981178977,1.4680769046828324
69,DDM,value_scaling_t0,wide,DEoptim,452,0.3358373798159028,1,1.05711458813839,0.5591247320056477,1,0.9033001960186167,2.86683598741499,1.3547954632044434,1.323789981178977,1.4680769046828324
69,DDM,value_scaling_t0,wide,DEoptim,453,0.3358373798159028,1,1.05711458813839,0.5591247320056477,1,0.9033001960186167,2.86683598741499,1.3547954632044434,1.323789981178977,1.4680769046828324
69,DDM,value_scaling_t0,wide,DEoptim,454,0.3358373798159028,1,1.05711458813839,0.5591247320056477,1,0.9033001960186167,2.86683598741499,1.3547954632044434,1.323220228186515,1.4692883754853832
69,DDM,value_scaling_t0,wide,DEoptim,455,0.3358373798159028,1,1.05711458813839,0.5591247320056477,1,0.9033001960186167,2.86683598741499,1.3547954632044434,1.323220228186515,1.4692883754853832
69,DDM,value_scaling_t0,wide,DEoptim,456,0.3358373798159028,1,1.05711458813839,0.5591247320056477,1,0.9033001960186167,2.86683598741499,1.3547954632044434,1.323220228186515,1.4692883754853832
69,DDM,value_scaling_t0,wide,DEoptim,457,0.3358373798159028,1,1.05711458813839,0.5591247320056477,1,0.9033001960186167,2.86683598741499,1.3547954632044434,1.323220228186515,1.4692883754853832
69,DDM,value_scaling_t0,wide,DEoptim,458,0.3358373798159028,1,1.05711458813839,0.5591247320056477,1,0.9033001960186167,2.86683598741499,1.3547954632044434,1.323220228186515,1.4692883754853832
69,DDM,value_scaling_t0,wide,DEoptim,459,0.3358373798159028,1,1.05711458813839,0.5591247320056477,1,0.9033001960186167,2.86683598741499,1.3547954632044434,1.323220228186515,1.4692883754853832
69,DDM,value_scaling_t0,wide,DEoptim,460,0.3358373798159028,1,1.05711458813839,0.5591247320056477,1,0.9033001960186167,2.86683598741499,1.3547954632044434,1.323220228186515,1.4692883754853832
69,DDM,value_scaling_t0,wide,DEoptim,461,0.3358373798159028,1,1.05711458813839,0.5591247320056477,1,0.9033001960186167,2.86683598741499,1.3547954632044434,1.323220228186515,1.4692883754853832
69,DDM,value_scaling_t0,wide,DEoptim,462,0.3358373798159028,1,1.05711458813839,0.5591247320056477,1,0.9033001960186167,2.86683598741499,1.3547954632044434,1.323220228186515,1.4692883754853832
69,DDM,value_scaling_t0,wide,DEoptim,463,0.3358373798159028,1,1.05711458813839,0.5591247320056477,1,0.9033001960186167,2.86683598741499,1.3547954632044434,1.323220228186515,1.4692883754853832
69,DDM,value_scaling_t0,wide,DEoptim,464,0.3358373798159028,1,1.05711458813839,0.5591247320056477,1,0.9033001960186167,2.86683598741499,1.3547954632044434,1.323220228186515,1.4692883754853832
69,DDM,value_scaling_t0,wide,DEoptim,465,0.3358373798159028,1,1.05711458813839,0.5591247320056477,1,0.9033001960186167,2.86683598741499,1.3547954632044434,1.323220228186515,1.4692883754853832
69,DDM,value_scaling_t0,wide,DEoptim,466,0.3358373798159028,1,1.05711458813839,0.5591247320056477,1,0.9033001960186167,2.86683598741499,1.3547954632044434,1.323220228186515,1.4692883754853832
69,DDM,value_scaling_t0,wide,DEoptim,467,0.3358373798159028,1,1.05711458813839,0.5591247320056477,1,0.9033001960186167,2.86683598741499,1.3547954632044434,1.3233144115486595,1.4692883754853832
69,DDM,value_scaling_t0,wide,DEoptim,468,0.3358373798159028,1,1.05711458813839,0.5591247320056477,1,0.9033001960186167,2.86683598741499,1.3547954632044434,1.3233144115486595,1.4692883754853832
69,DDM,value_scaling_t0,wide,DEoptim,469,0.3358373798159028,1,1.05711458813839,0.5591247320056477,1,0.9033001960186167,2.86683598741499,1.3547954632044434,1.3233144115486595,1.4692883754853832
69,DDM,value_scaling_t0,wide,DEoptim,470,0.3358373798159028,1,1.05711458813839,0.5591247320056477,1,0.9033001960186167,2.86683598741499,1.3547954632044434,1.3233144115486595,1.4692883754853832
69,DDM,value_scaling_t0,wide,DEoptim,471,0.3358373798159028,1,1.05711458813839,0.5591247320056477,1,0.9033001960186167,2.86683598741499,1.3547954632044434,1.3233144115486595,1.4692883754853832
69,DDM,value_scaling_t0,wide,DEoptim,472,0.3358373798159028,1,1.05711458813839,0.5591247320056477,1,0.9033001960186167,2.86683598741499,1.3547954632044434,1.3233144115486595,1.4692883754853832
69,DDM,value_scaling_t0,wide,DEoptim,473,0.3358373798159028,1,1.05711458813839,0.5591247320056477,1,0.9033001960186167,2.86683598741499,1.3547954632044434,1.3233144115486595,1.4692883754853832
69,DDM,value_scaling_t0,wide,DEoptim,474,0.3358373798159028,1,1.05711458813839,0.5591247320056477,1,0.9033001960186167,2.86683598741499,1.3547954632044434,1.3233144115486595,1.4692883754853832
69,DDM,value_scaling_t0,wide,DEoptim,475,0.3358373798159028,1,1.05711458813839,0.5591247320056477,1,0.9033001960186167,2.86683598741499,1.3547954632044434,1.3233144115486595,1.4692883754853832
69,DDM,value_scaling_t0,wide,DEoptim,476,0.3358373798159028,1,1.05711458813839,0.5591247320056477,1,0.9033001960186167,2.86683598741499,1.3547954632044434,1.3233144115486595,1.4692883754853832
69,DDM,value_scaling_t0,wide,DEoptim,477,0.3358373798159028,1,1.05711458813839,0.5591247320056477,1,0.9033001960186167,2.86683598741499,1.3547954632044434,1.3233144115486595,1.4692883754853832
69,DDM,value_scaling_t0,wide,DEoptim,478,0.3358373798159028,1,1.05711458813839,0.5591247320056477,1,0.9033001960186167,2.86683598741499,1.3547954632044434,1.3233144115486595,1.4692883754853832
69,DDM,value_scaling_t0,wide,DEoptim,479,0.3358373798159028,1,1.05711458813839,0.5591247320056477,1,0.9033001960186167,2.86683598741499,1.3547954632044434,1.3233144115486595,1.4692883754853832
69,DDM,value_scaling_t0,wide,DEoptim,480,0.3358373798159028,1,1.05711458813839,0.5591247320056477,1,0.9033001960186167,2.86683598741499,1.3547954632044434,1.3233144115486595,1.4692883754853832
69,DDM,value_scaling_t0,wide,DEoptim,481,0.3358373798159028,1,1.05711458813839,0.5591247320056477,1,0.9033001960186167,2.86683598741499,1.3547954632044434,1.3233144115486595,1.4692883754853832
69,DDM,value_scaling_t0,wide,DEoptim,482,0.3358373798159028,1,1.05711458813839,0.5591247320056477,1,0.9033001960186167,2.86683598741499,1.3547954632044434,1.3233144115486595,1.4692883754853832
69,DDM,value_scaling_t0,wide,DEoptim,483,0.3358373798159028,1,1.05711458813839,0.5591247320056477,1,0.9033001960186167,2.86683598741499,1.3547954632044434,1.3233144115486595,1.4692883754853832
69,DDM,value_scaling_t0,wide,DEoptim,484,0.3358373798159028,1,1.05711458813839,0.5591247320056477,1,0.9033001960186167,2.86683598741499,1.3547954632044434,1.3233144115486595,1.4692883754853832
69,DDM,value_scaling_t0,wide,DEoptim,485,0.3358373798159028,1,1.05711458813839,0.5591247320056477,1,0.9033001960186167,2.86683598741499,1.3547954632044434,1.3233144115486595,1.4692883754853832
69,DDM,value_scaling_t0,wide,DEoptim,486,0.3358373798159028,1,1.05711458813839,0.5591247320056477,1,0.9033001960186167,2.86683598741499,1.3547954632044434,1.3233144115486595,1.4692883754853832
69,DDM,value_scaling_t0,wide,DEoptim,487,0.3358373798159028,1,1.05711458813839,0.5591247320056477,1,0.9033001960186167,2.86683598741499,1.3547954632044434,1.3233144115486595,1.4692883754853832
69,DDM,value_scaling_t0,wide,DEoptim,488,0.3358373798159028,1,1.05711458813839,0.5591247320056477,1,0.9033001960186167,2.86683598741499,1.3547954632044434,1.3233144115486595,1.4692883754853832
69,DDM,value_scaling_t0,wide,DEoptim,489,0.3358373798159028,1,1.05711458813839,0.5591247320056477,1,0.9033001960186167,2.86683598741499,1.3547954632044434,1.3233144115486595,1.4692883754853832
69,DDM,value_scaling_t0,wide,DEoptim,490,0.3358373798159028,1,1.05711458813839,0.5591247320056477,1,0.9033001960186167,2.86683598741499,1.3547954632044434,1.3233144115486595,1.4692883754853832
69,DDM,value_scaling_t0,wide,DEoptim,491,0.3358373798159028,1,1.05711458813839,0.5591247320056477,1,0.9033001960186167,2.86683598741499,1.3547954632044434,1.3233144115486595,1.4692883754853832
69,DDM,value_scaling_t0,wide,DEoptim,492,0.3358373798159028,1,1.05711458813839,0.5591247320056477,1,0.9033001960186167,2.86683598741499,1.3547954632044434,1.3233144115486595,1.4692883754853832
69,DDM,value_scaling_t0,wide,DEoptim,493,0.3358373798159028,1,1.05711458813839,0.5591247320056477,1,0.9033001960186167,2.86683598741499,1.3547954632044434,1.3233144115486595,1.4692883754853832
69,DDM,value_scaling_t0,wide,DEoptim,494,0.3358373798159028,1,1.05711458813839,0.5591247320056477,1,0.9033001960186167,2.86683598741499,1.3547954632044434,1.3233144115486595,1.4692883754853832
69,DDM,value_scaling_t0,wide,DEoptim,495,0.3358373798159028,1,1.05711458813839,0.5591247320056477,1,0.9033001960186167,2.86683598741499,1.3547954632044434,1.3233144115486595,1.4692883754853832
69,DDM,value_scaling_t0,wide,DEoptim,496,0.3358373798159028,1,1.05711458813839,0.5591247320056477,1,0.9033001960186167,2.86683598741499,1.3547954632044434,1.3233144115486595,1.4692883754853832
69,DDM,value_scaling_t0,wide,DEoptim,497,0.3358373798159028,1,1.05711458813839,0.5591247320056477,1,0.9033001960186167,2.86683598741499,1.3547954632044434,1.3233144115486595,1.4692883754853832
69,DDM,value_scaling_t0,wide,DEoptim,498,0.3358373798159028,1,1.05711458813839,0.5591247320056477,1,0.9033001960186167,2.86683598741499,1.3547954632044434,1.3233144115486595,1.4692883754853832
