participant_id,model_name,parameterization,bound_settings,algorithm,iter,alpha,mu,beta,kappa1,kappa2,w,a,t01,t02
93,DDM,time_scaling_t0,wide,DEoptim,1,0.21828584643080834,1,0.4242644819966518,1,0.6852698535658419,0.5470839742190484,7.526061924774666,1.3882575730676765,0.32241913747275247
93,DDM,time_scaling_t0,wide,DEoptim,2,0.21828584643080834,1,0.4242644819966518,1,0.6852698535658419,0.5470839742190484,7.526061924774666,1.3882575730676765,1.0632631860906259
93,DDM,time_scaling_t0,wide,DEoptim,3,1.0370023479359225,1,0.1609251814382151,1,0.33402003115043044,0.8280116043645424,4.946821597556585,0.3303098644246347,1.5586997598409653
93,DDM,time_scaling_t0,wide,DEoptim,4,0.5465277834516019,1,0.1609251814382151,1,0.33402003115043044,0.8280116043645424,4.946821597556585,0.3303098644246347,1.5586997598409653
93,DDM,time_scaling_t0,wide,DEoptim,5,0.5465277834516019,1,0.1609251814382151,1,0.33402003115043044,0.8280116043645424,4.946821597556585,0.3303098644246347,1.5586997598409653
93,DDM,time_scaling_t0,wide,DEoptim,6,0.5465277834516019,1,0.1609251814382151,1,0.33402003115043044,0.8280116043645424,4.946821597556585,0.3303098644246347,1.5586997598409653
93,DDM,time_scaling_t0,wide,DEoptim,7,0.5439301296416671,1,0.1609251814382151,1,0.33402003115043044,0.8280116043645424,4.946821597556585,0.3303098644246347,1.104059547826648
93,DDM,time_scaling_t0,wide,DEoptim,8,0.9330851195752622,1,0.32386291517129184,1,1.913147646933794,0.8780910549435733,3.607107622508545,1.4848685579141603,0.7945374410250226
93,DDM,time_scaling_t0,wide,DEoptim,9,0.12533532820176335,1,0.05438331643001304,1,0.25493958005681616,0.7303504897281186,3.640717525479361,1.2766237208845088,1.5435179758780717
93,DDM,time_scaling_t0,wide,DEoptim,10,0.12533532820176335,1,0.05438331643001304,1,0.25493958005681616,0.7303504897281186,3.640717525479361,1.2766237208845088,1.5435179758780717
93,DDM,time_scaling_t0,wide,DEoptim,11,0.12533532820176335,1,0.05438331643001304,1,0.25493958005681616,0.7303504897281186,3.640717525479361,1.2766237208845088,1.5435179758780717
93,DDM,time_scaling_t0,wide,DEoptim,12,0.12533532820176335,1,0.05438331643001304,1,0.25493958005681616,0.7303504897281186,3.640717525479361,1.2766237208845088,1.5435179758780717
93,DDM,time_scaling_t0,wide,DEoptim,13,0.12533532820176335,1,0.05438331643001304,1,0.25493958005681616,0.7303504897281186,3.640717525479361,1.2766237208845088,1.5435179758780717
93,DDM,time_scaling_t0,wide,DEoptim,14,0.12533532820176335,1,0.05438331643001304,1,0.25493958005681616,0.7303504897281186,3.640717525479361,1.2766237208845088,1.5435179758780717
93,DDM,time_scaling_t0,wide,DEoptim,15,0.12533532820176335,1,0.05438331643001304,1,0.25493958005681616,0.7303504897281186,3.640717525479361,1.2766237208845088,1.5435179758780717
93,DDM,time_scaling_t0,wide,DEoptim,16,0.08115507397614424,1,0.23898150409951532,1,1.2331828320489815,0.991249621956098,2.43132337158639,1.1751449137926102,1.752872290196501
93,DDM,time_scaling_t0,wide,DEoptim,17,0.08115507397614424,1,0.23898150409951532,1,1.2331828320489815,0.991249621956098,2.43132337158639,1.1751449137926102,1.752872290196501
93,DDM,time_scaling_t0,wide,DEoptim,18,0.08115507397614424,1,0.23898150409951532,1,1.2331828320489815,0.991249621956098,2.43132337158639,1.1751449137926102,1.752872290196501
93,DDM,time_scaling_t0,wide,DEoptim,19,0.08115507397614424,1,0.23898150409951532,1,1.2331828320489815,0.991249621956098,2.43132337158639,1.1751449137926102,1.752872290196501
93,DDM,time_scaling_t0,wide,DEoptim,20,0.08115507397614424,1,0.23898150409951532,1,1.2331828320489815,0.991249621956098,2.43132337158639,1.1751449137926102,1.752872290196501
93,DDM,time_scaling_t0,wide,DEoptim,21,0.08115507397614424,1,0.23898150409951532,1,1.2331828320489815,0.991249621956098,2.43132337158639,1.1751449137926102,1.752872290196501
93,DDM,time_scaling_t0,wide,DEoptim,22,0.08115507397614424,1,0.23898150409951532,1,1.2331828320489815,0.991249621956098,2.43132337158639,1.1751449137926102,1.752872290196501
93,DDM,time_scaling_t0,wide,DEoptim,23,0.7539434004806584,1,0.03393526678764103,1,5.157413132700889,0.9580591068702203,3.5432397630724477,0.8136822444646936,1.119939495291064
93,DDM,time_scaling_t0,wide,DEoptim,24,0.7539434004806584,1,0.03393526678764103,1,5.157413132700889,0.9580591068702203,3.5432397630724477,0.8136822444646936,1.119939495291064
93,DDM,time_scaling_t0,wide,DEoptim,25,0.7539434004806584,1,0.03393526678764103,1,5.157413132700889,0.9580591068702203,3.5432397630724477,0.8136822444646936,1.119939495291064
93,DDM,time_scaling_t0,wide,DEoptim,26,0.7539434004806584,1,0.03393526678764103,1,5.157413132700889,0.9580591068702203,3.5432397630724477,0.8136822444646936,1.119939495291064
93,DDM,time_scaling_t0,wide,DEoptim,27,0.7539434004806584,1,0.03393526678764103,1,0.8725351004826001,0.9580591068702203,3.5432397630724477,0.8136822444646936,1.119939495291064
93,DDM,time_scaling_t0,wide,DEoptim,28,0.7539434004806584,1,0.03393526678764103,1,0.8725351004826001,0.9580591068702203,3.5432397630724477,0.8136822444646936,1.119939495291064
93,DDM,time_scaling_t0,wide,DEoptim,29,0.7610237330178727,1,0.11547219452357786,1,0.8910180268233522,0.9896366690958804,3.6230737209069215,1.2061276653975277,1.2730623729625523
93,DDM,time_scaling_t0,wide,DEoptim,30,0.7610237330178727,1,0.11547219452357786,1,0.8910180268233522,0.9896366690958804,3.6230737209069215,1.2061276653975277,1.2730623729625523
93,DDM,time_scaling_t0,wide,DEoptim,31,0.7610237330178727,1,0.11547219452357786,1,0.8910180268233522,0.9896366690958804,3.6230737209069215,1.2061276653975277,1.2730623729625523
93,DDM,time_scaling_t0,wide,DEoptim,32,0.7610237330178727,1,0.11547219452357786,1,0.8910180268233522,0.9896366690958804,3.6230737209069215,1.2061276653975277,1.2730623729625523
93,DDM,time_scaling_t0,wide,DEoptim,33,0.7610237330178727,1,0.11547219452357786,1,0.8910180268233522,0.9896366690958804,3.6230737209069215,1.2061276653975277,1.2730623729625523
93,DDM,time_scaling_t0,wide,DEoptim,34,0.7610237330178727,1,0.11547219452357786,1,0.8910180268233522,0.9896366690958804,3.6230737209069215,1.2061276653975277,1.2730623729625523
93,DDM,time_scaling_t0,wide,DEoptim,35,0.7610237330178727,1,0.11547219452357786,1,0.8910180268233522,0.9896366690958804,3.6230737209069215,1.2061276653975277,1.2730623729625523
93,DDM,time_scaling_t0,wide,DEoptim,36,0.7238141966677829,1,0.2131994460557607,1,0.9977575717978175,0.9726537217705427,3.300267137345795,1.295577398433693,1.1874916013040964
93,DDM,time_scaling_t0,wide,DEoptim,37,0.7238141966677829,1,0.2131994460557607,1,0.9977575717978175,0.9726537217705427,3.300267137345795,1.295577398433693,1.1874916013040964
93,DDM,time_scaling_t0,wide,DEoptim,38,0.7238141966677829,1,0.2131994460557607,1,0.9977575717978175,0.9726537217705427,3.300267137345795,1.295577398433693,1.1874916013040964
93,DDM,time_scaling_t0,wide,DEoptim,39,0.7238141966677829,1,0.3254177778383427,1,0.9977575717978175,0.9726537217705427,3.300267137345795,1.295577398433693,1.1874916013040964
93,DDM,time_scaling_t0,wide,DEoptim,40,0.7238141966677829,1,0.3254177778383427,1,0.9977575717978175,0.9726537217705427,3.300267137345795,1.295577398433693,1.1874916013040964
93,DDM,time_scaling_t0,wide,DEoptim,41,0.7238141966677829,1,0.3254177778383427,1,0.9977575717978175,0.9726537217705427,3.300267137345795,1.295577398433693,1.1874916013040964
93,DDM,time_scaling_t0,wide,DEoptim,42,0.7203256260005204,1,0.039061410729216595,1,1.0523138456412313,0.8795205542772543,3.157327478174839,1.3593757088024923,1.5735295845036497
93,DDM,time_scaling_t0,wide,DEoptim,43,0.7422374650882497,1,0.05438331643001304,1,0.25493958005681616,0.9446864761371654,3.4752233931384366,1.2766237208845088,1.5435179758780717
93,DDM,time_scaling_t0,wide,DEoptim,44,0.7422374650882497,1,0.05438331643001304,1,0.25493958005681616,0.9446864761371654,3.4752233931384366,1.2766237208845088,1.5435179758780717
93,DDM,time_scaling_t0,wide,DEoptim,45,0.7422374650882497,1,0.05438331643001304,1,0.25493958005681616,0.9446864761371654,3.4752233931384366,1.2766237208845088,1.5435179758780717
93,DDM,time_scaling_t0,wide,DEoptim,46,0.7422374650882497,1,0.05438331643001304,1,0.25493958005681616,0.9446864761371654,3.4752233931384366,1.2766237208845088,1.5435179758780717
93,DDM,time_scaling_t0,wide,DEoptim,47,0.7422374650882497,1,0.05438331643001304,1,0.25493958005681616,0.9446864761371654,3.4752233931384366,1.2766237208845088,1.5435179758780717
93,DDM,time_scaling_t0,wide,DEoptim,48,0.7422374650882497,1,0.05438331643001304,1,0.25493958005681616,0.9446864761371654,3.4752233931384366,1.2766237208845088,1.5435179758780717
93,DDM,time_scaling_t0,wide,DEoptim,49,0.7422374650882497,1,0.05438331643001304,1,0.25493958005681616,0.9446864761371654,3.4752233931384366,1.2766237208845088,1.5435179758780717
93,DDM,time_scaling_t0,wide,DEoptim,50,0.7422374650882497,1,0.05438331643001304,1,0.25493958005681616,0.9446864761371654,3.4752233931384366,1.2766237208845088,1.5435179758780717
93,DDM,time_scaling_t0,wide,DEoptim,51,0.7203256260005204,1,0.023290391175042863,1,0.3862606465677899,0.9743420814143267,3.157327478174839,1.3593757088024923,1.5735295845036497
93,DDM,time_scaling_t0,wide,DEoptim,52,0.7203256260005204,1,0.023290391175042863,1,0.3862606465677899,0.9743420814143267,3.157327478174839,1.3593757088024923,1.5735295845036497
93,DDM,time_scaling_t0,wide,DEoptim,53,0.7203256260005204,1,0.023290391175042863,1,0.3862606465677899,0.9743420814143267,3.157327478174839,1.3593757088024923,1.5735295845036497
93,DDM,time_scaling_t0,wide,DEoptim,54,0.7203256260005204,1,0.023290391175042863,1,0.3862606465677899,0.9743420814143267,3.157327478174839,1.3593757088024923,1.5735295845036497
93,DDM,time_scaling_t0,wide,DEoptim,55,0.7203256260005204,1,0.023290391175042863,1,0.3862606465677899,0.9743420814143267,3.157327478174839,1.3593757088024923,1.5735295845036497
93,DDM,time_scaling_t0,wide,DEoptim,56,0.7203256260005204,1,0.023290391175042863,1,0.3862606465677899,0.9743420814143267,3.157327478174839,1.3593757088024923,1.5735295845036497
93,DDM,time_scaling_t0,wide,DEoptim,57,0.7203256260005204,1,0.023290391175042863,1,0.3862606465677899,0.9743420814143267,3.157327478174839,1.3593757088024923,1.5735295845036497
93,DDM,time_scaling_t0,wide,DEoptim,58,0.7203256260005204,1,0.023290391175042863,1,0.3862606465677899,0.9743420814143267,3.157327478174839,1.3593757088024923,1.5735295845036497
93,DDM,time_scaling_t0,wide,DEoptim,59,0.7203256260005204,1,0.023290391175042863,1,0.3862606465677899,0.9743420814143267,3.379212878760776,1.3593757088024923,1.5735295845036497
93,DDM,time_scaling_t0,wide,DEoptim,60,0.7203256260005204,1,0.023290391175042863,1,0.3862606465677899,0.9743420814143267,3.379212878760776,1.3593757088024923,1.5735295845036497
93,DDM,time_scaling_t0,wide,DEoptim,61,0.7203256260005204,1,0.23266028741052894,1,0.3862606465677899,0.9743420814143267,3.379212878760776,1.3593757088024923,1.5735295845036497
93,DDM,time_scaling_t0,wide,DEoptim,62,0.7203256260005204,1,0.23266028741052894,1,0.3862606465677899,0.9743420814143267,3.379212878760776,1.3593757088024923,1.5735295845036497
93,DDM,time_scaling_t0,wide,DEoptim,63,0.7203256260005204,1,0.23266028741052894,1,0.3862606465677899,0.9743420814143267,3.379212878760776,1.3593757088024923,1.5735295845036497
93,DDM,time_scaling_t0,wide,DEoptim,64,0.7203256260005204,1,0.38370837776921696,1,0.3862606465677899,0.9743420814143267,3.379212878760776,1.3593757088024923,1.5735295845036497
93,DDM,time_scaling_t0,wide,DEoptim,65,0.7203256260005204,1,0.488957065569595,1,0.3862606465677899,0.9743420814143267,3.379212878760776,1.3593757088024923,1.5735295845036497
93,DDM,time_scaling_t0,wide,DEoptim,66,0.7203256260005204,1,0.488957065569595,1,0.3862606465677899,0.9743420814143267,3.379212878760776,1.3593757088024923,1.5735295845036497
93,DDM,time_scaling_t0,wide,DEoptim,67,0.7203256260005204,1,0.488957065569595,1,0.3862606465677899,0.9743420814143267,3.379212878760776,1.3593757088024923,1.5735295845036497
93,DDM,time_scaling_t0,wide,DEoptim,68,0.7203663408765458,1,0.5730676620351723,1,1.4163542169093493,0.9903260667383819,3.3622747669733477,1.28093473286319,1.4575062943143693
93,DDM,time_scaling_t0,wide,DEoptim,69,0.7203663408765458,1,0.5730676620351723,1,1.4163542169093493,0.9903260667383819,3.3622747669733477,1.28093473286319,1.4575062943143693
93,DDM,time_scaling_t0,wide,DEoptim,70,0.7203663408765458,1,0.5730676620351723,1,1.4163542169093493,0.9903260667383819,3.3622747669733477,1.28093473286319,1.4575062943143693
93,DDM,time_scaling_t0,wide,DEoptim,71,0.7203663408765458,1,0.5730676620351723,1,1.4163542169093493,0.9903260667383819,3.3622747669733477,1.28093473286319,1.4575062943143693
93,DDM,time_scaling_t0,wide,DEoptim,72,0.7203663408765458,1,0.5730676620351723,1,1.4163542169093493,0.9903260667383819,3.3622747669733477,1.28093473286319,1.4575062943143693
93,DDM,time_scaling_t0,wide,DEoptim,73,0.7724462478421755,1,0.6159460946582129,1,0.9546940958047614,0.976507901708457,3.396220011384788,1.1556599597353063,1.469996691127229
93,DDM,time_scaling_t0,wide,DEoptim,74,0.7724462478421755,1,0.6159460946582129,1,0.9546940958047614,0.976507901708457,3.396220011384788,1.1556599597353063,1.469996691127229
93,DDM,time_scaling_t0,wide,DEoptim,75,0.771390391661361,1,0.8188965721980521,1,0.901589319118952,0.9927131730164914,3.5735817056878516,1.2695330979797088,1.395663808235308
93,DDM,time_scaling_t0,wide,DEoptim,76,0.771390391661361,1,0.8188965721980521,1,0.901589319118952,0.9927131730164914,3.5735817056878516,1.2695330979797088,1.395663808235308
93,DDM,time_scaling_t0,wide,DEoptim,77,0.7089614232777326,1,0.6732779692082959,1,0.7270079054973958,0.9822534171757372,3.392470571521299,1.3144874336396424,1.5751630017056477
93,DDM,time_scaling_t0,wide,DEoptim,78,0.7101381316423575,1,0.7843793919567863,1,0.9858689433895051,0.991249621956098,3.1898941992100145,1.3372238765454312,1.4678524790494976
93,DDM,time_scaling_t0,wide,DEoptim,79,0.7203668995259169,1,0.7667200698305252,1,1.1133228338616359,0.993242199095241,3.2484556963027926,1.2318347209803606,1.5597055686601793
93,DDM,time_scaling_t0,wide,DEoptim,80,0.818519941624074,1,0.7294306713888259,1,1.0819065122098146,0.96959447686474165,3.463664230824972,1.3908050493970416,1.3926365856287202
93,DDM,time_scaling_t0,wide,DEoptim,81,0.8185309714871809,1,0.9914873455325144,1,1.4163542169093493,0.9903260667383819,3.370178197401904,1.28093473286319,1.4575062943143693
93,DDM,time_scaling_t0,wide,DEoptim,82,0.8185309714871809,1,0.9914873455325144,1,1.4163542169093493,0.9903260667383819,3.370178197401904,1.28093473286319,1.4575062943143693
93,DDM,time_scaling_t0,wide,DEoptim,83,0.7615311860516862,1,0.8043168889993464,1,1.808616984206948,0.9897553361659537,3.42773073230682,1.317223589550473,1.5837314664913382
93,DDM,time_scaling_t0,wide,DEoptim,84,0.8185309714871809,1,0.9914873455325144,1,1.4163542169093493,0.9926423249550785,3.370178197401904,1.28093473286319,1.4575062943143693
93,DDM,time_scaling_t0,wide,DEoptim,85,0.8185309714871809,1,0.9914873455325144,1,1.4163542169093493,0.9926423249550785,3.370178197401904,1.28093473286319,1.4575062943143693
93,DDM,time_scaling_t0,wide,DEoptim,86,0.8185309714871809,1,0.9914873455325144,1,1.4163542169093493,0.9926423249550785,3.370178197401904,1.28093473286319,1.4575062943143693
93,DDM,time_scaling_t0,wide,DEoptim,87,0.8185309714871809,1,0.9914873455325144,1,1.4163542169093493,0.9926423249550785,3.370178197401904,1.28093473286319,1.4575062943143693
93,DDM,time_scaling_t0,wide,DEoptim,88,0.8185309714871809,1,0.9914873455325144,1,1.4163542169093493,0.9926423249550785,3.370178197401904,1.28093473286319,1.4575062943143693
93,DDM,time_scaling_t0,wide,DEoptim,89,0.8185309714871809,1,0.9914873455325144,1,1.4163542169093493,0.9926423249550785,3.370178197401904,1.28093473286319,1.4575062943143693
93,DDM,time_scaling_t0,wide,DEoptim,90,0.8185309714871809,1,0.9914873455325144,1,1.4163542169093493,0.9926423249550785,3.370178197401904,1.28093473286319,1.4575062943143693
93,DDM,time_scaling_t0,wide,DEoptim,91,0.8185309714871809,1,0.9914873455325144,1,1.4163542169093493,0.9926423249550785,3.370178197401904,1.28093473286319,1.4575062943143693
93,DDM,time_scaling_t0,wide,DEoptim,92,0.8185309714871809,1,0.9914873455325144,1,1.4163542169093493,0.9926423249550785,3.370178197401904,1.28093473286319,1.4575062943143693
93,DDM,time_scaling_t0,wide,DEoptim,93,0.8185309714871809,1,0.9914873455325144,1,1.4163542169093493,0.9926423249550785,3.370178197401904,1.28093473286319,1.4575062943143693
93,DDM,time_scaling_t0,wide,DEoptim,94,0.8185309714871809,1,0.9914873455325144,1,1.4163542169093493,0.9926423249550785,3.370178197401904,1.28093473286319,1.4575062943143693
93,DDM,time_scaling_t0,wide,DEoptim,95,0.8185309714871809,1,0.9914873455325144,1,1.4163542169093493,0.9926423249550785,3.370178197401904,1.28093473286319,1.4575062943143693
93,DDM,time_scaling_t0,wide,DEoptim,96,0.8185309714871809,1,0.9914873455325144,1,1.4163542169093493,0.9926423249550785,3.370178197401904,1.28093473286319,1.4575062943143693
93,DDM,time_scaling_t0,wide,DEoptim,97,0.8185309714871809,1,0.9914873455325144,1,1.4163542169093493,0.9926423249550785,3.370178197401904,1.28093473286319,1.4575062943143693
93,DDM,time_scaling_t0,wide,DEoptim,98,0.8185309714871809,1,0.9914873455325144,1,1.4163542169093493,0.9926423249550785,3.370178197401904,1.28093473286319,1.4575062943143693
93,DDM,time_scaling_t0,wide,DEoptim,99,0.8185309714871809,1,0.9914873455325144,1,1.4163542169093493,0.9926423249550785,3.370178197401904,1.28093473286319,1.4575062943143693
93,DDM,time_scaling_t0,wide,DEoptim,100,0.8185309714871809,1,0.9914873455325144,1,1.4163542169093493,0.9926423249550785,3.370178197401904,1.28093473286319,1.4575062943143693
93,DDM,time_scaling_t0,wide,DEoptim,101,0.8185309714871809,1,0.9914873455325144,1,1.4163542169093493,0.9926423249550785,3.370178197401904,1.28093473286319,1.4575062943143693
93,DDM,time_scaling_t0,wide,DEoptim,102,0.8185309714871809,1,0.9914873455325144,1,1.4163542169093493,0.9926423249550785,3.370178197401904,1.28093473286319,1.4575062943143693
93,DDM,time_scaling_t0,wide,DEoptim,103,0.8185309714871809,1,0.9914873455325144,1,1.4163542169093493,0.9926423249550785,3.370178197401904,1.28093473286319,1.4575062943143693
93,DDM,time_scaling_t0,wide,DEoptim,104,0.8185309714871809,1,0.9914873455325144,1,1.4163542169093493,0.9926423249550785,3.370178197401904,1.28093473286319,1.4575062943143693
93,DDM,time_scaling_t0,wide,DEoptim,105,0.8185309714871809,1,0.9914873455325144,1,1.4163542169093493,0.9926423249550785,3.370178197401904,1.28093473286319,1.4575062943143693
93,DDM,time_scaling_t0,wide,DEoptim,106,0.8185309714871809,1,0.9914873455325144,1,1.4163542169093493,0.9926423249550785,3.370178197401904,1.28093473286319,1.4575062943143693
93,DDM,time_scaling_t0,wide,DEoptim,107,0.8185309714871809,1,0.9914873455325144,1,1.4163542169093493,0.9926423249550785,3.370178197401904,1.28093473286319,1.4575062943143693
93,DDM,time_scaling_t0,wide,DEoptim,108,0.8185309714871809,1,0.9914873455325144,1,1.4163542169093493,0.9926423249550785,3.370178197401904,1.28093473286319,1.4575062943143693
93,DDM,time_scaling_t0,wide,DEoptim,109,0.7736885495564035,1,1.022006402730338,1,1.1421923312126392,0.994084598969176,3.2794246224636843,1.3586198656536206,1.6282003696950933
93,DDM,time_scaling_t0,wide,DEoptim,110,0.8045176646790554,1,0.9914873455325144,1,1.4163542169093493,0.9926423249550785,3.370178197401904,1.385505619282227,1.5905546126226104
93,DDM,time_scaling_t0,wide,DEoptim,111,0.8045176646790554,1,0.9914873455325144,1,1.4163542169093493,0.9926423249550785,3.370178197401904,1.385505619282227,1.5905546126226104
93,DDM,time_scaling_t0,wide,DEoptim,112,0.8045176646790554,1,0.9914873455325144,1,1.4163542169093493,0.9926423249550785,3.370178197401904,1.385505619282227,1.5905546126226104
93,DDM,time_scaling_t0,wide,DEoptim,113,0.8045176646790554,1,0.9914873455325144,1,1.4163542169093493,0.9926423249550785,3.370178197401904,1.385505619282227,1.5905546126226104
93,DDM,time_scaling_t0,wide,DEoptim,114,0.8045176646790554,1,0.9914873455325144,1,1.4163542169093493,0.9926423249550785,3.370178197401904,1.385505619282227,1.5905546126226104
93,DDM,time_scaling_t0,wide,DEoptim,115,0.8045176646790554,1,0.9914873455325144,1,1.4163542169093493,0.9926423249550785,3.370178197401904,1.385505619282227,1.5905546126226104
93,DDM,time_scaling_t0,wide,DEoptim,116,0.8045176646790554,1,0.9914873455325144,1,1.4163542169093493,0.9926423249550785,3.370178197401904,1.385505619282227,1.5905546126226104
93,DDM,time_scaling_t0,wide,DEoptim,117,0.8045176646790554,1,0.9914873455325144,1,1.4163542169093493,0.9926423249550785,3.370178197401904,1.385505619282227,1.5905546126226104
93,DDM,time_scaling_t0,wide,DEoptim,118,0.8045176646790554,1,0.9914873455325144,1,1.4163542169093493,0.9926423249550785,3.3493407227944263,1.385505619282227,1.5905546126226104
93,DDM,time_scaling_t0,wide,DEoptim,119,0.8045176646790554,1,0.9914873455325144,1,1.4163542169093493,0.9926423249550785,3.3493407227944263,1.385505619282227,1.5905546126226104
93,DDM,time_scaling_t0,wide,DEoptim,120,0.8045176646790554,1,0.9914873455325144,1,1.4163542169093493,0.9926423249550785,3.3493407227944263,1.385505619282227,1.5905546126226104
93,DDM,time_scaling_t0,wide,DEoptim,121,0.8045176646790554,1,0.9914873455325144,1,1.4163542169093493,0.9926423249550785,3.3493407227944263,1.385505619282227,1.5905546126226104
93,DDM,time_scaling_t0,wide,DEoptim,122,0.8045176646790554,1,0.9914873455325144,1,1.4163542169093493,0.9926423249550785,3.3493407227944263,1.385505619282227,1.5905546126226104
93,DDM,time_scaling_t0,wide,DEoptim,123,0.8045176646790554,1,0.9914873455325144,1,1.4163542169093493,0.9926423249550785,3.3493407227944263,1.385505619282227,1.5905546126226104
93,DDM,time_scaling_t0,wide,DEoptim,124,0.8045176646790554,1,0.9914873455325144,1,1.4163542169093493,0.9926423249550785,3.3493407227944263,1.385505619282227,1.5905546126226104
93,DDM,time_scaling_t0,wide,DEoptim,125,0.8045176646790554,1,0.9914873455325144,1,1.4163542169093493,0.9926423249550785,3.3493407227944263,1.385505619282227,1.5905546126226104
93,DDM,time_scaling_t0,wide,DEoptim,126,0.8045176646790554,1,0.9914873455325144,1,1.4163542169093493,0.9926423249550785,3.3493407227944263,1.385505619282227,1.5905546126226104
93,DDM,time_scaling_t0,wide,DEoptim,127,0.8045176646790554,1,0.9914873455325144,1,1.4163542169093493,0.9926423249550785,3.3493407227944263,1.385505619282227,1.5905546126226104
93,DDM,time_scaling_t0,wide,DEoptim,128,0.8045176646790554,1,0.9914873455325144,1,1.4163542169093493,0.9926423249550785,3.3493407227944263,1.385505619282227,1.5905546126226104
93,DDM,time_scaling_t0,wide,DEoptim,129,0.7692799164632494,1,1.404242926900144,1,1.237970366224461,0.9991444332788062,3.5774812758522256,1.3213053268990769,1.5048329486045988
93,DDM,time_scaling_t0,wide,DEoptim,130,0.7692799164632494,1,1.404242926900144,1,1.237970366224461,0.9991444332788062,3.5774812758522256,1.3213053268990769,1.5048329486045988
93,DDM,time_scaling_t0,wide,DEoptim,131,0.7692799164632494,1,1.404242926900144,1,1.237970366224461,0.9991444332788062,3.5774812758522256,1.3213053268990769,1.5048329486045988
93,DDM,time_scaling_t0,wide,DEoptim,132,0.8064645002978618,1,1.1780584191621895,1,1.3323113759537222,0.9963280626877867,3.479044598504498,1.3430175548610916,1.5654320283511909
93,DDM,time_scaling_t0,wide,DEoptim,133,0.8064645002978618,1,1.1780584191621895,1,1.3323113759537222,0.9963280626877867,3.479044598504498,1.3430175548610916,1.5654320283511909
93,DDM,time_scaling_t0,wide,DEoptim,134,0.8064645002978618,1,1.1780584191621895,1,1.3323113759537222,0.9963280626877867,3.479044598504498,1.3430175548610916,1.5654320283511909
93,DDM,time_scaling_t0,wide,DEoptim,135,0.8064645002978618,1,1.1780584191621895,1,1.3323113759537222,0.9963280626877867,3.479044598504498,1.3430175548610916,1.5654320283511909
93,DDM,time_scaling_t0,wide,DEoptim,136,0.8064645002978618,1,1.1780584191621895,1,1.3323113759537222,0.9963280626877867,3.479044598504498,1.3430175548610916,1.5654320283511909
93,DDM,time_scaling_t0,wide,DEoptim,137,0.7729184724624564,1,1.2426340265761397,1,1.4558121994876425,0.998272771116986,3.410172234570352,1.3406245857072348,1.5690600443164477
93,DDM,time_scaling_t0,wide,DEoptim,138,0.7923002303117508,1,1.2426340265761397,1,1.4558121994876425,0.998272771116986,3.410172234570352,1.3347581395637518,1.5765410182141755
93,DDM,time_scaling_t0,wide,DEoptim,139,0.7923002303117508,1,1.2426340265761397,1,1.4558121994876425,0.998272771116986,3.410172234570352,1.3347581395637518,1.5765410182141755
93,DDM,time_scaling_t0,wide,DEoptim,140,0.7923002303117508,1,1.2426340265761397,1,1.4558121994876425,0.998272771116986,3.410172234570352,1.3347581395637518,1.5765410182141755
93,DDM,time_scaling_t0,wide,DEoptim,141,0.7800635547942439,1,1.404242926900144,1,1.237970366224461,0.9991444332788062,3.518268259926415,1.3213053268990769,1.55674480869021
93,DDM,time_scaling_t0,wide,DEoptim,142,0.7800635547942439,1,1.404242926900144,1,1.237970366224461,0.9991444332788062,3.518268259926415,1.3213053268990769,1.55674480869021
93,DDM,time_scaling_t0,wide,DEoptim,143,0.7800635547942439,1,1.404242926900144,1,1.237970366224461,0.9991444332788062,3.518268259926415,1.3213053268990769,1.55674480869021
93,DDM,time_scaling_t0,wide,DEoptim,144,0.7800635547942439,1,1.404242926900144,1,1.237970366224461,0.9991444332788062,3.518268259926415,1.3213053268990769,1.55674480869021
93,DDM,time_scaling_t0,wide,DEoptim,145,0.7800635547942439,1,1.404242926900144,1,1.237970366224461,0.9991444332788062,3.518268259926415,1.3213053268990769,1.55674480869021
93,DDM,time_scaling_t0,wide,DEoptim,146,0.7800635547942439,1,1.404242926900144,1,1.237970366224461,0.9991444332788062,3.518268259926415,1.319464929009717,1.55674480869021
93,DDM,time_scaling_t0,wide,DEoptim,147,0.7800635547942439,1,1.404242926900144,1,1.237970366224461,0.9991444332788062,3.518268259926415,1.3110081177263835,1.55674480869021
93,DDM,time_scaling_t0,wide,DEoptim,148,0.7800635547942439,1,1.404242926900144,1,1.237970366224461,0.9991444332788062,3.518268259926415,1.3110081177263835,1.55674480869021
93,DDM,time_scaling_t0,wide,DEoptim,149,0.7800635547942439,1,1.404242926900144,1,1.237970366224461,0.9991444332788062,3.518268259926415,1.3110081177263835,1.55674480869021
93,DDM,time_scaling_t0,wide,DEoptim,150,0.7800635547942439,1,1.404242926900144,1,1.237970366224461,0.9991444332788062,3.518268259926415,1.3110081177263835,1.55674480869021
93,DDM,time_scaling_t0,wide,DEoptim,151,0.7800635547942439,1,1.404242926900144,1,1.237970366224461,0.9991444332788062,3.518268259926415,1.3110081177263835,1.55674480869021
93,DDM,time_scaling_t0,wide,DEoptim,152,0.7800635547942439,1,1.404242926900144,1,1.237970366224461,0.9991444332788062,3.518268259926415,1.3110081177263835,1.55674480869021
93,DDM,time_scaling_t0,wide,DEoptim,153,0.7800635547942439,1,1.404242926900144,1,1.237970366224461,0.9991444332788062,3.518268259926415,1.3110081177263835,1.55674480869021
93,DDM,time_scaling_t0,wide,DEoptim,154,0.7800635547942439,1,1.404242926900144,1,1.237970366224461,0.9991444332788062,3.518268259926415,1.3110081177263835,1.55674480869021
93,DDM,time_scaling_t0,wide,DEoptim,155,0.7800635547942439,1,1.404242926900144,1,1.237970366224461,0.9991444332788062,3.518268259926415,1.3110081177263835,1.55674480869021
93,DDM,time_scaling_t0,wide,DEoptim,156,0.7800635547942439,1,1.404242926900144,1,1.237970366224461,0.9991444332788062,3.518268259926415,1.3110081177263835,1.55674480869021
93,DDM,time_scaling_t0,wide,DEoptim,157,0.7800635547942439,1,1.404242926900144,1,1.237970366224461,0.9991444332788062,3.518268259926415,1.3110081177263835,1.55674480869021
93,DDM,time_scaling_t0,wide,DEoptim,158,0.8122180205202378,1,1.1780584191621895,1,1.1559629676428678,0.9963280626877867,3.479044598504498,1.3464625094314073,1.5846596236105879
93,DDM,time_scaling_t0,wide,DEoptim,159,0.8122180205202378,1,1.1780584191621895,1,1.1559629676428678,0.9963280626877867,3.479044598504498,1.3464625094314073,1.5846596236105879
93,DDM,time_scaling_t0,wide,DEoptim,160,0.8122180205202378,1,1.1780584191621895,1,1.1559629676428678,0.9963280626877867,3.479044598504498,1.3464625094314073,1.5846596236105879
93,DDM,time_scaling_t0,wide,DEoptim,161,0.8122180205202378,1,1.1780584191621895,1,1.1559629676428678,0.9963280626877867,3.479044598504498,1.3464625094314073,1.5846596236105879
93,DDM,time_scaling_t0,wide,DEoptim,162,0.8122180205202378,1,1.1780584191621895,1,1.1559629676428678,0.9963280626877867,3.479044598504498,1.3464625094314073,1.5846596236105879
93,DDM,time_scaling_t0,wide,DEoptim,163,0.8122180205202378,1,1.1780584191621895,1,1.1559629676428678,0.9963280626877867,3.479044598504498,1.3464625094314073,1.5846596236105879
93,DDM,time_scaling_t0,wide,DEoptim,164,0.8122180205202378,1,1.1780584191621895,1,1.1559629676428678,0.9963280626877867,3.479044598504498,1.3464625094314073,1.5846596236105879
93,DDM,time_scaling_t0,wide,DEoptim,165,0.8122180205202378,1,1.1780584191621895,1,1.1559629676428678,0.9963280626877867,3.479044598504498,1.3464625094314073,1.5846596236105879
93,DDM,time_scaling_t0,wide,DEoptim,166,0.81192956070382,1,1.1780584191621895,1,1.1559629676428678,0.9963280626877867,3.479044598504498,1.3464625094314073,1.571519022469559
93,DDM,time_scaling_t0,wide,DEoptim,167,0.81192956070382,1,1.1780584191621895,1,1.1559629676428678,0.9963280626877867,3.479044598504498,1.3464625094314073,1.571519022469559
93,DDM,time_scaling_t0,wide,DEoptim,168,0.81192956070382,1,1.1780584191621895,1,1.1559629676428678,0.9963280626877867,3.479044598504498,1.3464625094314073,1.571519022469559
93,DDM,time_scaling_t0,wide,DEoptim,169,0.81192956070382,1,1.1780584191621895,1,1.1559629676428678,0.9963280626877867,3.479044598504498,1.3464625094314073,1.571519022469559
93,DDM,time_scaling_t0,wide,DEoptim,170,0.81192956070382,1,1.1780584191621895,1,1.1559629676428678,0.9963280626877867,3.479044598504498,1.3464625094314073,1.571519022469559
93,DDM,time_scaling_t0,wide,DEoptim,171,0.81192956070382,1,1.1780584191621895,1,1.1559629676428678,0.9963280626877867,3.479044598504498,1.3464625094314073,1.571519022469559
93,DDM,time_scaling_t0,wide,DEoptim,172,0.81192956070382,1,1.1780584191621895,1,1.1559629676428678,0.9963280626877867,3.479044598504498,1.3464625094314073,1.571519022469559
93,DDM,time_scaling_t0,wide,DEoptim,173,0.81192956070382,1,1.1780584191621895,1,1.1559629676428678,0.9963280626877867,3.479044598504498,1.3464625094314073,1.571519022469559
93,DDM,time_scaling_t0,wide,DEoptim,174,0.81192956070382,1,1.1780584191621895,1,1.1559629676428678,0.9963280626877867,3.479044598504498,1.3464625094314073,1.571519022469559
93,DDM,time_scaling_t0,wide,DEoptim,175,0.81192956070382,1,1.1780584191621895,1,1.1559629676428678,0.9963280626877867,3.479044598504498,1.3464625094314073,1.571519022469559
93,DDM,time_scaling_t0,wide,DEoptim,176,0.81192956070382,1,1.1780584191621895,1,1.1559629676428678,0.9963280626877867,3.479044598504498,1.3464625094314073,1.571519022469559
93,DDM,time_scaling_t0,wide,DEoptim,177,0.81192956070382,1,1.1780584191621895,1,1.1559629676428678,0.9963280626877867,3.479044598504498,1.3464625094314073,1.571519022469559
93,DDM,time_scaling_t0,wide,DEoptim,178,0.81192956070382,1,1.1780584191621895,1,1.1559629676428678,0.9963280626877867,3.479044598504498,1.3464625094314073,1.571519022469559
93,DDM,time_scaling_t0,wide,DEoptim,179,0.81192956070382,1,1.1780584191621895,1,1.1559629676428678,0.9963280626877867,3.479044598504498,1.3464625094314073,1.571519022469559
93,DDM,time_scaling_t0,wide,DEoptim,180,0.81192956070382,1,1.1780584191621895,1,1.1559629676428678,0.9963280626877867,3.479044598504498,1.3464625094314073,1.571519022469559
93,DDM,time_scaling_t0,wide,DEoptim,181,0.7800635547942439,1,1.404242926900144,1,1.4262794575915112,0.9991444332788062,3.459698534648174,1.3061651297448729,1.55674480869021
93,DDM,time_scaling_t0,wide,DEoptim,182,0.7800635547942439,1,1.404242926900144,1,1.4262794575915112,0.9991444332788062,3.459698534648174,1.3061651297448729,1.55674480869021
93,DDM,time_scaling_t0,wide,DEoptim,183,0.7800635547942439,1,1.404242926900144,1,1.4262794575915112,0.9991444332788062,3.459698534648174,1.3061651297448729,1.55674480869021
93,DDM,time_scaling_t0,wide,DEoptim,184,0.7800635547942439,1,1.404242926900144,1,1.4262794575915112,0.9991444332788062,3.459698534648174,1.3061651297448729,1.55674480869021
93,DDM,time_scaling_t0,wide,DEoptim,185,0.7800635547942439,1,1.404242926900144,1,1.4262794575915112,0.9991444332788062,3.459698534648174,1.3061651297448729,1.55674480869021
93,DDM,time_scaling_t0,wide,DEoptim,186,0.7800635547942439,1,1.404242926900144,1,1.4262794575915112,0.9991444332788062,3.459698534648174,1.3061651297448729,1.55674480869021
93,DDM,time_scaling_t0,wide,DEoptim,187,0.7800635547942439,1,1.404242926900144,1,1.4262794575915112,0.9991444332788062,3.459698534648174,1.3061651297448729,1.55674480869021
93,DDM,time_scaling_t0,wide,DEoptim,188,0.7811526889716209,1,1.6184861827783723,1,1.35652084555296,0.9996262659825196,3.4828047687540593,1.3665475077853877,1.5540454124063006
93,DDM,time_scaling_t0,wide,DEoptim,189,0.7811526889716209,1,1.6184861827783723,1,1.35652084555296,0.9996262659825196,3.4828047687540593,1.3665475077853877,1.5540454124063006
93,DDM,time_scaling_t0,wide,DEoptim,190,0.7811526889716209,1,1.6184861827783723,1,1.35652084555296,0.9996262659825196,3.380780080094538,1.3665475077853877,1.5540454124063006
93,DDM,time_scaling_t0,wide,DEoptim,191,0.7811526889716209,1,1.6184861827783723,1,1.35652084555296,0.9996262659825196,3.380780080094538,1.3665475077853877,1.5540454124063006
93,DDM,time_scaling_t0,wide,DEoptim,192,0.7811526889716209,1,1.6184861827783723,1,1.35652084555296,0.9996262659825196,3.380780080094538,1.3665475077853877,1.5540454124063006
93,DDM,time_scaling_t0,wide,DEoptim,193,0.7811526889716209,1,1.6184861827783723,1,1.35652084555296,0.9996262659825196,3.380780080094538,1.3665475077853877,1.5540454124063006
93,DDM,time_scaling_t0,wide,DEoptim,194,0.7811526889716209,1,1.6184861827783723,1,1.35652084555296,0.9996262659825196,3.380780080094538,1.3665475077853877,1.5561690143482423
93,DDM,time_scaling_t0,wide,DEoptim,195,0.7861594813108713,1,1.6184861827783723,1,1.35652084555296,0.9996262659825196,3.4759820451146957,1.3501336913045223,1.548358376231002
93,DDM,time_scaling_t0,wide,DEoptim,196,0.7861594813108713,1,1.6184861827783723,1,1.35652084555296,0.9996262659825196,3.4759820451146957,1.3501336913045223,1.548358376231002
93,DDM,time_scaling_t0,wide,DEoptim,197,0.7861594813108713,1,1.6184861827783723,1,1.35652084555296,0.9996262659825196,3.4759820451146957,1.3501336913045223,1.548358376231002
93,DDM,time_scaling_t0,wide,DEoptim,198,0.7861594813108713,1,1.6184861827783723,1,1.35652084555296,0.9996262659825196,3.4759820451146957,1.3501336913045223,1.548358376231002
93,DDM,time_scaling_t0,wide,DEoptim,199,0.7861594813108713,1,1.6184861827783723,1,1.35652084555296,0.9996262659825196,3.4759820451146957,1.3501336913045223,1.548358376231002
93,DDM,time_scaling_t0,wide,DEoptim,200,0.7861594813108713,1,1.6184861827783723,1,1.35652084555296,0.9996262659825196,3.4759820451146957,1.3076650588636094,1.548358376231002
93,DDM,time_scaling_t0,wide,DEoptim,201,0.7861594813108713,1,1.6184861827783723,1,1.35652084555296,0.9996262659825196,3.4759820451146957,1.3243988186376612,1.548358376231002
93,DDM,time_scaling_t0,wide,DEoptim,202,0.7861594813108713,1,1.6184861827783723,1,1.35652084555296,0.9996262659825196,3.4759820451146957,1.3243988186376612,1.548358376231002
93,DDM,time_scaling_t0,wide,DEoptim,203,0.7861594813108713,1,1.6184861827783723,1,1.35652084555296,0.9996262659825196,3.4759820451146957,1.3243988186376612,1.548358376231002
93,DDM,time_scaling_t0,wide,DEoptim,204,0.7861594813108713,1,1.6184861827783723,1,1.35652084555296,0.9996262659825196,3.4759820451146957,1.3243988186376612,1.548358376231002
93,DDM,time_scaling_t0,wide,DEoptim,205,0.7861594813108713,1,1.6184861827783723,1,1.35652084555296,0.9996262659825196,3.4759820451146957,1.3243988186376612,1.548358376231002
93,DDM,time_scaling_t0,wide,DEoptim,206,0.7861594813108713,1,1.6184861827783723,1,1.35652084555296,0.9996262659825196,3.4759820451146957,1.3243988186376612,1.548358376231002
93,DDM,time_scaling_t0,wide,DEoptim,207,0.7861594813108713,1,1.6184861827783723,1,1.35652084555296,0.9996262659825196,3.4759820451146957,1.3243988186376612,1.548358376231002
93,DDM,time_scaling_t0,wide,DEoptim,208,0.7861594813108713,1,1.6184861827783723,1,1.35652084555296,0.9996262659825196,3.4759820451146957,1.3243988186376612,1.548358376231002
93,DDM,time_scaling_t0,wide,DEoptim,209,0.7861594813108713,1,1.6184861827783723,1,1.35652084555296,0.9996262659825196,3.4759820451146957,1.3243988186376612,1.548358376231002
93,DDM,time_scaling_t0,wide,DEoptim,210,0.7920968214702192,1,1.6184861827783723,1,1.35652084555296,0.9996262659825196,3.4759820451146957,1.3243988186376612,1.548358376231002
93,DDM,time_scaling_t0,wide,DEoptim,211,0.7920968214702192,1,1.6184861827783723,1,1.35652084555296,0.9996262659825196,3.4759820451146957,1.3243988186376612,1.548358376231002
93,DDM,time_scaling_t0,wide,DEoptim,212,0.7920968214702192,1,1.6184861827783723,1,1.35652084555296,0.9996262659825196,3.4759820451146957,1.3243988186376612,1.548358376231002
93,DDM,time_scaling_t0,wide,DEoptim,213,0.7920968214702192,1,1.6184861827783723,1,1.35652084555296,0.9996262659825196,3.4759820451146957,1.3243988186376612,1.548358376231002
93,DDM,time_scaling_t0,wide,DEoptim,214,0.8033434946028457,1,1.6184861827783723,1,1.35652084555296,0.9996262659825196,3.4759820451146957,1.3243988186376612,1.548358376231002
93,DDM,time_scaling_t0,wide,DEoptim,215,0.7978203055122994,1,1.6184861827783723,1,1.35652084555296,0.9996262659825196,3.4759820451146957,1.3243988186376612,1.5711061327367652
93,DDM,time_scaling_t0,wide,DEoptim,216,0.7978203055122994,1,1.6184861827783723,1,1.35652084555296,0.9996262659825196,3.4759820451146957,1.3243988186376612,1.5711061327367652
93,DDM,time_scaling_t0,wide,DEoptim,217,0.7978203055122994,1,1.6184861827783723,1,1.35652084555296,0.9996262659825196,3.4759820451146957,1.3243988186376612,1.5711061327367652
93,DDM,time_scaling_t0,wide,DEoptim,218,0.7978203055122994,1,1.6184861827783723,1,1.35652084555296,0.9996262659825196,3.4759820451146957,1.3243988186376612,1.5711061327367652
93,DDM,time_scaling_t0,wide,DEoptim,219,0.7978203055122994,1,1.6184861827783723,1,1.35652084555296,0.9996262659825196,3.4759820451146957,1.3243988186376612,1.5711061327367652
93,DDM,time_scaling_t0,wide,DEoptim,220,0.7978203055122994,1,1.6184861827783723,1,1.35652084555296,0.9996262659825196,3.4759820451146957,1.3243988186376612,1.5711061327367652
93,DDM,time_scaling_t0,wide,DEoptim,221,0.7978203055122994,1,1.6184861827783723,1,1.35652084555296,0.9996262659825196,3.4759820451146957,1.3243988186376612,1.5711061327367652
93,DDM,time_scaling_t0,wide,DEoptim,222,0.7978203055122994,1,1.6184861827783723,1,1.3031146639926703,0.9996262659825196,3.4759820451146957,1.3243988186376612,1.5711061327367652
93,DDM,time_scaling_t0,wide,DEoptim,223,0.7978203055122994,1,1.6184861827783723,1,1.3031146639926703,0.9996262659825196,3.4759820451146957,1.3243988186376612,1.5711061327367652
93,DDM,time_scaling_t0,wide,DEoptim,224,0.7978203055122994,1,1.6184861827783723,1,1.3031146639926703,0.9996262659825196,3.4759820451146957,1.3243988186376612,1.5711061327367652
93,DDM,time_scaling_t0,wide,DEoptim,225,0.7978203055122994,1,1.6184861827783723,1,1.3031146639926703,0.9996262659825196,3.4759820451146957,1.3243988186376612,1.5711061327367652
93,DDM,time_scaling_t0,wide,DEoptim,226,0.7978203055122994,1,1.6184861827783723,1,1.3031146639926703,0.9996262659825196,3.4759820451146957,1.3243988186376612,1.5711061327367652
93,DDM,time_scaling_t0,wide,DEoptim,227,0.7978203055122994,1,1.6184861827783723,1,1.3031146639926703,0.9996262659825196,3.4759820451146957,1.3243988186376612,1.5711061327367652
93,DDM,time_scaling_t0,wide,DEoptim,228,0.7978203055122994,1,1.6184861827783723,1,1.3031146639926703,0.9996262659825196,3.4759820451146957,1.3243988186376612,1.5711061327367652
93,DDM,time_scaling_t0,wide,DEoptim,229,0.7978203055122994,1,1.6184861827783723,1,1.3031146639926703,0.9996262659825196,3.4759820451146957,1.3243988186376612,1.5711061327367652
93,DDM,time_scaling_t0,wide,DEoptim,230,0.7978203055122994,1,1.6184861827783723,1,1.3031146639926703,0.9996262659825196,3.4759820451146957,1.3243988186376612,1.5711061327367652
93,DDM,time_scaling_t0,wide,DEoptim,231,0.7978203055122994,1,1.6184861827783723,1,1.3031146639926703,0.9996262659825196,3.4759820451146957,1.3243988186376612,1.5711061327367652
93,DDM,time_scaling_t0,wide,DEoptim,232,0.7978203055122994,1,1.6184861827783723,1,1.3031146639926703,0.9996262659825196,3.4759820451146957,1.3243988186376612,1.5711061327367652
93,DDM,time_scaling_t0,wide,DEoptim,233,0.7978203055122994,1,1.6184861827783723,1,1.3031146639926703,0.9996262659825196,3.4759820451146957,1.3243988186376612,1.5711061327367652
93,DDM,time_scaling_t0,wide,DEoptim,234,0.7978203055122994,1,1.6184861827783723,1,1.3031146639926703,0.9996262659825196,3.4759820451146957,1.3243988186376612,1.5711061327367652
93,DDM,time_scaling_t0,wide,DEoptim,235,0.7978203055122994,1,1.6184861827783723,1,1.3031146639926703,0.9996262659825196,3.4759820451146957,1.3243988186376612,1.5711061327367652
93,DDM,time_scaling_t0,wide,DEoptim,236,0.7978203055122994,1,1.6184861827783723,1,1.3031146639926703,0.9996262659825196,3.4759820451146957,1.3243988186376612,1.5711061327367652
93,DDM,time_scaling_t0,wide,DEoptim,237,0.7978203055122994,1,1.6184861827783723,1,1.3031146639926703,0.9996262659825196,3.4759820451146957,1.3243988186376612,1.5711061327367652
93,DDM,time_scaling_t0,wide,DEoptim,238,0.7978203055122994,1,1.6184861827783723,1,1.3031146639926703,0.9996262659825196,3.4759820451146957,1.3243988186376612,1.5711061327367652
93,DDM,time_scaling_t0,wide,DEoptim,239,0.7978203055122994,1,1.6184861827783723,1,1.3031146639926703,0.9996262659825196,3.4759820451146957,1.3243988186376612,1.5711061327367652
93,DDM,time_scaling_t0,wide,DEoptim,240,0.7978203055122994,1,1.6184861827783723,1,1.3031146639926703,0.9996262659825196,3.4759820451146957,1.3243988186376612,1.5711061327367652
93,DDM,time_scaling_t0,wide,DEoptim,241,0.7978203055122994,1,1.6184861827783723,1,1.3031146639926703,0.9996262659825196,3.4759820451146957,1.3243988186376612,1.5711061327367652
93,DDM,time_scaling_t0,wide,DEoptim,242,0.7978203055122994,1,1.6184861827783723,1,1.3031146639926703,0.9996262659825196,3.4759820451146957,1.3243988186376612,1.5711061327367652
93,DDM,time_scaling_t0,wide,DEoptim,243,0.7978203055122994,1,1.6184861827783723,1,1.3031146639926703,0.9996262659825196,3.4759820451146957,1.3243988186376612,1.5711061327367652
93,DDM,time_scaling_t0,wide,DEoptim,244,0.7978203055122994,1,1.6184861827783723,1,1.3031146639926703,0.9996262659825196,3.4759820451146957,1.3243988186376612,1.5711061327367652
93,DDM,time_scaling_t0,wide,DEoptim,245,0.7978203055122994,1,1.6184861827783723,1,1.3031146639926703,0.9996262659825196,3.4759820451146957,1.3243988186376612,1.5711061327367652
93,DDM,time_scaling_t0,wide,DEoptim,246,0.7978203055122994,1,1.6184861827783723,1,1.3031146639926703,0.9996262659825196,3.4759820451146957,1.3243988186376612,1.5711061327367652
93,DDM,time_scaling_t0,wide,DEoptim,247,0.7978203055122994,1,1.6184861827783723,1,1.3031146639926703,0.9996262659825196,3.4759820451146957,1.3243988186376612,1.5711061327367652
93,DDM,time_scaling_t0,wide,DEoptim,248,0.7978203055122994,1,1.6184861827783723,1,1.3031146639926703,0.9996262659825196,3.4759820451146957,1.3243988186376612,1.5711061327367652
93,DDM,time_scaling_t0,wide,DEoptim,249,0.7978203055122994,1,1.6184861827783723,1,1.3031146639926703,0.9996262659825196,3.4759820451146957,1.3243988186376612,1.5711061327367652
93,DDM,time_scaling_t0,wide,DEoptim,250,0.7978203055122994,1,1.6184861827783723,1,1.3031146639926703,0.9996262659825196,3.4759820451146957,1.3243988186376612,1.5711061327367652
93,DDM,time_scaling_t0,wide,DEoptim,251,0.7978203055122994,1,1.6184861827783723,1,1.3031146639926703,0.9996262659825196,3.4759820451146957,1.3243988186376612,1.5711061327367652
93,DDM,time_scaling_t0,wide,DEoptim,252,0.7978203055122994,1,1.6184861827783723,1,1.3031146639926703,0.9996262659825196,3.4759820451146957,1.3243988186376612,1.5711061327367652
93,DDM,time_scaling_t0,wide,DEoptim,253,0.7978203055122994,1,1.6184861827783723,1,1.3031146639926703,0.9996262659825196,3.4759820451146957,1.3243988186376612,1.5711061327367652
93,DDM,time_scaling_t0,wide,DEoptim,254,0.7978203055122994,1,1.6184861827783723,1,1.3031146639926703,0.9996262659825196,3.4759820451146957,1.3243988186376612,1.5711061327367652
93,DDM,time_scaling_t0,wide,DEoptim,255,0.7978203055122994,1,1.6184861827783723,1,1.3031146639926703,0.9996262659825196,3.4759820451146957,1.3243988186376612,1.5711061327367652
93,DDM,time_scaling_t0,wide,DEoptim,256,0.7978203055122994,1,1.6184861827783723,1,1.3031146639926703,0.9996262659825196,3.4759820451146957,1.3243988186376612,1.5711061327367652
93,DDM,time_scaling_t0,wide,DEoptim,257,0.7978203055122994,1,1.6184861827783723,1,1.3031146639926703,0.9996262659825196,3.4759820451146957,1.3243988186376612,1.5711061327367652
93,DDM,time_scaling_t0,wide,DEoptim,258,0.7978203055122994,1,1.6184861827783723,1,1.3031146639926703,0.9996262659825196,3.4759820451146957,1.3243988186376612,1.5711061327367652
93,DDM,time_scaling_t0,wide,DEoptim,259,0.7978203055122994,1,1.6184861827783723,1,1.3031146639926703,0.9996262659825196,3.4759820451146957,1.3243988186376612,1.5719043383650566
93,DDM,time_scaling_t0,wide,DEoptim,260,0.7978203055122994,1,1.6184861827783723,1,1.3031146639926703,0.9996262659825196,3.4759820451146957,1.3243988186376612,1.5719043383650566
93,DDM,time_scaling_t0,wide,DEoptim,261,0.7978203055122994,1,1.6184861827783723,1,1.3031146639926703,0.9996262659825196,3.4759820451146957,1.3243988186376612,1.5719043383650566
93,DDM,time_scaling_t0,wide,DEoptim,262,0.7978203055122994,1,1.6184861827783723,1,1.3031146639926703,0.9996262659825196,3.4759820451146957,1.3243988186376612,1.5719043383650566
93,DDM,time_scaling_t0,wide,DEoptim,263,0.7978203055122994,1,1.6184861827783723,1,1.3031146639926703,0.9996262659825196,3.4759820451146957,1.3243988186376612,1.5719043383650566
93,DDM,time_scaling_t0,wide,DEoptim,264,0.7978203055122994,1,1.6184861827783723,1,1.3031146639926703,0.9996262659825196,3.4759820451146957,1.3243988186376612,1.5719043383650566
93,DDM,time_scaling_t0,wide,DEoptim,265,0.7978203055122994,1,1.6184861827783723,1,1.3031146639926703,0.9996262659825196,3.4759820451146957,1.3243988186376612,1.5719043383650566
93,DDM,time_scaling_t0,wide,DEoptim,266,0.7978203055122994,1,1.6212488308534594,1,1.3031146639926703,0.9996262659825196,3.4759820451146957,1.3243988186376612,1.5719043383650566
93,DDM,time_scaling_t0,wide,DEoptim,267,0.7978203055122994,1,1.6212488308534594,1,1.3031146639926703,0.9996262659825196,3.4759820451146957,1.3243988186376612,1.5719043383650566
93,DDM,time_scaling_t0,wide,DEoptim,268,0.7978203055122994,1,1.6212488308534594,1,1.3031146639926703,0.9996262659825196,3.4759820451146957,1.3243988186376612,1.5719043383650566
93,DDM,time_scaling_t0,wide,DEoptim,269,0.7978203055122994,1,1.6212488308534594,1,1.3031146639926703,0.9996262659825196,3.4759820451146957,1.3243988186376612,1.5719043383650566
93,DDM,time_scaling_t0,wide,DEoptim,270,0.7978203055122994,1,1.6212488308534594,1,1.3031146639926703,0.9996262659825196,3.4759820451146957,1.3243988186376612,1.5719043383650566
93,DDM,time_scaling_t0,wide,DEoptim,271,0.7978203055122994,1,1.6212488308534594,1,1.3031146639926703,0.9996262659825196,3.4759820451146957,1.3243988186376612,1.5719043383650566
93,DDM,time_scaling_t0,wide,DEoptim,272,0.7978203055122994,1,1.6212488308534594,1,1.3031146639926703,0.9996262659825196,3.4759820451146957,1.3243988186376612,1.5719043383650566
93,DDM,time_scaling_t0,wide,DEoptim,273,0.7978203055122994,1,1.6212488308534594,1,1.3031146639926703,0.9996262659825196,3.4759820451146957,1.3243988186376612,1.5719043383650566
93,DDM,time_scaling_t0,wide,DEoptim,274,0.7978203055122994,1,1.6212488308534594,1,1.3031146639926703,0.9996262659825196,3.4759820451146957,1.3243988186376612,1.5731350146264806
93,DDM,time_scaling_t0,wide,DEoptim,275,0.7978203055122994,1,1.6212488308534594,1,1.3031146639926703,0.9996262659825196,3.4759820451146957,1.3243988186376612,1.5731350146264806
93,DDM,time_scaling_t0,wide,DEoptim,276,0.7978203055122994,1,1.6212488308534594,1,1.3031146639926703,0.9996262659825196,3.4759820451146957,1.3243988186376612,1.5731350146264806
93,DDM,time_scaling_t0,wide,DEoptim,277,0.7978203055122994,1,1.6212488308534594,1,1.3031146639926703,0.9996262659825196,3.4759820451146957,1.3243988186376612,1.5731350146264806
93,DDM,time_scaling_t0,wide,DEoptim,278,0.7978203055122994,1,1.6212488308534594,1,1.3031146639926703,0.9996262659825196,3.4759820451146957,1.3243988186376612,1.5731350146264806
93,DDM,time_scaling_t0,wide,DEoptim,279,0.7978203055122994,1,1.6212488308534594,1,1.3031146639926703,0.9996262659825196,3.4759820451146957,1.3243988186376612,1.5731350146264806
93,DDM,time_scaling_t0,wide,DEoptim,280,0.7978203055122994,1,1.6212488308534594,1,1.3031146639926703,0.9996262659825196,3.4759820451146957,1.3243988186376612,1.5731350146264806
93,DDM,time_scaling_t0,wide,DEoptim,281,0.7978203055122994,1,1.6212488308534594,1,1.3031146639926703,0.9996262659825196,3.4759820451146957,1.3243988186376612,1.5731350146264806
93,DDM,time_scaling_t0,wide,DEoptim,282,0.7978203055122994,1,1.6212488308534594,1,1.3031146639926703,0.9996262659825196,3.4759820451146957,1.3243988186376612,1.5731350146264806
93,DDM,time_scaling_t0,wide,DEoptim,283,0.7978203055122994,1,1.6212488308534594,1,1.3031146639926703,0.9996262659825196,3.4759820451146957,1.3243988186376612,1.5731350146264806
93,DDM,time_scaling_t0,wide,DEoptim,284,0.7978203055122994,1,1.6212488308534594,1,1.3031146639926703,0.9996262659825196,3.4759820451146957,1.3243988186376612,1.5731350146264806
93,DDM,time_scaling_t0,wide,DEoptim,285,0.7978203055122994,1,1.6212488308534594,1,1.3031146639926703,0.9996262659825196,3.4759820451146957,1.3243988186376612,1.5731350146264806
93,DDM,time_scaling_t0,wide,DEoptim,286,0.7978203055122994,1,1.6212488308534594,1,1.3031146639926703,0.9996262659825196,3.4759820451146957,1.3243988186376612,1.5731350146264806
93,DDM,time_scaling_t0,wide,DEoptim,287,0.7978203055122994,1,1.6212488308534594,1,1.3031146639926703,0.9996262659825196,3.4759820451146957,1.3243988186376612,1.5731350146264806
93,DDM,time_scaling_t0,wide,DEoptim,288,0.7978203055122994,1,1.6212488308534594,1,1.3031146639926703,0.9996262659825196,3.4759820451146957,1.3243988186376612,1.5731350146264806
93,DDM,time_scaling_t0,wide,DEoptim,289,0.7978203055122994,1,1.6212488308534594,1,1.3031146639926703,0.9996262659825196,3.4759820451146957,1.3243988186376612,1.5731350146264806
93,DDM,time_scaling_t0,wide,DEoptim,290,0.7978203055122994,1,1.6212488308534594,1,1.3031146639926703,0.9996262659825196,3.4759820451146957,1.3243988186376612,1.5731350146264806
93,DDM,time_scaling_t0,wide,DEoptim,291,0.7978203055122994,1,1.6212488308534594,1,1.3031146639926703,0.9996262659825196,3.4759820451146957,1.3243988186376612,1.5731350146264806
93,DDM,time_scaling_t0,wide,DEoptim,292,0.7978203055122994,1,1.6212488308534594,1,1.3031146639926703,0.9996262659825196,3.4636281475394255,1.3243988186376612,1.5731350146264806
93,DDM,time_scaling_t0,wide,DEoptim,293,0.7978203055122994,1,1.6212488308534594,1,1.3031146639926703,0.9996262659825196,3.4636281475394255,1.3243988186376612,1.5731350146264806
93,DDM,time_scaling_t0,wide,DEoptim,294,0.7978203055122994,1,1.6212488308534594,1,1.3031146639926703,0.9996262659825196,3.4636281475394255,1.3243988186376612,1.5755324837948268
93,DDM,time_scaling_t0,wide,DEoptim,295,0.7978203055122994,1,1.6212488308534594,1,1.3031146639926703,0.9996262659825196,3.4636281475394255,1.3243988186376612,1.5755324837948268
93,DDM,time_scaling_t0,wide,DEoptim,296,0.7978203055122994,1,1.6212488308534594,1,1.3031146639926703,0.9996262659825196,3.4636281475394255,1.3243988186376612,1.5755324837948268
93,DDM,time_scaling_t0,wide,DEoptim,297,0.7978203055122994,1,1.6212488308534594,1,1.3031146639926703,0.9996262659825196,3.4636281475394255,1.3243988186376612,1.5755324837948268
93,DDM,time_scaling_t0,wide,DEoptim,298,0.7978203055122994,1,1.6212488308534594,1,1.3031146639926703,0.9996262659825196,3.4636281475394255,1.3243988186376612,1.5755324837948268
93,DDM,time_scaling_t0,wide,DEoptim,299,0.7978203055122994,1,1.6212488308534594,1,1.3031146639926703,0.9996262659825196,3.4636281475394255,1.3243988186376612,1.5755324837948268
93,DDM,time_scaling_t0,wide,DEoptim,300,0.7978203055122994,1,1.6212488308534594,1,1.3031146639926703,0.9996262659825196,3.4636281475394255,1.3243988186376612,1.5755324837948268
93,DDM,time_scaling_t0,wide,DEoptim,301,0.7978203055122994,1,1.6212488308534594,1,1.3031146639926703,0.9996262659825196,3.4636281475394255,1.3243988186376612,1.5755324837948268
93,DDM,time_scaling_t0,wide,DEoptim,302,0.7978203055122994,1,1.6212488308534594,1,1.3031146639926703,0.9996262659825196,3.4636281475394255,1.3243988186376612,1.5755324837948268
93,DDM,time_scaling_t0,wide,DEoptim,303,0.7978203055122994,1,1.6212488308534594,1,1.3031146639926703,0.9996262659825196,3.4636281475394255,1.3243988186376612,1.5755324837948268
93,DDM,time_scaling_t0,wide,DEoptim,304,0.7978203055122994,1,1.6212488308534594,1,1.3031146639926703,0.9996262659825196,3.4636281475394255,1.3243988186376612,1.5755324837948268
93,DDM,time_scaling_t0,wide,DEoptim,305,0.7978203055122994,1,1.6212488308534594,1,1.3031146639926703,0.9996262659825196,3.4636281475394255,1.3243988186376612,1.5755324837948268
93,DDM,time_scaling_t0,wide,DEoptim,306,0.7978203055122994,1,1.6212488308534594,1,1.3031146639926703,0.9996262659825196,3.4636281475394255,1.3243988186376612,1.5755324837948268
93,DDM,time_scaling_t0,wide,DEoptim,307,0.7978203055122994,1,1.6212488308534594,1,1.3031146639926703,0.9996262659825196,3.4636281475394255,1.3243988186376612,1.5755324837948268
93,DDM,time_scaling_t0,wide,DEoptim,308,0.7978203055122994,1,1.6212488308534594,1,1.3031146639926703,0.9996262659825196,3.4636281475394255,1.3243988186376612,1.5755324837948268
93,DDM,time_scaling_t0,wide,DEoptim,309,0.7978203055122994,1,1.6212488308534594,1,1.3031146639926703,0.9996262659825196,3.4636281475394255,1.3243988186376612,1.5755324837948268
93,DDM,time_scaling_t0,wide,DEoptim,310,0.7978203055122994,1,1.6212488308534594,1,1.3031146639926703,0.9996262659825196,3.4636281475394255,1.3243988186376612,1.5755324837948268
93,DDM,time_scaling_t0,wide,DEoptim,311,0.7978203055122994,1,1.6212488308534594,1,1.3031146639926703,0.9996262659825196,3.4636281475394255,1.3243988186376612,1.5755324837948268
93,DDM,time_scaling_t0,wide,DEoptim,312,0.7978203055122994,1,1.6212488308534594,1,1.3031146639926703,0.9996262659825196,3.4636281475394255,1.3243988186376612,1.5755324837948268
93,DDM,time_scaling_t0,wide,DEoptim,313,0.7978203055122994,1,1.6212488308534594,1,1.3031146639926703,0.9996262659825196,3.4636281475394255,1.3243988186376612,1.5755324837948268
93,DDM,time_scaling_t0,wide,DEoptim,314,0.7978203055122994,1,1.6212488308534594,1,1.3031146639926703,0.9996262659825196,3.4636281475394255,1.3243988186376612,1.5755324837948268
93,DDM,time_scaling_t0,wide,DEoptim,315,0.7978203055122994,1,1.6212488308534594,1,1.3031146639926703,0.9996262659825196,3.4636281475394255,1.3243988186376612,1.5755324837948268
93,DDM,time_scaling_t0,wide,DEoptim,316,0.7978203055122994,1,1.6212488308534594,1,1.3031146639926703,0.9996262659825196,3.4636281475394255,1.3243988186376612,1.5755324837948268
93,DDM,time_scaling_t0,wide,DEoptim,317,0.7978203055122994,1,1.6212488308534594,1,1.3031146639926703,0.9996262659825196,3.4636281475394255,1.3243988186376612,1.5755324837948268
93,DDM,time_scaling_t0,wide,DEoptim,318,0.7978203055122994,1,1.6212488308534594,1,1.3031146639926703,0.9996262659825196,3.4636281475394255,1.3243988186376612,1.5755324837948268
93,DDM,time_scaling_t0,wide,DEoptim,319,0.7978203055122994,1,1.6212488308534594,1,1.3031146639926703,0.9996262659825196,3.4636281475394255,1.3243988186376612,1.5755324837948268
93,DDM,time_scaling_t0,wide,DEoptim,320,0.7978203055122994,1,1.6212488308534594,1,1.3031146639926703,0.9996262659825196,3.4636281475394255,1.3243988186376612,1.5755324837948268
93,DDM,time_scaling_t0,wide,DEoptim,321,0.7978203055122994,1,1.6212488308534594,1,1.3031146639926703,0.9996262659825196,3.4636281475394255,1.3243988186376612,1.5755324837948268
93,DDM,time_scaling_t0,wide,DEoptim,322,0.7978203055122994,1,1.6212488308534594,1,1.3031146639926703,0.9996262659825196,3.4636281475394255,1.3243988186376612,1.5755324837948268
93,DDM,time_scaling_t0,wide,DEoptim,323,0.7978203055122994,1,1.6212488308534594,1,1.3031146639926703,0.9996262659825196,3.4636281475394255,1.3243988186376612,1.5755324837948268
93,DDM,time_scaling_t0,wide,DEoptim,324,0.7978203055122994,1,1.6212488308534594,1,1.3031146639926703,0.9996262659825196,3.4636281475394255,1.3243988186376612,1.5755324837948268
93,DDM,time_scaling_t0,wide,DEoptim,325,0.7978203055122994,1,1.6212488308534594,1,1.3031146639926703,0.9996262659825196,3.4636281475394255,1.3243988186376612,1.5755324837948268
93,DDM,time_scaling_t0,wide,DEoptim,326,0.7978203055122994,1,1.6212488308534594,1,1.3031146639926703,0.9996262659825196,3.4636281475394255,1.3243988186376612,1.5755324837948268
93,DDM,time_scaling_t0,wide,DEoptim,327,0.7978203055122994,1,1.6212488308534594,1,1.3031146639926703,0.9996262659825196,3.4636281475394255,1.3243988186376612,1.5755324837948268
93,DDM,time_scaling_t0,wide,DEoptim,328,0.7978203055122994,1,1.6212488308534594,1,1.3031146639926703,0.9996262659825196,3.4636281475394255,1.3243988186376612,1.5755324837948268
93,DDM,time_scaling_t0,wide,DEoptim,329,0.7978203055122994,1,1.6212488308534594,1,1.3031146639926703,0.9996262659825196,3.4636281475394255,1.3243988186376612,1.5755324837948268
93,DDM,time_scaling_t0,wide,DEoptim,330,0.7978203055122994,1,1.6212488308534594,1,1.3031146639926703,0.9996262659825196,3.4636281475394255,1.3243988186376612,1.5755324837948268
93,DDM,time_scaling_t0,wide,DEoptim,331,0.7978203055122994,1,1.6212488308534594,1,1.3031146639926703,0.9996262659825196,3.4636281475394255,1.3243988186376612,1.5755324837948268
93,DDM,time_scaling_t0,wide,DEoptim,332,0.7978203055122994,1,1.6212488308534594,1,1.3031146639926703,0.9996262659825196,3.4636281475394255,1.3243988186376612,1.5755324837948268
93,DDM,time_scaling_t0,wide,DEoptim,333,0.7978203055122994,1,1.6212488308534594,1,1.3031146639926703,0.9996262659825196,3.4636281475394255,1.3243988186376612,1.5755324837948268
93,DDM,time_scaling_t0,wide,DEoptim,334,0.7978203055122994,1,1.6212488308534594,1,1.3031146639926703,0.9996262659825196,3.4636281475394255,1.3243988186376612,1.5755324837948268
93,DDM,time_scaling_t0,wide,DEoptim,335,0.7978203055122994,1,1.6212488308534594,1,1.3031146639926703,0.9996262659825196,3.4636281475394255,1.3243988186376612,1.5755324837948268
93,DDM,time_scaling_t0,wide,DEoptim,336,0.7978203055122994,1,1.6212488308534594,1,1.3031146639926703,0.9996262659825196,3.4636281475394255,1.3243988186376612,1.5755324837948268
93,DDM,time_scaling_t0,wide,DEoptim,337,0.7978203055122994,1,1.6212488308534594,1,1.3031146639926703,0.9996262659825196,3.4636281475394255,1.3243988186376612,1.5755324837948268
93,DDM,time_scaling_t0,wide,DEoptim,338,0.7978203055122994,1,1.6212488308534594,1,1.3031146639926703,0.9996262659825196,3.4636281475394255,1.3243988186376612,1.5755324837948268
93,DDM,time_scaling_t0,wide,DEoptim,339,0.7978203055122994,1,1.6212488308534594,1,1.3031146639926703,0.9996262659825196,3.4636281475394255,1.3243988186376612,1.5755324837948268
93,DDM,time_scaling_t0,wide,DEoptim,340,0.7978203055122994,1,1.6212488308534594,1,1.3031146639926703,0.9996262659825196,3.4636281475394255,1.3243988186376612,1.5755324837948268
93,DDM,time_scaling_t0,wide,DEoptim,341,0.7957229232475453,1,1.901449233968815,1,1.1170945507057781,0.9998977739956291,3.516712275403347,1.322262882941846,1.5778980687370643
93,DDM,time_scaling_t0,wide,DEoptim,342,0.7957229232475453,1,1.901449233968815,1,1.1170945507057781,0.9998977739956291,3.516712275403347,1.322262882941846,1.5778980687370643
93,DDM,time_scaling_t0,wide,DEoptim,343,0.7957229232475453,1,1.901449233968815,1,1.1170945507057781,0.9998977739956291,3.516712275403347,1.322262882941846,1.5778980687370643
93,DDM,time_scaling_t0,wide,DEoptim,344,0.7957229232475453,1,1.901449233968815,1,1.1170945507057781,0.9998977739956291,3.516712275403347,1.322262882941846,1.5778980687370643
93,DDM,time_scaling_t0,wide,DEoptim,345,0.7957229232475453,1,1.901449233968815,1,1.1170945507057781,0.9998977739956291,3.516712275403347,1.322262882941846,1.5778980687370643
93,DDM,time_scaling_t0,wide,DEoptim,346,0.7957229232475453,1,1.901449233968815,1,1.1170945507057781,0.9998977739956291,3.516712275403347,1.322262882941846,1.5778980687370643
93,DDM,time_scaling_t0,wide,DEoptim,347,0.7957229232475453,1,1.901449233968815,1,1.1170945507057781,0.9998977739956291,3.516712275403347,1.322262882941846,1.5778980687370643
93,DDM,time_scaling_t0,wide,DEoptim,348,0.7957229232475453,1,1.901449233968815,1,1.1170945507057781,0.9998977739956291,3.516712275403347,1.322262882941846,1.5778980687370643
93,DDM,time_scaling_t0,wide,DEoptim,349,0.7957229232475453,1,1.901449233968815,1,1.1170945507057781,0.9998977739956291,3.4271117530921096,1.3315081840817122,1.5778980687370643
93,DDM,time_scaling_t0,wide,DEoptim,350,0.7957229232475453,1,1.901449233968815,1,1.1170945507057781,0.9998977739956291,3.4271117530921096,1.3315081840817122,1.5778980687370643
93,DDM,time_scaling_t0,wide,DEoptim,351,0.7957229232475453,1,1.901449233968815,1,1.1170945507057781,0.9998977739956291,3.4271117530921096,1.3315081840817122,1.5778980687370643
93,DDM,time_scaling_t0,wide,DEoptim,352,0.7957229232475453,1,1.901449233968815,1,1.1170945507057781,0.9998977739956291,3.4271117530921096,1.3315081840817122,1.5778980687370643
93,DDM,time_scaling_t0,wide,DEoptim,353,0.7919724201809161,1,1.901449233968815,1,1.1170945507057781,0.9998977739956291,3.4271117530921096,1.3315081840817122,1.5798336031089466
93,DDM,time_scaling_t0,wide,DEoptim,354,0.7919724201809161,1,1.901449233968815,1,1.1170945507057781,0.9998977739956291,3.4271117530921096,1.3315081840817122,1.5798336031089466
93,DDM,time_scaling_t0,wide,DEoptim,355,0.7919724201809161,1,1.901449233968815,1,1.1170945507057781,0.9998977739956291,3.4271117530921096,1.3315081840817122,1.5798336031089466
93,DDM,time_scaling_t0,wide,DEoptim,356,0.7919724201809161,1,1.901449233968815,1,1.1170945507057781,0.9998977739956291,3.4271117530921096,1.3315081840817122,1.5798336031089466
93,DDM,time_scaling_t0,wide,DEoptim,357,0.7919724201809161,1,1.901449233968815,1,1.1170945507057781,0.9998977739956291,3.4271117530921096,1.3315081840817122,1.5798336031089466
93,DDM,time_scaling_t0,wide,DEoptim,358,0.7919724201809161,1,1.901449233968815,1,1.1170945507057781,0.9998977739956291,3.4271117530921096,1.3315081840817122,1.5798336031089466
93,DDM,time_scaling_t0,wide,DEoptim,359,0.7919724201809161,1,1.901449233968815,1,1.1170945507057781,0.9998977739956291,3.4271117530921096,1.3315081840817122,1.5798336031089466
93,DDM,time_scaling_t0,wide,DEoptim,360,0.7919724201809161,1,1.901449233968815,1,1.1170945507057781,0.9998977739956291,3.4271117530921096,1.3315081840817122,1.5798336031089466
93,DDM,time_scaling_t0,wide,DEoptim,361,0.7919724201809161,1,1.901449233968815,1,1.1170945507057781,0.9998977739956291,3.4271117530921096,1.3315081840817122,1.5798336031089466
93,DDM,time_scaling_t0,wide,DEoptim,362,0.7919724201809161,1,1.901449233968815,1,1.1170945507057781,0.9998977739956291,3.4271117530921096,1.3315081840817122,1.5798336031089466
93,DDM,time_scaling_t0,wide,DEoptim,363,0.7919724201809161,1,1.901449233968815,1,1.1170945507057781,0.9998977739956291,3.4271117530921096,1.3315081840817122,1.5798336031089466
93,DDM,time_scaling_t0,wide,DEoptim,364,0.7919724201809161,1,1.901449233968815,1,1.1170945507057781,0.9998977739956291,3.4271117530921096,1.3315081840817122,1.5798336031089466
93,DDM,time_scaling_t0,wide,DEoptim,365,0.7919724201809161,1,1.901449233968815,1,1.1170945507057781,0.9998977739956291,3.4271117530921096,1.3315081840817122,1.5798336031089466
93,DDM,time_scaling_t0,wide,DEoptim,366,0.7919724201809161,1,1.901449233968815,1,1.1170945507057781,0.9998977739956291,3.4271117530921096,1.3315081840817122,1.5798336031089466
93,DDM,time_scaling_t0,wide,DEoptim,367,0.7919724201809161,1,1.901449233968815,1,1.1170945507057781,0.9998977739956291,3.4271117530921096,1.3315081840817122,1.5798336031089466
93,DDM,time_scaling_t0,wide,DEoptim,368,0.7919724201809161,1,1.901449233968815,1,1.1170945507057781,0.9998977739956291,3.445028942958043,1.3315081840817122,1.5798336031089466
93,DDM,time_scaling_t0,wide,DEoptim,369,0.7919724201809161,1,1.901449233968815,1,1.1170945507057781,0.9998977739956291,3.445028942958043,1.3315081840817122,1.5798336031089466
93,DDM,time_scaling_t0,wide,DEoptim,370,0.7919724201809161,1,1.901449233968815,1,1.1170945507057781,0.9998977739956291,3.445028942958043,1.3315081840817122,1.5798336031089466
93,DDM,time_scaling_t0,wide,DEoptim,371,0.7919724201809161,1,1.901449233968815,1,1.1170945507057781,0.9998977739956291,3.445028942958043,1.3315081840817122,1.5798336031089466
93,DDM,time_scaling_t0,wide,DEoptim,372,0.7919724201809161,1,1.901449233968815,1,1.1170945507057781,0.9998977739956291,3.445028942958043,1.3315081840817122,1.5798336031089466
93,DDM,time_scaling_t0,wide,DEoptim,373,0.7919724201809161,1,1.901449233968815,1,1.1170945507057781,0.9998977739956291,3.445028942958043,1.3315081840817122,1.5798336031089466
93,DDM,time_scaling_t0,wide,DEoptim,374,0.7919724201809161,1,1.901449233968815,1,1.1170945507057781,0.9998977739956291,3.445028942958043,1.3315081840817122,1.5798336031089466
93,DDM,time_scaling_t0,wide,DEoptim,375,0.7919724201809161,1,1.901449233968815,1,1.1170945507057781,0.9998977739956291,3.445028942958043,1.3315081840817122,1.5798336031089466
93,DDM,time_scaling_t0,wide,DEoptim,376,0.7919724201809161,1,1.901449233968815,1,1.1170945507057781,0.9998977739956291,3.445028942958043,1.3315081840817122,1.5798336031089466
93,DDM,time_scaling_t0,wide,DEoptim,377,0.7919724201809161,1,1.901449233968815,1,1.1170945507057781,0.9998977739956291,3.445028942958043,1.3315081840817122,1.5798336031089466
93,DDM,time_scaling_t0,wide,DEoptim,378,0.7919724201809161,1,1.901449233968815,1,1.1170945507057781,0.9998977739956291,3.445028942958043,1.3315081840817122,1.5798336031089466
93,DDM,time_scaling_t0,wide,DEoptim,379,0.7919724201809161,1,1.901449233968815,1,1.1170945507057781,0.9998977739956291,3.445028942958043,1.3315081840817122,1.5798336031089466
93,DDM,time_scaling_t0,wide,DEoptim,380,0.7919724201809161,1,1.901449233968815,1,1.1170945507057781,0.9998977739956291,3.445028942958043,1.3315081840817122,1.5798336031089466
93,DDM,time_scaling_t0,wide,DEoptim,381,0.7919724201809161,1,1.901449233968815,1,1.1170945507057781,0.9998977739956291,3.445028942958043,1.3315081840817122,1.5798336031089466
93,DDM,time_scaling_t0,wide,DEoptim,382,0.7919724201809161,1,1.901449233968815,1,1.1170945507057781,0.9998977739956291,3.445028942958043,1.3315081840817122,1.5798336031089466
93,DDM,time_scaling_t0,wide,DEoptim,383,0.7919724201809161,1,1.901449233968815,1,1.1170945507057781,0.9998977739956291,3.445028942958043,1.3315081840817122,1.5798336031089466
93,DDM,time_scaling_t0,wide,DEoptim,384,0.7919724201809161,1,1.901449233968815,1,1.1170945507057781,0.9998977739956291,3.445028942958043,1.3315081840817122,1.5798336031089466
93,DDM,time_scaling_t0,wide,DEoptim,385,0.7919724201809161,1,1.901449233968815,1,1.1170945507057781,0.9998977739956291,3.445028942958043,1.3315081840817122,1.5798336031089466
93,DDM,time_scaling_t0,wide,DEoptim,386,0.7919724201809161,1,1.901449233968815,1,1.1170945507057781,0.9998977739956291,3.445028942958043,1.3315081840817122,1.5798336031089466
93,DDM,time_scaling_t0,wide,DEoptim,387,0.7919724201809161,1,1.901449233968815,1,1.1170945507057781,0.9998977739956291,3.445028942958043,1.3315081840817122,1.5798336031089466
93,DDM,time_scaling_t0,wide,DEoptim,388,0.7919724201809161,1,1.901449233968815,1,1.1170945507057781,0.9998977739956291,3.445028942958043,1.3315081840817122,1.5798336031089466
93,DDM,time_scaling_t0,wide,DEoptim,389,0.7919724201809161,1,1.901449233968815,1,1.1170945507057781,0.9998977739956291,3.445028942958043,1.3315081840817122,1.5798336031089466
93,DDM,time_scaling_t0,wide,DEoptim,390,0.7919724201809161,1,1.901449233968815,1,1.1170945507057781,0.9998977739956291,3.445028942958043,1.3315081840817122,1.5798336031089466
93,DDM,time_scaling_t0,wide,DEoptim,391,0.7919724201809161,1,1.901449233968815,1,1.1170945507057781,0.9998977739956291,3.445028942958043,1.3315081840817122,1.5798336031089466
93,DDM,time_scaling_t0,wide,DEoptim,392,0.7919724201809161,1,1.901449233968815,1,1.1170945507057781,0.9998977739956291,3.445028942958043,1.3315081840817122,1.5798336031089466
93,DDM,time_scaling_t0,wide,DEoptim,393,0.7919724201809161,1,1.901449233968815,1,1.1170945507057781,0.9998977739956291,3.445028942958043,1.3315081840817122,1.5798336031089466
93,DDM,time_scaling_t0,wide,DEoptim,394,0.7919724201809161,1,1.901449233968815,1,1.1170945507057781,0.9998977739956291,3.445028942958043,1.3315081840817122,1.5798336031089466
93,DDM,time_scaling_t0,wide,DEoptim,395,0.7919724201809161,1,1.901449233968815,1,1.1170945507057781,0.9998977739956291,3.445028942958043,1.3315081840817122,1.5798336031089466
93,DDM,time_scaling_t0,wide,DEoptim,396,0.7919724201809161,1,1.901449233968815,1,1.1170945507057781,0.9998977739956291,3.445028942958043,1.3315081840817122,1.5798336031089466
93,DDM,time_scaling_t0,wide,DEoptim,397,0.7919724201809161,1,1.901449233968815,1,1.1170945507057781,0.9998977739956291,3.445028942958043,1.3315081840817122,1.5798336031089466
93,DDM,time_scaling_t0,wide,DEoptim,398,0.7919724201809161,1,1.901449233968815,1,1.1170945507057781,0.9998977739956291,3.445028942958043,1.3315081840817122,1.5798336031089466
93,DDM,time_scaling_t0,wide,DEoptim,399,0.7919724201809161,1,1.901449233968815,1,1.1170945507057781,0.9998977739956291,3.445028942958043,1.3315081840817122,1.5798336031089466
93,DDM,time_scaling_t0,wide,DEoptim,400,0.7919724201809161,1,1.901449233968815,1,1.1170945507057781,0.9998977739956291,3.445028942958043,1.3315081840817122,1.5798336031089466
93,DDM,time_scaling_t0,wide,DEoptim,401,0.7919724201809161,1,1.901449233968815,1,1.1170945507057781,0.9998977739956291,3.445028942958043,1.3315081840817122,1.5798336031089466
93,DDM,time_scaling_t0,wide,DEoptim,402,0.7919724201809161,1,1.901449233968815,1,1.1170945507057781,0.9998977739956291,3.445028942958043,1.3315081840817122,1.5798336031089466
93,DDM,time_scaling_t0,wide,DEoptim,403,0.7919724201809161,1,1.901449233968815,1,1.1170945507057781,0.9998977739956291,3.445028942958043,1.3315081840817122,1.5798336031089466
93,DDM,time_scaling_t0,wide,DEoptim,404,0.7919724201809161,1,1.901449233968815,1,1.1170945507057781,0.9998977739956291,3.445028942958043,1.3315081840817122,1.5798336031089466
93,DDM,time_scaling_t0,wide,DEoptim,405,0.7919724201809161,1,1.901449233968815,1,1.1170945507057781,0.9998977739956291,3.445028942958043,1.3315081840817122,1.5798336031089466
93,DDM,time_scaling_t0,wide,DEoptim,406,0.7919724201809161,1,1.901449233968815,1,1.1170945507057781,0.9998977739956291,3.445028942958043,1.3315081840817122,1.5798336031089466
93,DDM,time_scaling_t0,wide,DEoptim,407,0.7919724201809161,1,1.901449233968815,1,1.1170945507057781,0.9998977739956291,3.445028942958043,1.3315081840817122,1.5798336031089466
93,DDM,time_scaling_t0,wide,DEoptim,408,0.7919724201809161,1,1.901449233968815,1,1.1170945507057781,0.9998977739956291,3.445028942958043,1.3315081840817122,1.5798336031089466
93,DDM,time_scaling_t0,wide,DEoptim,409,0.7919724201809161,1,1.901449233968815,1,1.1170945507057781,0.9998977739956291,3.445028942958043,1.3315081840817122,1.5798336031089466
93,DDM,time_scaling_t0,wide,DEoptim,410,0.7919724201809161,1,1.901449233968815,1,1.1170945507057781,0.9998977739956291,3.445028942958043,1.3315081840817122,1.5798336031089466
93,DDM,time_scaling_t0,wide,DEoptim,411,0.7919724201809161,1,1.901449233968815,1,1.1170945507057781,0.9998977739956291,3.445028942958043,1.3315081840817122,1.5798336031089466
93,DDM,time_scaling_t0,wide,DEoptim,412,0.7919724201809161,1,1.901449233968815,1,1.1170945507057781,0.9998977739956291,3.445028942958043,1.3315081840817122,1.5798336031089466
93,DDM,time_scaling_t0,wide,DEoptim,413,0.7919724201809161,1,1.901449233968815,1,1.1170945507057781,0.9998977739956291,3.445028942958043,1.3315081840817122,1.5798336031089466
93,DDM,time_scaling_t0,wide,DEoptim,414,0.7919724201809161,1,1.901449233968815,1,1.1170945507057781,0.9998977739956291,3.445028942958043,1.3315081840817122,1.5798336031089466
93,DDM,time_scaling_t0,wide,DEoptim,415,0.7919724201809161,1,1.901449233968815,1,1.1170945507057781,0.9998977739956291,3.445028942958043,1.3315081840817122,1.5798336031089466
93,DDM,time_scaling_t0,wide,DEoptim,416,0.7919724201809161,1,1.901449233968815,1,1.1170945507057781,0.9998977739956291,3.445028942958043,1.3315081840817122,1.5798336031089466
93,DDM,time_scaling_t0,wide,DEoptim,417,0.7919724201809161,1,1.901449233968815,1,1.1170945507057781,0.9998977739956291,3.445028942958043,1.3315081840817122,1.5798336031089466
93,DDM,time_scaling_t0,wide,DEoptim,418,0.7919724201809161,1,1.901449233968815,1,1.1170945507057781,0.9998977739956291,3.445028942958043,1.3315081840817122,1.5798336031089466
93,DDM,time_scaling_t0,wide,DEoptim,419,0.7919724201809161,1,1.901449233968815,1,1.1170945507057781,0.9998977739956291,3.445028942958043,1.3315081840817122,1.5798336031089466
93,DDM,time_scaling_t0,wide,DEoptim,420,0.7919724201809161,1,1.901449233968815,1,1.1170945507057781,0.9998977739956291,3.445028942958043,1.3315081840817122,1.5798336031089466
93,DDM,time_scaling_t0,wide,DEoptim,421,0.7919724201809161,1,1.901449233968815,1,1.1170945507057781,0.9998977739956291,3.445028942958043,1.3315081840817122,1.5798336031089466
93,DDM,time_scaling_t0,wide,DEoptim,422,0.7919724201809161,1,1.901449233968815,1,1.1170945507057781,0.9998977739956291,3.445028942958043,1.3315081840817122,1.5798336031089466
93,DDM,time_scaling_t0,wide,DEoptim,423,0.7919724201809161,1,1.901449233968815,1,1.1170945507057781,0.9998977739956291,3.445028942958043,1.3315081840817122,1.5798336031089466
93,DDM,time_scaling_t0,wide,DEoptim,424,0.7919724201809161,1,1.901449233968815,1,1.1170945507057781,0.9998977739956291,3.445028942958043,1.3315081840817122,1.5798336031089466
93,DDM,time_scaling_t0,wide,DEoptim,425,0.7919724201809161,1,1.901449233968815,1,1.1170945507057781,0.9998977739956291,3.445028942958043,1.3315081840817122,1.5798336031089466
93,DDM,time_scaling_t0,wide,DEoptim,426,0.7919724201809161,1,1.901449233968815,1,1.1170945507057781,0.9998977739956291,3.445028942958043,1.3315081840817122,1.5798336031089466
93,DDM,time_scaling_t0,wide,DEoptim,427,0.7919724201809161,1,1.901449233968815,1,1.1170945507057781,0.9998977739956291,3.445028942958043,1.3315081840817122,1.5798336031089466
93,DDM,time_scaling_t0,wide,DEoptim,428,0.7919724201809161,1,1.901449233968815,1,1.1170945507057781,0.9998977739956291,3.445028942958043,1.3315081840817122,1.5798336031089466
93,DDM,time_scaling_t0,wide,DEoptim,429,0.7919724201809161,1,1.901449233968815,1,1.1170945507057781,0.9998977739956291,3.445028942958043,1.3315081840817122,1.5798336031089466
93,DDM,time_scaling_t0,wide,DEoptim,430,0.7919724201809161,1,1.901449233968815,1,1.1170945507057781,0.9998977739956291,3.445028942958043,1.3315081840817122,1.5798336031089466
93,DDM,time_scaling_t0,wide,DEoptim,431,0.7919724201809161,1,1.901449233968815,1,1.1170945507057781,0.9998977739956291,3.445028942958043,1.3315081840817122,1.5798336031089466
93,DDM,time_scaling_t0,wide,DEoptim,432,0.7919724201809161,1,1.901449233968815,1,1.1170945507057781,0.9998977739956291,3.445028942958043,1.3315081840817122,1.5798336031089466
93,DDM,time_scaling_t0,wide,DEoptim,433,0.7919724201809161,1,1.901449233968815,1,1.1170945507057781,0.9998977739956291,3.445028942958043,1.3315081840817122,1.5798336031089466
93,DDM,time_scaling_t0,wide,DEoptim,434,0.7919724201809161,1,1.901449233968815,1,1.1170945507057781,0.9998977739956291,3.445028942958043,1.3315081840817122,1.5798336031089466
93,DDM,time_scaling_t0,wide,DEoptim,435,0.7919724201809161,1,1.901449233968815,1,1.1170945507057781,0.9998977739956291,3.445028942958043,1.3315081840817122,1.5798336031089466
93,DDM,time_scaling_t0,wide,DEoptim,436,0.7919724201809161,1,1.901449233968815,1,1.1170945507057781,0.9998977739956291,3.445028942958043,1.3315081840817122,1.5798336031089466
93,DDM,time_scaling_t0,wide,DEoptim,437,0.7919724201809161,1,1.901449233968815,1,1.1170945507057781,0.9998977739956291,3.445028942958043,1.3315081840817122,1.5798336031089466
93,DDM,time_scaling_t0,wide,DEoptim,438,0.7919724201809161,1,1.901449233968815,1,1.1170945507057781,0.9998977739956291,3.445028942958043,1.3315081840817122,1.5798336031089466
93,DDM,time_scaling_t0,wide,DEoptim,439,0.7919724201809161,1,1.901449233968815,1,1.1170945507057781,0.9998977739956291,3.445028942958043,1.3315081840817122,1.5798336031089466
93,DDM,time_scaling_t0,wide,DEoptim,440,0.7919724201809161,1,1.901449233968815,1,1.1170945507057781,0.9998977739956291,3.445028942958043,1.3315081840817122,1.5798336031089466
93,DDM,time_scaling_t0,wide,DEoptim,441,0.7919724201809161,1,1.901449233968815,1,1.1170945507057781,0.9998977739956291,3.445028942958043,1.3315081840817122,1.5798336031089466
93,DDM,time_scaling_t0,wide,DEoptim,442,0.7919724201809161,1,1.901449233968815,1,1.1170945507057781,0.9998977739956291,3.445028942958043,1.3315081840817122,1.5798336031089466
93,DDM,time_scaling_t0,wide,DEoptim,443,0.7919724201809161,1,1.901449233968815,1,1.1170945507057781,0.9998977739956291,3.445028942958043,1.3315081840817122,1.5798336031089466
93,DDM,time_scaling_t0,wide,DEoptim,444,0.7919724201809161,1,1.901449233968815,1,1.1170945507057781,0.9998977739956291,3.445028942958043,1.3315081840817122,1.5798336031089466
93,DDM,time_scaling_t0,wide,DEoptim,445,0.7919724201809161,1,1.901449233968815,1,1.1170945507057781,0.9998977739956291,3.445028942958043,1.3315081840817122,1.5798336031089466
93,DDM,time_scaling_t0,wide,DEoptim,446,0.7919724201809161,1,1.901449233968815,1,1.1170945507057781,0.9998977739956291,3.445028942958043,1.3315081840817122,1.5798336031089466
93,DDM,time_scaling_t0,wide,DEoptim,447,0.7919724201809161,1,1.901449233968815,1,1.1170945507057781,0.9998977739956291,3.445028942958043,1.3315081840817122,1.5798336031089466
93,DDM,time_scaling_t0,wide,DEoptim,448,0.7919724201809161,1,1.901449233968815,1,1.1170945507057781,0.9998977739956291,3.445028942958043,1.3315081840817122,1.5798336031089466
93,DDM,time_scaling_t0,wide,DEoptim,449,0.7919724201809161,1,1.901449233968815,1,1.1170945507057781,0.9998977739956291,3.445028942958043,1.3315081840817122,1.5798336031089466
93,DDM,time_scaling_t0,wide,DEoptim,450,0.7919724201809161,1,1.901449233968815,1,1.1170945507057781,0.9998977739956291,3.445028942958043,1.3315081840817122,1.5798336031089466
93,DDM,time_scaling_t0,wide,DEoptim,451,0.7919724201809161,1,1.901449233968815,1,1.1170945507057781,0.9998977739956291,3.445028942958043,1.3315081840817122,1.5798336031089466
93,DDM,time_scaling_t0,wide,DEoptim,452,0.7919724201809161,1,1.901449233968815,1,1.1170945507057781,0.9998977739956291,3.445028942958043,1.3315081840817122,1.5798336031089466
93,DDM,time_scaling_t0,wide,DEoptim,453,0.7919724201809161,1,1.901449233968815,1,1.1170945507057781,0.9998977739956291,3.445028942958043,1.3315081840817122,1.5798336031089466
93,DDM,time_scaling_t0,wide,DEoptim,454,0.7919724201809161,1,1.901449233968815,1,1.1170945507057781,0.9998977739956291,3.445028942958043,1.3315081840817122,1.5798336031089466
93,DDM,time_scaling_t0,wide,DEoptim,455,0.7919724201809161,1,1.901449233968815,1,1.1170945507057781,0.9998977739956291,3.445028942958043,1.3315081840817122,1.5798336031089466
93,DDM,time_scaling_t0,wide,DEoptim,456,0.7919724201809161,1,1.901449233968815,1,1.1170945507057781,0.9998977739956291,3.445028942958043,1.3315081840817122,1.5798336031089466
93,DDM,time_scaling_t0,wide,DEoptim,457,0.7919724201809161,1,1.901449233968815,1,1.1170945507057781,0.9998977739956291,3.445028942958043,1.3315081840817122,1.5798336031089466
93,DDM,time_scaling_t0,wide,DEoptim,458,0.7919724201809161,1,1.901449233968815,1,1.1170945507057781,0.9998977739956291,3.445028942958043,1.3315081840817122,1.5798336031089466
93,DDM,time_scaling_t0,wide,DEoptim,459,0.7919724201809161,1,1.901449233968815,1,1.1170945507057781,0.9998977739956291,3.445028942958043,1.3315081840817122,1.5798336031089466
93,DDM,time_scaling_t0,wide,DEoptim,460,0.7919724201809161,1,1.901449233968815,1,1.1170945507057781,0.9998977739956291,3.445028942958043,1.3315081840817122,1.5798336031089466
93,DDM,time_scaling_t0,wide,DEoptim,461,0.7919724201809161,1,1.901449233968815,1,1.1170945507057781,0.9998977739956291,3.445028942958043,1.3315081840817122,1.5798336031089466
93,DDM,time_scaling_t0,wide,DEoptim,462,0.7919724201809161,1,1.901449233968815,1,1.1170945507057781,0.9998977739956291,3.445028942958043,1.3315081840817122,1.5798336031089466
93,DDM,time_scaling_t0,wide,DEoptim,463,0.7919724201809161,1,1.901449233968815,1,1.1170945507057781,0.9998977739956291,3.445028942958043,1.3315081840817122,1.5798336031089466
93,DDM,time_scaling_t0,wide,DEoptim,464,0.7919724201809161,1,1.901449233968815,1,1.1170945507057781,0.9998977739956291,3.445028942958043,1.3315081840817122,1.5798336031089466
93,DDM,time_scaling_t0,wide,DEoptim,465,0.7919724201809161,1,1.901449233968815,1,1.1170945507057781,0.9998977739956291,3.445028942958043,1.3315081840817122,1.5798336031089466
93,DDM,time_scaling_t0,wide,DEoptim,466,0.7919724201809161,1,1.901449233968815,1,1.1170945507057781,0.9998977739956291,3.445028942958043,1.3315081840817122,1.5798336031089466
93,DDM,time_scaling_t0,wide,DEoptim,467,0.7919724201809161,1,1.901449233968815,1,1.1170945507057781,0.9998977739956291,3.445028942958043,1.3315081840817122,1.5798336031089466
93,DDM,time_scaling_t0,wide,DEoptim,468,0.7919724201809161,1,1.901449233968815,1,1.1170945507057781,0.9998977739956291,3.445028942958043,1.3315081840817122,1.5798336031089466
93,DDM,time_scaling_t0,wide,DEoptim,469,0.7919724201809161,1,1.901449233968815,1,1.1170945507057781,0.9998977739956291,3.445028942958043,1.3315081840817122,1.5798336031089466
93,DDM,time_scaling_t0,wide,DEoptim,470,0.7919724201809161,1,1.901449233968815,1,1.1170945507057781,0.9998977739956291,3.445028942958043,1.3315081840817122,1.5798336031089466
93,DDM,time_scaling_t0,wide,DEoptim,471,0.7919724201809161,1,1.901449233968815,1,1.1170945507057781,0.9998977739956291,3.445028942958043,1.3315081840817122,1.5798336031089466
93,DDM,time_scaling_t0,wide,DEoptim,472,0.7919724201809161,1,1.901449233968815,1,1.1170945507057781,0.9998977739956291,3.445028942958043,1.3315081840817122,1.5798336031089466
93,DDM,time_scaling_t0,wide,DEoptim,473,0.7919724201809161,1,1.901449233968815,1,1.1170945507057781,0.9998977739956291,3.445028942958043,1.3315081840817122,1.5798336031089466
93,DDM,time_scaling_t0,wide,DEoptim,474,0.7919724201809161,1,1.901449233968815,1,1.1170945507057781,0.9998977739956291,3.445028942958043,1.3315081840817122,1.5798336031089466
93,DDM,time_scaling_t0,wide,DEoptim,475,0.7919724201809161,1,1.901449233968815,1,1.1170945507057781,0.9998977739956291,3.445028942958043,1.3315081840817122,1.5798336031089466
93,DDM,time_scaling_t0,wide,DEoptim,476,0.7919724201809161,1,1.901449233968815,1,1.1170945507057781,0.9998977739956291,3.445028942958043,1.3315081840817122,1.5798336031089466
93,DDM,time_scaling_t0,wide,DEoptim,477,0.7919724201809161,1,1.901449233968815,1,1.1170945507057781,0.9998977739956291,3.445028942958043,1.3315081840817122,1.5798336031089466
93,DDM,time_scaling_t0,wide,DEoptim,478,0.7919724201809161,1,1.901449233968815,1,1.1170945507057781,0.9998977739956291,3.445028942958043,1.3315081840817122,1.5798336031089466
93,DDM,time_scaling_t0,wide,DEoptim,479,0.7919724201809161,1,1.901449233968815,1,1.1170945507057781,0.9998977739956291,3.445028942958043,1.3315081840817122,1.5798336031089466
93,DDM,time_scaling_t0,wide,DEoptim,480,0.7919724201809161,1,1.901449233968815,1,1.1170945507057781,0.9998977739956291,3.445028942958043,1.3315081840817122,1.5798336031089466
93,DDM,time_scaling_t0,wide,DEoptim,481,0.7919724201809161,1,1.901449233968815,1,1.1170945507057781,0.9998977739956291,3.445028942958043,1.3315081840817122,1.5798336031089466
93,DDM,time_scaling_t0,wide,DEoptim,482,0.7919724201809161,1,1.901449233968815,1,1.1170945507057781,0.9998977739956291,3.445028942958043,1.3315081840817122,1.5798336031089466
93,DDM,time_scaling_t0,wide,DEoptim,483,0.7919724201809161,1,1.901449233968815,1,1.1170945507057781,0.9998977739956291,3.445028942958043,1.3315081840817122,1.5798336031089466
93,DDM,time_scaling_t0,wide,DEoptim,484,0.7919724201809161,1,1.901449233968815,1,1.1170945507057781,0.9998977739956291,3.445028942958043,1.3315081840817122,1.5798336031089466
93,DDM,time_scaling_t0,wide,DEoptim,485,0.7919724201809161,1,1.901449233968815,1,1.1170945507057781,0.9998977739956291,3.445028942958043,1.3315081840817122,1.5798336031089466
93,DDM,time_scaling_t0,wide,DEoptim,486,0.7919724201809161,1,1.901449233968815,1,1.1170945507057781,0.9998977739956291,3.445028942958043,1.3315081840817122,1.5798336031089466
93,DDM,time_scaling_t0,wide,DEoptim,487,0.7919724201809161,1,1.901449233968815,1,1.1170945507057781,0.9998977739956291,3.445028942958043,1.3315081840817122,1.5798336031089466
93,DDM,time_scaling_t0,wide,DEoptim,488,0.7919724201809161,1,1.901449233968815,1,1.1170945507057781,0.9998977739956291,3.445028942958043,1.3315081840817122,1.5798336031089466
93,DDM,time_scaling_t0,wide,DEoptim,489,0.7919724201809161,1,1.901449233968815,1,1.1170945507057781,0.9998977739956291,3.445028942958043,1.3315081840817122,1.5798336031089466
93,DDM,time_scaling_t0,wide,DEoptim,490,0.7919724201809161,1,1.901449233968815,1,1.1170945507057781,0.9998977739956291,3.445028942958043,1.3315081840817122,1.5798336031089466
93,DDM,time_scaling_t0,wide,DEoptim,491,0.7919724201809161,1,1.901449233968815,1,1.1170945507057781,0.9998977739956291,3.445028942958043,1.3315081840817122,1.5798336031089466
93,DDM,time_scaling_t0,wide,DEoptim,492,0.7919724201809161,1,1.901449233968815,1,1.1170945507057781,0.9998977739956291,3.445028942958043,1.3315081840817122,1.5798336031089466
93,DDM,time_scaling_t0,wide,DEoptim,493,0.7919724201809161,1,1.901449233968815,1,1.1170945507057781,0.9998977739956291,3.445028942958043,1.3315081840817122,1.5798336031089466
93,DDM,time_scaling_t0,wide,DEoptim,494,0.7919724201809161,1,1.901449233968815,1,1.1170945507057781,0.9998977739956291,3.445028942958043,1.3315081840817122,1.5798336031089466
93,DDM,time_scaling_t0,wide,DEoptim,495,0.7919724201809161,1,1.901449233968815,1,1.1170945507057781,0.9998977739956291,3.445028942958043,1.3315081840817122,1.5798336031089466
93,DDM,time_scaling_t0,wide,DEoptim,496,0.7919724201809161,1,1.901449233968815,1,1.1170945507057781,0.9998977739956291,3.445028942958043,1.3315081840817122,1.5798336031089466
93,DDM,time_scaling_t0,wide,DEoptim,497,0.7919724201809161,1,1.901449233968815,1,1.1170945507057781,0.9998977739956291,3.445028942958043,1.3315081840817122,1.5798336031089466
93,DDM,time_scaling_t0,wide,DEoptim,498,0.7919724201809161,1,1.901449233968815,1,1.1170945507057781,0.9998977739956291,3.445028942958043,1.3315081840817122,1.5798336031089466
93,DDM,time_scaling_t0,wide,DEoptim,499,0.7919724201809161,1,1.901449233968815,1,1.1170945507057781,0.9998977739956291,3.445028942958043,1.3315081840817122,1.5798336031089466
93,DDM,time_scaling_t0,wide,DEoptim,500,0.7919724201809161,1,1.901449233968815,1,1.1170945507057781,0.9998977739956291,3.445028942958043,1.3315081840817122,1.5798336031089466
93,DDM,time_scaling_t0,wide,DEoptim,501,0.7919724201809161,1,1.901449233968815,1,1.1170945507057781,0.9998977739956291,3.445028942958043,1.3315081840817122,1.5798336031089466
93,DDM,time_scaling_t0,wide,DEoptim,502,0.7919724201809161,1,1.901449233968815,1,1.1170945507057781,0.9998977739956291,3.445028942958043,1.3315081840817122,1.5798336031089466
93,DDM,time_scaling_t0,wide,DEoptim,503,0.7919724201809161,1,1.901449233968815,1,1.1170945507057781,0.9998977739956291,3.445028942958043,1.3315081840817122,1.5798336031089466
93,DDM,time_scaling_t0,wide,DEoptim,504,0.7919724201809161,1,1.901449233968815,1,1.1170945507057781,0.9998977739956291,3.445028942958043,1.3315081840817122,1.5798336031089466
93,DDM,time_scaling_t0,wide,DEoptim,505,0.7919724201809161,1,1.901449233968815,1,1.1170945507057781,0.9998977739956291,3.445028942958043,1.3315081840817122,1.5798336031089466
93,DDM,time_scaling_t0,wide,DEoptim,506,0.7919724201809161,1,1.901449233968815,1,1.1170945507057781,0.9998977739956291,3.445028942958043,1.3315081840817122,1.5798336031089466
93,DDM,time_scaling_t0,wide,DEoptim,507,0.7919724201809161,1,1.901449233968815,1,1.1170945507057781,0.9998977739956291,3.445028942958043,1.3315081840817122,1.5798336031089466
93,DDM,time_scaling_t0,wide,DEoptim,508,0.7919724201809161,1,1.901449233968815,1,1.1170945507057781,0.9998977739956291,3.445028942958043,1.3315081840817122,1.5798336031089466
93,DDM,time_scaling_t0,wide,DEoptim,509,0.7919724201809161,1,1.901449233968815,1,1.1170945507057781,0.9998977739956291,3.445028942958043,1.3315081840817122,1.5798336031089466
93,DDM,time_scaling_t0,wide,DEoptim,510,0.7919724201809161,1,1.901449233968815,1,1.1170945507057781,0.9998977739956291,3.445028942958043,1.3315081840817122,1.5798336031089466
93,DDM,time_scaling_t0,wide,DEoptim,511,0.7919724201809161,1,1.901449233968815,1,1.1170945507057781,0.9998977739956291,3.445028942958043,1.3315081840817122,1.5798336031089466
93,DDM,time_scaling_t0,wide,DEoptim,512,0.7919724201809161,1,1.901449233968815,1,1.1170945507057781,0.9998977739956291,3.445028942958043,1.3315081840817122,1.5798336031089466
93,DDM,time_scaling_t0,wide,DEoptim,513,0.7919724201809161,1,1.901449233968815,1,1.1170945507057781,0.9998977739956291,3.445028942958043,1.3315081840817122,1.5798336031089466
93,DDM,time_scaling_t0,wide,DEoptim,514,0.7919724201809161,1,1.901449233968815,1,1.1170945507057781,0.9998977739956291,3.445028942958043,1.3315081840817122,1.5798336031089466
93,DDM,time_scaling_t0,wide,DEoptim,515,0.7919724201809161,1,1.901449233968815,1,1.1170945507057781,0.9998977739956291,3.445028942958043,1.3315081840817122,1.5798336031089466
93,DDM,time_scaling_t0,wide,DEoptim,516,0.7919724201809161,1,1.901449233968815,1,1.1170945507057781,0.9998977739956291,3.445028942958043,1.3315081840817122,1.5798336031089466
93,DDM,time_scaling_t0,wide,DEoptim,517,0.7919724201809161,1,1.901449233968815,1,1.1170945507057781,0.9998977739956291,3.445028942958043,1.3315081840817122,1.5798336031089466
93,DDM,time_scaling_t0,wide,DEoptim,518,0.7919724201809161,1,1.901449233968815,1,1.1170945507057781,0.9998977739956291,3.445028942958043,1.3315081840817122,1.5798336031089466
93,DDM,time_scaling_t0,wide,DEoptim,519,0.7919724201809161,1,1.901449233968815,1,1.1170945507057781,0.9998977739956291,3.445028942958043,1.3315081840817122,1.5798336031089466
93,DDM,time_scaling_t0,wide,DEoptim,520,0.7919724201809161,1,1.901449233968815,1,1.1170945507057781,0.9998977739956291,3.445028942958043,1.3315081840817122,1.5798336031089466
93,DDM,time_scaling_t0,wide,DEoptim,521,0.7919724201809161,1,1.901449233968815,1,1.1170945507057781,0.9998977739956291,3.445028942958043,1.3315081840817122,1.5798336031089466
93,DDM,time_scaling_t0,wide,DEoptim,522,0.7919724201809161,1,1.901449233968815,1,1.1170945507057781,0.9998977739956291,3.445028942958043,1.3315081840817122,1.5798336031089466
93,DDM,time_scaling_t0,wide,DEoptim,523,0.7919724201809161,1,1.901449233968815,1,1.1170945507057781,0.9998977739956291,3.445028942958043,1.3315081840817122,1.5798336031089466
93,DDM,time_scaling_t0,wide,DEoptim,524,0.7919724201809161,1,1.901449233968815,1,1.1170945507057781,0.9998977739956291,3.445028942958043,1.3315081840817122,1.5798336031089466
93,DDM,time_scaling_t0,wide,DEoptim,525,0.7919724201809161,1,1.901449233968815,1,1.1170945507057781,0.9998977739956291,3.445028942958043,1.3315081840817122,1.5798336031089466
93,DDM,time_scaling_t0,wide,DEoptim,526,0.7919724201809161,1,1.901449233968815,1,1.1170945507057781,0.9998977739956291,3.445028942958043,1.3315081840817122,1.5798336031089466
93,DDM,time_scaling_t0,wide,DEoptim,527,0.7919724201809161,1,1.901449233968815,1,1.1170945507057781,0.9998977739956291,3.445028942958043,1.3315081840817122,1.5798336031089466
93,DDM,time_scaling_t0,wide,DEoptim,528,0.7919724201809161,1,1.901449233968815,1,1.1170945507057781,0.9998977739956291,3.445028942958043,1.3315081840817122,1.5798336031089466
93,DDM,time_scaling_t0,wide,DEoptim,529,0.7919724201809161,1,1.901449233968815,1,1.1170945507057781,0.9998977739956291,3.445028942958043,1.3315081840817122,1.5798336031089466
93,DDM,time_scaling_t0,wide,DEoptim,530,0.7919724201809161,1,1.901449233968815,1,1.1170945507057781,0.9998977739956291,3.445028942958043,1.3315081840817122,1.5798336031089466
93,DDM,time_scaling_t0,wide,DEoptim,531,0.7919724201809161,1,1.901449233968815,1,1.1170945507057781,0.9998977739956291,3.445028942958043,1.3315081840817122,1.5798336031089466
93,DDM,time_scaling_t0,wide,DEoptim,532,0.7919724201809161,1,1.901449233968815,1,1.1170945507057781,0.9998977739956291,3.445028942958043,1.3315081840817122,1.5798336031089466
93,DDM,time_scaling_t0,wide,DEoptim,533,0.7919724201809161,1,1.901449233968815,1,1.1170945507057781,0.9998977739956291,3.445028942958043,1.3315081840817122,1.5798336031089466
93,DDM,time_scaling_t0,wide,DEoptim,534,0.7919724201809161,1,1.901449233968815,1,1.1170945507057781,0.9998977739956291,3.445028942958043,1.3315081840817122,1.5798336031089466
93,DDM,time_scaling_t0,wide,DEoptim,535,0.7919724201809161,1,1.901449233968815,1,1.1170945507057781,0.9998977739956291,3.445028942958043,1.3315081840817122,1.5798336031089466
93,DDM,time_scaling_t0,wide,DEoptim,536,0.7919724201809161,1,1.901449233968815,1,1.1170945507057781,0.9998977739956291,3.445028942958043,1.3315081840817122,1.5798336031089466
93,DDM,time_scaling_t0,wide,DEoptim,537,0.7919724201809161,1,1.901449233968815,1,1.1170945507057781,0.9998977739956291,3.445028942958043,1.3315081840817122,1.5798336031089466
93,DDM,time_scaling_t0,wide,DEoptim,538,0.7919724201809161,1,1.901449233968815,1,1.1170945507057781,0.9998977739956291,3.445028942958043,1.3315081840817122,1.5798336031089466
93,DDM,time_scaling_t0,wide,DEoptim,539,0.7919724201809161,1,1.901449233968815,1,1.1170945507057781,0.9998977739956291,3.445028942958043,1.3315081840817122,1.5798336031089466
93,DDM,time_scaling_t0,wide,DEoptim,540,0.7919724201809161,1,1.901449233968815,1,1.1170945507057781,0.9998977739956291,3.445028942958043,1.3315081840817122,1.5798336031089466
93,DDM,time_scaling_t0,wide,DEoptim,541,0.7919724201809161,1,1.901449233968815,1,1.1170945507057781,0.9998977739956291,3.445028942958043,1.3315081840817122,1.5798336031089466
93,DDM,time_scaling_t0,wide,DEoptim,542,0.7919724201809161,1,1.901449233968815,1,1.1170945507057781,0.9998977739956291,3.445028942958043,1.3315081840817122,1.5798336031089466
93,DDM,time_scaling_t0,wide,DEoptim,543,0.7919724201809161,1,1.901449233968815,1,1.1170945507057781,0.9998977739956291,3.445028942958043,1.3315081840817122,1.5798336031089466
93,DDM,time_scaling_t0,wide,DEoptim,544,0.8024631982798639,1,1.7960048413108667,1,1.0915692696393848,0.9998054405727441,3.469953246315408,1.3278126345378365,1.5799065764663336
93,DDM,time_scaling_t0,wide,DEoptim,545,0.8024631982798639,1,1.7960048413108667,1,1.0915692696393848,0.9998054405727441,3.469953246315408,1.3278126345378365,1.5799065764663336
93,DDM,time_scaling_t0,wide,DEoptim,546,0.8024631982798639,1,1.7960048413108667,1,1.0915692696393848,0.9998054405727441,3.469953246315408,1.3278126345378365,1.5799065764663336
93,DDM,time_scaling_t0,wide,DEoptim,547,0.8024631982798639,1,1.7960048413108667,1,1.0915692696393848,0.9998054405727441,3.469953246315408,1.3278126345378365,1.5799065764663336
93,DDM,time_scaling_t0,wide,DEoptim,548,0.8024631982798639,1,1.7960048413108667,1,1.0915692696393848,0.9998054405727441,3.469953246315408,1.3278126345378365,1.5799065764663336
93,DDM,time_scaling_t0,wide,DEoptim,549,0.8024631982798639,1,1.7960048413108667,1,1.0915692696393848,0.9998054405727441,3.469953246315408,1.3278126345378365,1.5799065764663336
93,DDM,time_scaling_t0,wide,DEoptim,550,0.8024631982798639,1,1.7960048413108667,1,1.0915692696393848,0.9998054405727441,3.469953246315408,1.3278126345378365,1.5799065764663336
93,DDM,time_scaling_t0,wide,DEoptim,551,0.8024631982798639,1,1.7960048413108667,1,1.0915692696393848,0.9998054405727441,3.469953246315408,1.3278126345378365,1.5799065764663336
93,DDM,time_scaling_t0,wide,DEoptim,552,0.8024631982798639,1,1.7960048413108667,1,1.0915692696393848,0.9998054405727441,3.469953246315408,1.3278126345378365,1.5799065764663336
93,DDM,time_scaling_t0,wide,DEoptim,553,0.8024631982798639,1,1.7960048413108667,1,1.0915692696393848,0.9998054405727441,3.469953246315408,1.3278126345378365,1.5799065764663336
93,DDM,time_scaling_t0,wide,DEoptim,554,0.7919724201809161,1,1.901449233968815,1,1.1170945507057781,0.9998977739956291,3.445028942958043,1.3285606715154388,1.5798336031089466
93,DDM,time_scaling_t0,wide,DEoptim,555,0.7919724201809161,1,1.901449233968815,1,1.1170945507057781,0.9998977739956291,3.445028942958043,1.3285606715154388,1.5798336031089466
93,DDM,time_scaling_t0,wide,DEoptim,556,0.7919724201809161,1,1.901449233968815,1,1.1170945507057781,0.9998977739956291,3.445028942958043,1.3285606715154388,1.5798336031089466
93,DDM,time_scaling_t0,wide,DEoptim,557,0.7919724201809161,1,1.901449233968815,1,1.1170945507057781,0.9998977739956291,3.445028942958043,1.3285606715154388,1.5798336031089466
93,DDM,time_scaling_t0,wide,DEoptim,558,0.7919724201809161,1,1.901449233968815,1,1.1170945507057781,0.9998977739956291,3.445028942958043,1.3285606715154388,1.5798336031089466
93,DDM,time_scaling_t0,wide,DEoptim,559,0.7919724201809161,1,1.901449233968815,1,1.1170945507057781,0.9998977739956291,3.445028942958043,1.3285606715154388,1.5798336031089466
93,DDM,time_scaling_t0,wide,DEoptim,560,0.7919724201809161,1,1.901449233968815,1,1.1170945507057781,0.9998977739956291,3.445028942958043,1.3285606715154388,1.5798336031089466
93,DDM,time_scaling_t0,wide,DEoptim,561,0.7919724201809161,1,1.901449233968815,1,1.1170945507057781,0.9998977739956291,3.445028942958043,1.3285606715154388,1.5798336031089466
93,DDM,time_scaling_t0,wide,DEoptim,562,0.7919724201809161,1,1.901449233968815,1,1.1170945507057781,0.9998977739956291,3.445028942958043,1.3285606715154388,1.5798336031089466
93,DDM,time_scaling_t0,wide,DEoptim,563,0.7919724201809161,1,1.901449233968815,1,1.1170945507057781,0.9998977739956291,3.445028942958043,1.3285606715154388,1.5798336031089466
93,DDM,time_scaling_t0,wide,DEoptim,564,0.8024631982798639,1,1.7960048413108667,1,1.0915692696393848,0.9998054405727441,3.469953246315408,1.3278126345378365,1.5766566795900963
93,DDM,time_scaling_t0,wide,DEoptim,565,0.8024631982798639,1,1.7960048413108667,1,1.0915692696393848,0.9998054405727441,3.469953246315408,1.3278126345378365,1.5766566795900963
93,DDM,time_scaling_t0,wide,DEoptim,566,0.8024631982798639,1,1.7960048413108667,1,1.0915692696393848,0.9998054405727441,3.469953246315408,1.3278126345378365,1.5766566795900963
93,DDM,time_scaling_t0,wide,DEoptim,567,0.8024631982798639,1,1.7960048413108667,1,1.0915692696393848,0.9998054405727441,3.469953246315408,1.3278126345378365,1.5766566795900963
93,DDM,time_scaling_t0,wide,DEoptim,568,0.8024631982798639,1,1.7960048413108667,1,1.0915692696393848,0.9998054405727441,3.469953246315408,1.3278126345378365,1.5766566795900963
