participant_id,model_name,parameterization,bound_settings,algorithm,iter,alpha,mu,beta,kappa1,kappa2,w,theta_star,t01,t02
79,DFT_CRT,time_scaling_t0,wide,DEoptim,1,2.084101298158057,1,1.3468086058576592,1,9.840633503627032,0.7275831632698281,9.931037620082497,0.9263718410627917,1.4455396991455929
79,DFT_CRT,time_scaling_t0,wide,DEoptim,2,2.084101298158057,1,1.3468086058576592,1,9.840633503627032,0.7275831632698281,9.931037620082497,0.9263718410627917,1.4455396991455929
79,DFT_CRT,time_scaling_t0,wide,DEoptim,3,2.084101298158057,1,1.3468086058576592,1,9.840633503627032,0.7881356323702773,9.931037620082497,0.9263718410627917,1.4455396991455929
79,DFT_CRT,time_scaling_t0,wide,DEoptim,4,1.4956534053361976,1,1.4687489290214144,1,3.5949601139873266,0.6055619592451,5.684161828664028,0.1595776715548709,0.30932445344515147
79,DFT_CRT,time_scaling_t0,wide,DEoptim,5,1.8316953907324933,1,1.1961658016405068,1,5.804703328758478,0.34681808517534757,5.8062691626460285,1.1850581554020756,0.3476491197594442
79,DFT_CRT,time_scaling_t0,wide,DEoptim,6,1.8316953907324933,1,1.1961658016405068,1,5.804703328758478,0.34681808517534757,5.8062691626460285,1.1850581554020756,0.3476491197594442
79,DFT_CRT,time_scaling_t0,wide,DEoptim,7,2.7128136238488074,1,1.1961658016405068,1,5.804703328758478,0.34681808517534757,5.8062691626460285,0.5939130620448853,1.1258855700276234
79,DFT_CRT,time_scaling_t0,wide,DEoptim,8,2.7128136238488074,1,1.1961658016405068,1,5.804703328758478,0.34681808517534757,5.8062691626460285,0.5939130620448853,1.1258855700276234
79,DFT_CRT,time_scaling_t0,wide,DEoptim,9,2.7128136238488074,1,1.1961658016405068,1,5.804703328758478,0.34681808517534757,5.8062691626460285,0.5939130620448853,1.1258855700276234
79,DFT_CRT,time_scaling_t0,wide,DEoptim,10,2.7128136238488074,1,1.1961658016405068,1,5.804703328758478,0.34681808517534757,5.8062691626460285,0.5939130620448853,1.1258855700276234
79,DFT_CRT,time_scaling_t0,wide,DEoptim,11,2.7128136238488074,1,1.1961658016405068,1,5.804703328758478,0.34681808517534757,5.8062691626460285,0.5939130620448853,1.1258855700276234
79,DFT_CRT,time_scaling_t0,wide,DEoptim,12,2.7128136238488074,1,1.1961658016405068,1,5.804703328758478,0.34681808517534757,5.8062691626460285,0.5939130620448853,1.1258855700276234
79,DFT_CRT,time_scaling_t0,wide,DEoptim,13,2.7128136238488074,1,1.1961658016405068,1,5.804703328758478,0.34681808517534757,5.8062691626460285,0.5939130620448853,1.1258855700276234
79,DFT_CRT,time_scaling_t0,wide,DEoptim,14,2.7128136238488074,1,1.1961658016405068,1,5.804703328758478,0.34681808517534757,3.7488570818394895,1.8882798908801641,1.0252395732808894
79,DFT_CRT,time_scaling_t0,wide,DEoptim,15,2.089896047690739,1,0.2334099134152956,1,9.9393565999344,0.42550685117969755,4.017657438538037,1.7953042658357021,1.7485090840500577
79,DFT_CRT,time_scaling_t0,wide,DEoptim,16,2.089896047690739,1,0.7033086756011472,1,9.9393565999344,0.42550685117969755,4.017657438538037,1.7953042658357021,1.7485090840500577
79,DFT_CRT,time_scaling_t0,wide,DEoptim,17,2.089896047690739,1,0.7033086756011472,1,9.9393565999344,0.42550685117969755,4.017657438538037,1.7953042658357021,1.7485090840500577
79,DFT_CRT,time_scaling_t0,wide,DEoptim,18,2.089896047690739,1,0.7033086756011472,1,9.9393565999344,0.42550685117969755,4.017657438538037,1.7953042658357021,1.7485090840500577
79,DFT_CRT,time_scaling_t0,wide,DEoptim,19,2.7199827644922534,1,2.2100211015879174,1,0.5024898354895413,0.3410500569838143,3.7260296684071674,1.7690384093161278,1.3565986275214226
79,DFT_CRT,time_scaling_t0,wide,DEoptim,20,2.7199827644922534,1,2.2100211015879174,1,0.5024898354895413,0.3410500569838143,3.7260296684071674,1.7690384093161278,1.3565986275214226
79,DFT_CRT,time_scaling_t0,wide,DEoptim,21,2.7199827644922534,1,2.2100211015879174,1,0.5024898354895413,0.3410500569838143,3.7260296684071674,1.7690384093161278,1.3565986275214226
79,DFT_CRT,time_scaling_t0,wide,DEoptim,22,2.7199827644922534,1,2.2100211015879174,1,0.5024898354895413,0.3410500569838143,3.7260296684071674,1.7690384093161278,1.3565986275214226
79,DFT_CRT,time_scaling_t0,wide,DEoptim,23,2.7199827644922534,1,2.2100211015879174,1,0.5024898354895413,0.3410500569838143,3.7260296684071674,1.7690384093161278,1.3565986275214226
79,DFT_CRT,time_scaling_t0,wide,DEoptim,24,2.7199827644922534,1,2.2100211015879174,1,0.5024898354895413,0.3815842486754737,3.7260296684071674,1.7690384093161278,1.3565986275214226
79,DFT_CRT,time_scaling_t0,wide,DEoptim,25,2.7199827644922534,1,2.2100211015879174,1,0.5024898354895413,0.40961031467104975,3.7260296684071674,1.7690384093161278,1.3565986275214226
79,DFT_CRT,time_scaling_t0,wide,DEoptim,26,2.7199827644922534,1,2.2100211015879174,1,0.5024898354895413,0.40961031467104975,3.7260296684071674,1.7690384093161278,1.3565986275214226
79,DFT_CRT,time_scaling_t0,wide,DEoptim,27,2.7199827644922534,1,2.2100211015879174,1,0.5024898354895413,0.40961031467104975,3.7260296684071674,1.7690384093161278,1.3565986275214226
79,DFT_CRT,time_scaling_t0,wide,DEoptim,28,2.7199827644922534,1,2.2100211015879174,1,0.5024898354895413,0.40961031467104975,3.7260296684071674,1.7690384093161278,1.3565986275214226
79,DFT_CRT,time_scaling_t0,wide,DEoptim,29,2.039811581265624,1,1.3468086058576592,1,5.1028795285426085,0.4759773130265378,3.6865299883690037,1.7537607649258693,1.6427773956123115
79,DFT_CRT,time_scaling_t0,wide,DEoptim,30,2.039811581265624,1,1.3468086058576592,1,5.1028795285426085,0.4759773130265378,3.6865299883690037,1.7537607649258693,1.6427773956123115
79,DFT_CRT,time_scaling_t0,wide,DEoptim,31,2.039811581265624,1,1.3468086058576592,1,5.1028795285426085,0.4759773130265378,3.6865299883690037,1.7537607649258693,1.6427773956123115
79,DFT_CRT,time_scaling_t0,wide,DEoptim,32,2.039811581265624,1,1.3468086058576592,1,5.1028795285426085,0.4759773130265378,3.6865299883690037,1.7537607649258693,1.6427773956123115
79,DFT_CRT,time_scaling_t0,wide,DEoptim,33,2.039811581265624,1,1.3468086058576592,1,5.1028795285426085,0.4759773130265378,3.6865299883690037,1.7537607649258693,1.6427773956123115
79,DFT_CRT,time_scaling_t0,wide,DEoptim,34,2.039811581265624,1,1.3468086058576592,1,5.1028795285426085,0.4759773130265378,3.6865299883690037,1.7537607649258693,1.6427773956123115
79,DFT_CRT,time_scaling_t0,wide,DEoptim,35,2.039811581265624,1,1.3468086058576592,1,5.1028795285426085,0.4759773130265378,3.6865299883690037,1.7537607649258693,1.6427773956123115
79,DFT_CRT,time_scaling_t0,wide,DEoptim,36,2.7199827644922534,1,2.2100211015879174,1,0.5024898354895413,0.40961031467104975,3.7260296684071674,1.7690384093161278,1.6723539052743206
79,DFT_CRT,time_scaling_t0,wide,DEoptim,37,2.7199827644922534,1,2.2100211015879174,1,0.5024898354895413,0.40961031467104975,3.7260296684071674,1.7690384093161278,1.6723539052743206
79,DFT_CRT,time_scaling_t0,wide,DEoptim,38,2.7199827644922534,1,2.2100211015879174,1,0.5024898354895413,0.40961031467104975,3.7260296684071674,1.7690384093161278,1.6723539052743206
79,DFT_CRT,time_scaling_t0,wide,DEoptim,39,2.7199827644922534,1,2.2100211015879174,1,0.5024898354895413,0.40961031467104975,3.7260296684071674,1.7690384093161278,1.6723539052743206
79,DFT_CRT,time_scaling_t0,wide,DEoptim,40,2.7199827644922534,1,2.2100211015879174,1,0.5024898354895413,0.40961031467104975,3.7260296684071674,1.7690384093161278,1.6723539052743206
79,DFT_CRT,time_scaling_t0,wide,DEoptim,41,2.919322299180334,1,2.112929234846805,1,1.0630580084398389,0.43829829878730114,3.7260296684071674,1.7690384093161278,1.6723539052743206
79,DFT_CRT,time_scaling_t0,wide,DEoptim,42,2.919322299180334,1,2.112929234846805,1,1.0630580084398389,0.43829829878730114,3.7260296684071674,1.7690384093161278,1.6723539052743206
79,DFT_CRT,time_scaling_t0,wide,DEoptim,43,2.919322299180334,1,2.112929234846805,1,1.0630580084398389,0.43829829878730114,3.7260296684071674,1.7690384093161278,1.6723539052743206
79,DFT_CRT,time_scaling_t0,wide,DEoptim,44,2.919322299180334,1,2.112929234846805,1,1.0630580084398389,0.43829829878730114,3.7260296684071674,1.7690384093161278,1.6723539052743206
79,DFT_CRT,time_scaling_t0,wide,DEoptim,45,2.919322299180334,1,2.112929234846805,1,1.0630580084398389,0.43829829878730114,3.7260296684071674,1.7690384093161278,1.6723539052743206
79,DFT_CRT,time_scaling_t0,wide,DEoptim,46,2.919322299180334,1,2.112929234846805,1,1.0630580084398389,0.43829829878730114,3.7260296684071674,1.7690384093161278,1.6723539052743206
79,DFT_CRT,time_scaling_t0,wide,DEoptim,47,2.919322299180334,1,2.112929234846805,1,1.0630580084398389,0.43829829878730114,3.7260296684071674,1.7690384093161278,1.6723539052743206
79,DFT_CRT,time_scaling_t0,wide,DEoptim,48,2.919322299180334,1,2.112929234846805,1,1.0630580084398389,0.43829829878730114,3.7260296684071674,1.7690384093161278,1.6723539052743206
79,DFT_CRT,time_scaling_t0,wide,DEoptim,49,2.919322299180334,1,2.112929234846805,1,1.0630580084398389,0.43829829878730114,3.7260296684071674,1.7690384093161278,1.6723539052743206
79,DFT_CRT,time_scaling_t0,wide,DEoptim,50,2.919322299180334,1,2.112929234846805,1,1.0630580084398389,0.43829829878730114,3.7260296684071674,1.7690384093161278,1.6723539052743206
79,DFT_CRT,time_scaling_t0,wide,DEoptim,51,2.867050671894674,1,2.198352949519176,1,1.419203742779791,0.5220699807231856,5.136368510697804,1.6298160433111437,1.5780511287273153
79,DFT_CRT,time_scaling_t0,wide,DEoptim,52,2.867050671894674,1,2.198352949519176,1,1.419203742779791,0.5220699807231856,5.136368510697804,1.6298160433111437,1.5780511287273153
79,DFT_CRT,time_scaling_t0,wide,DEoptim,53,2.867050671894674,1,2.198352949519176,1,1.419203742779791,0.5220699807231856,5.136368510697804,1.6298160433111437,1.5780511287273153
79,DFT_CRT,time_scaling_t0,wide,DEoptim,54,2.867050671894674,1,2.198352949519176,1,1.419203742779791,0.5220699807231856,5.136368510697804,1.6298160433111437,1.5780511287273153
79,DFT_CRT,time_scaling_t0,wide,DEoptim,55,2.867050671894674,1,2.198352949519176,1,1.419203742779791,0.5220699807231856,5.136368510697804,1.6298160433111437,1.5780511287273153
79,DFT_CRT,time_scaling_t0,wide,DEoptim,56,2.867050671894674,1,2.198352949519176,1,1.419203742779791,0.5220699807231856,5.136368510697804,1.6298160433111437,1.5780511287273153
79,DFT_CRT,time_scaling_t0,wide,DEoptim,57,2.867050671894674,1,2.198352949519176,1,1.419203742779791,0.5220699807231856,5.136368510697804,1.6298160433111437,1.5780511287273153
79,DFT_CRT,time_scaling_t0,wide,DEoptim,58,2.867050671894674,1,2.198352949519176,1,1.419203742779791,0.5220699807231856,5.136368510697804,1.6298160433111437,1.5780511287273153
79,DFT_CRT,time_scaling_t0,wide,DEoptim,59,2.867050671894674,1,2.198352949519176,1,1.419203742779791,0.5220699807231856,5.136368510697804,1.6298160433111437,1.5780511287273153
79,DFT_CRT,time_scaling_t0,wide,DEoptim,60,2.867050671894674,1,2.198352949519176,1,1.419203742779791,0.5220699807231856,5.136368510697804,1.6298160433111437,1.5780511287273153
79,DFT_CRT,time_scaling_t0,wide,DEoptim,61,2.867050671894674,1,2.198352949519176,1,1.419203742779791,0.5220699807231856,5.136368510697804,1.6298160433111437,1.5780511287273153
79,DFT_CRT,time_scaling_t0,wide,DEoptim,62,2.867050671894674,1,2.198352949519176,1,1.419203742779791,0.5220699807231856,5.136368510697804,1.6298160433111437,1.5780511287273153
79,DFT_CRT,time_scaling_t0,wide,DEoptim,63,2.5288159767430787,1,1.851846732512846,1,1.7010558562626459,0.4407170026134622,4.021069163161549,1.593094080553725,1.6183040071857895
79,DFT_CRT,time_scaling_t0,wide,DEoptim,64,2.5288159767430787,1,1.851846732512846,1,1.7010558562626459,0.4407170026134622,4.021069163161549,1.593094080553725,1.6183040071857895
79,DFT_CRT,time_scaling_t0,wide,DEoptim,65,2.5288159767430787,1,1.851846732512846,1,1.7010558562626459,0.4407170026134622,4.021069163161549,1.593094080553725,1.6183040071857895
79,DFT_CRT,time_scaling_t0,wide,DEoptim,66,2.5288159767430787,1,1.851846732512846,1,1.7010558562626459,0.4407170026134622,4.021069163161549,1.593094080553725,1.6183040071857895
79,DFT_CRT,time_scaling_t0,wide,DEoptim,67,2.5288159767430787,1,1.851846732512846,1,1.7010558562626459,0.4407170026134622,4.021069163161549,1.593094080553725,1.6183040071857895
79,DFT_CRT,time_scaling_t0,wide,DEoptim,68,2.5288159767430787,1,1.851846732512846,1,1.7010558562626459,0.4407170026134622,4.021069163161549,1.593094080553725,1.6183040071857895
79,DFT_CRT,time_scaling_t0,wide,DEoptim,69,2.5288159767430787,1,1.851846732512846,1,1.7010558562626459,0.4407170026134622,4.021069163161549,1.593094080553725,1.6183040071857895
79,DFT_CRT,time_scaling_t0,wide,DEoptim,70,2.5288159767430787,1,1.851846732512846,1,1.7010558562626459,0.4407170026134622,4.021069163161549,1.593094080553725,1.6183040071857895
79,DFT_CRT,time_scaling_t0,wide,DEoptim,71,2.5288159767430787,1,1.851846732512846,1,1.7010558562626459,0.4407170026134622,4.021069163161549,1.593094080553725,1.6183040071857895
79,DFT_CRT,time_scaling_t0,wide,DEoptim,72,2.8955699315667154,1,2.155015349718317,1,1.8792981184856623,0.41335039904689264,4.266528295746638,1.552797098398286,1.600352214587846
79,DFT_CRT,time_scaling_t0,wide,DEoptim,73,2.8955699315667154,1,2.155015349718317,1,1.8792981184856623,0.41335039904689264,4.266528295746638,1.552797098398286,1.600352214587846
79,DFT_CRT,time_scaling_t0,wide,DEoptim,74,2.8017271928702474,1,1.9890373358271844,1,1.7689428153954359,0.44853448586109174,4.447196935822826,1.6355471092493372,1.6237381287568071
79,DFT_CRT,time_scaling_t0,wide,DEoptim,75,2.8017271928702474,1,1.9890373358271844,1,1.7689428153954359,0.44853448586109174,4.447196935822826,1.6356912747584365,1.6237381287568071
79,DFT_CRT,time_scaling_t0,wide,DEoptim,76,2.8529101865892654,1,2.138841782714834,1,0.6435338028664587,0.42208428692640876,4.219730768282399,1.6622761492106055,1.6093249963063514
79,DFT_CRT,time_scaling_t0,wide,DEoptim,77,2.8529101865892654,1,2.138841782714834,1,0.6435338028664587,0.42208428692640876,4.219730768282399,1.6622761492106055,1.6093249963063514
79,DFT_CRT,time_scaling_t0,wide,DEoptim,78,2.7328865658530117,1,2.060737593814203,1,1.8847395083867013,0.4662252609461133,4.2985106436984255,1.6259327064753213,1.4887071860909884
79,DFT_CRT,time_scaling_t0,wide,DEoptim,79,2.867050671894674,1,2.198352949519176,1,1.419203742779791,0.5220699807231856,4.628542771062452,1.6298160433111437,1.5780511287273153
79,DFT_CRT,time_scaling_t0,wide,DEoptim,80,2.867050671894674,1,2.198352949519176,1,1.419203742779791,0.5220699807231856,4.628542771062452,1.6298160433111437,1.5780511287273153
79,DFT_CRT,time_scaling_t0,wide,DEoptim,81,2.867050671894674,1,2.198352949519176,1,1.419203742779791,0.5220699807231856,4.628542771062452,1.6298160433111437,1.5780511287273153
79,DFT_CRT,time_scaling_t0,wide,DEoptim,82,2.867050671894674,1,2.198352949519176,1,1.419203742779791,0.5220699807231856,4.628542771062452,1.6298160433111437,1.5780511287273153
79,DFT_CRT,time_scaling_t0,wide,DEoptim,83,2.867050671894674,1,2.198352949519176,1,1.419203742779791,0.5220699807231856,4.628542771062452,1.6298160433111437,1.5780511287273153
79,DFT_CRT,time_scaling_t0,wide,DEoptim,84,2.867050671894674,1,2.198352949519176,1,1.419203742779791,0.5220699807231856,4.628542771062452,1.6298160433111437,1.5780511287273153
79,DFT_CRT,time_scaling_t0,wide,DEoptim,85,2.867050671894674,1,2.198352949519176,1,1.419203742779791,0.5220699807231856,4.628542771062452,1.6298160433111437,1.5780511287273153
79,DFT_CRT,time_scaling_t0,wide,DEoptim,86,2.867050671894674,1,2.198352949519176,1,1.419203742779791,0.5220699807231856,4.628542771062452,1.6298160433111437,1.5780511287273153
79,DFT_CRT,time_scaling_t0,wide,DEoptim,87,2.867050671894674,1,2.198352949519176,1,1.419203742779791,0.5220699807231856,4.628542771062452,1.6298160433111437,1.5780511287273153
79,DFT_CRT,time_scaling_t0,wide,DEoptim,88,2.822843487532342,1,2.183358448640592,1,1.1922847061259827,0.4869840297467711,4.06345260329145,1.7379214976377086,1.789074369270704
79,DFT_CRT,time_scaling_t0,wide,DEoptim,89,2.822843487532342,1,2.183358448640592,1,1.1922847061259827,0.4869840297467711,4.06345260329145,1.7379214976377086,1.789074369270704
79,DFT_CRT,time_scaling_t0,wide,DEoptim,90,2.822843487532342,1,2.183358448640592,1,1.1922847061259827,0.4869840297467711,4.06345260329145,1.7379214976377086,1.789074369270704
79,DFT_CRT,time_scaling_t0,wide,DEoptim,91,2.822843487532342,1,2.183358448640592,1,1.1922847061259827,0.4869840297467711,4.06345260329145,1.7379214976377086,1.789074369270704
79,DFT_CRT,time_scaling_t0,wide,DEoptim,92,2.822843487532342,1,2.183358448640592,1,1.1922847061259827,0.4869840297467711,4.06345260329145,1.7379214976377086,1.789074369270704
79,DFT_CRT,time_scaling_t0,wide,DEoptim,93,2.822843487532342,1,2.183358448640592,1,1.1922847061259827,0.4869840297467711,4.06345260329145,1.7379214976377086,1.789074369270704
79,DFT_CRT,time_scaling_t0,wide,DEoptim,94,2.822843487532342,1,2.183358448640592,1,1.1922847061259827,0.4869840297467711,4.06345260329145,1.7379214976377086,1.789074369270704
79,DFT_CRT,time_scaling_t0,wide,DEoptim,95,2.822843487532342,1,2.183358448640592,1,1.1922847061259827,0.4869840297467711,4.06345260329145,1.7379214976377086,1.789074369270704
79,DFT_CRT,time_scaling_t0,wide,DEoptim,96,2.822843487532342,1,2.183358448640592,1,1.1922847061259827,0.4869840297467711,4.06345260329145,1.7379214976377086,1.789074369270704
79,DFT_CRT,time_scaling_t0,wide,DEoptim,97,2.822843487532342,1,2.183358448640592,1,1.1922847061259827,0.4869840297467711,4.06345260329145,1.7379214976377086,1.789074369270704
79,DFT_CRT,time_scaling_t0,wide,DEoptim,98,2.822843487532342,1,2.183358448640592,1,1.1922847061259827,0.4869840297467711,4.06345260329145,1.7379214976377086,1.789074369270704
79,DFT_CRT,time_scaling_t0,wide,DEoptim,99,2.822843487532342,1,2.183358448640592,1,1.1922847061259827,0.4869840297467711,4.06345260329145,1.7379214976377086,1.789074369270704
79,DFT_CRT,time_scaling_t0,wide,DEoptim,100,2.822843487532342,1,2.183358448640592,1,1.1922847061259827,0.4869840297467711,4.06345260329145,1.7379214976377086,1.789074369270704
79,DFT_CRT,time_scaling_t0,wide,DEoptim,101,2.822843487532342,1,2.183358448640592,1,1.1922847061259827,0.4869840297467711,4.06345260329145,1.7379214976377086,1.789074369270704
79,DFT_CRT,time_scaling_t0,wide,DEoptim,102,2.822843487532342,1,2.183358448640592,1,1.1922847061259827,0.4869840297467711,4.06345260329145,1.7379214976377086,1.789074369270704
79,DFT_CRT,time_scaling_t0,wide,DEoptim,103,2.822843487532342,1,2.183358448640592,1,1.1922847061259827,0.4869840297467711,4.06345260329145,1.7379214976377086,1.789074369270704
79,DFT_CRT,time_scaling_t0,wide,DEoptim,104,2.822843487532342,1,2.183358448640592,1,1.1922847061259827,0.4869840297467711,4.06345260329145,1.7379214976377086,1.789074369270704
79,DFT_CRT,time_scaling_t0,wide,DEoptim,105,2.822843487532342,1,2.183358448640592,1,1.1922847061259827,0.4869840297467711,4.06345260329145,1.7379214976377086,1.789074369270704
79,DFT_CRT,time_scaling_t0,wide,DEoptim,106,2.822843487532342,1,2.183358448640592,1,1.1922847061259827,0.4869840297467711,4.06345260329145,1.7379214976377086,1.789074369270704
79,DFT_CRT,time_scaling_t0,wide,DEoptim,107,2.822843487532342,1,2.183358448640592,1,1.1922847061259827,0.4869840297467711,4.06345260329145,1.7379214976377086,1.789074369270704
79,DFT_CRT,time_scaling_t0,wide,DEoptim,108,2.8732852228155763,1,2.2628644791517196,1,1.0084624608551596,0.4826771373143807,4.153776202983719,1.658768354828141,1.74975655383075
79,DFT_CRT,time_scaling_t0,wide,DEoptim,109,2.8732852228155763,1,2.2628644791517196,1,1.0084624608551596,0.4826771373143807,4.153776202983719,1.658768354828141,1.74975655383075
79,DFT_CRT,time_scaling_t0,wide,DEoptim,110,2.8732852228155763,1,2.2628644791517196,1,1.0084624608551596,0.4826771373143807,4.153776202983719,1.658768354828141,1.74975655383075
79,DFT_CRT,time_scaling_t0,wide,DEoptim,111,2.8732852228155763,1,2.2628644791517196,1,1.0084624608551596,0.4826771373143807,4.153776202983719,1.658768354828141,1.74975655383075
79,DFT_CRT,time_scaling_t0,wide,DEoptim,112,2.8732852228155763,1,2.2628644791517196,1,1.0084624608551596,0.4826771373143807,4.153776202983719,1.658768354828141,1.74975655383075
79,DFT_CRT,time_scaling_t0,wide,DEoptim,113,2.8732852228155763,1,2.2628644791517196,1,1.0084624608551596,0.4826771373143807,4.153776202983719,1.658768354828141,1.74975655383075
79,DFT_CRT,time_scaling_t0,wide,DEoptim,114,2.8732852228155763,1,2.2628644791517196,1,1.0084624608551596,0.4826771373143807,4.153776202983719,1.658768354828141,1.74975655383075
79,DFT_CRT,time_scaling_t0,wide,DEoptim,115,2.8732852228155763,1,2.2628644791517196,1,1.0084624608551596,0.4826771373143807,4.153776202983719,1.658768354828141,1.74975655383075
79,DFT_CRT,time_scaling_t0,wide,DEoptim,116,2.8732852228155763,1,2.2628644791517196,1,1.0084624608551596,0.4826771373143807,4.153776202983719,1.7078363030044477,1.74975655383075
79,DFT_CRT,time_scaling_t0,wide,DEoptim,117,2.8732852228155763,1,2.2628644791517196,1,1.0084624608551596,0.4826771373143807,4.153776202983719,1.7078363030044477,1.74975655383075
79,DFT_CRT,time_scaling_t0,wide,DEoptim,118,2.8732852228155763,1,2.2628644791517196,1,1.0084624608551596,0.4826771373143807,4.153776202983719,1.7078363030044477,1.74975655383075
79,DFT_CRT,time_scaling_t0,wide,DEoptim,119,2.8732852228155763,1,2.2628644791517196,1,1.0084624608551596,0.4826771373143807,4.153776202983719,1.7078363030044477,1.74975655383075
79,DFT_CRT,time_scaling_t0,wide,DEoptim,120,2.8732852228155763,1,2.2628644791517196,1,1.0084624608551596,0.4826771373143807,4.153776202983719,1.7078363030044477,1.74975655383075
79,DFT_CRT,time_scaling_t0,wide,DEoptim,121,2.8732852228155763,1,2.2628644791517196,1,1.0084624608551596,0.4826771373143807,4.153776202983719,1.7078363030044477,1.74975655383075
79,DFT_CRT,time_scaling_t0,wide,DEoptim,122,2.8732852228155763,1,2.2628644791517196,1,1.0084624608551596,0.4826771373143807,4.153776202983719,1.7078363030044477,1.6865726777182573
79,DFT_CRT,time_scaling_t0,wide,DEoptim,123,2.8732852228155763,1,2.2628644791517196,1,1.0084624608551596,0.4826771373143807,4.153776202983719,1.7078363030044477,1.6865726777182573
79,DFT_CRT,time_scaling_t0,wide,DEoptim,124,2.8732852228155763,1,2.2628644791517196,1,1.0084624608551596,0.4826771373143807,4.153776202983719,1.7078363030044477,1.6865726777182573
79,DFT_CRT,time_scaling_t0,wide,DEoptim,125,2.8732852228155763,1,2.2628644791517196,1,1.0084624608551596,0.4826771373143807,4.153776202983719,1.7078363030044477,1.6865726777182573
79,DFT_CRT,time_scaling_t0,wide,DEoptim,126,2.8732852228155763,1,2.2628644791517196,1,1.0084624608551596,0.4826771373143807,4.153776202983719,1.7078363030044477,1.6865726777182573
79,DFT_CRT,time_scaling_t0,wide,DEoptim,127,2.8732852228155763,1,2.2628644791517196,1,1.0084624608551596,0.4826771373143807,4.153776202983719,1.7078363030044477,1.6865726777182573
79,DFT_CRT,time_scaling_t0,wide,DEoptim,128,2.8732852228155763,1,2.2628644791517196,1,1.0084624608551596,0.4826771373143807,4.153776202983719,1.7078363030044477,1.6865726777182573
79,DFT_CRT,time_scaling_t0,wide,DEoptim,129,2.8732852228155763,1,2.2628644791517196,1,1.0084624608551596,0.4826771373143807,4.153776202983719,1.7078363030044477,1.6865726777182573
79,DFT_CRT,time_scaling_t0,wide,DEoptim,130,2.8732852228155763,1,2.2628644791517196,1,1.0084624608551596,0.4826771373143807,4.153776202983719,1.7078363030044477,1.6865726777182573
79,DFT_CRT,time_scaling_t0,wide,DEoptim,131,2.8732852228155763,1,2.2628644791517196,1,1.0084624608551596,0.4826771373143807,4.153776202983719,1.7078363030044477,1.6865726777182573
79,DFT_CRT,time_scaling_t0,wide,DEoptim,132,2.8732852228155763,1,2.2628644791517196,1,1.0084624608551596,0.4826771373143807,4.153776202983719,1.7078363030044477,1.6865726777182573
79,DFT_CRT,time_scaling_t0,wide,DEoptim,133,2.8732852228155763,1,2.2628644791517196,1,1.0084624608551596,0.4826771373143807,4.153776202983719,1.7078363030044477,1.6865726777182573
79,DFT_CRT,time_scaling_t0,wide,DEoptim,134,2.8732852228155763,1,2.2628644791517196,1,1.0084624608551596,0.4826771373143807,4.153776202983719,1.7078363030044477,1.6865726777182573
79,DFT_CRT,time_scaling_t0,wide,DEoptim,135,2.8732852228155763,1,2.2628644791517196,1,1.0084624608551596,0.4826771373143807,4.153776202983719,1.7078363030044477,1.6865726777182573
79,DFT_CRT,time_scaling_t0,wide,DEoptim,136,2.8732852228155763,1,2.2628644791517196,1,1.0084624608551596,0.4826771373143807,4.153776202983719,1.7078363030044477,1.6865726777182573
79,DFT_CRT,time_scaling_t0,wide,DEoptim,137,2.8732852228155763,1,2.2628644791517196,1,1.0084624608551596,0.4826771373143807,4.153776202983719,1.7078363030044477,1.6865726777182573
79,DFT_CRT,time_scaling_t0,wide,DEoptim,138,2.8732852228155763,1,2.2628644791517196,1,1.0084624608551596,0.4826771373143807,4.153776202983719,1.7078363030044477,1.6865726777182573
79,DFT_CRT,time_scaling_t0,wide,DEoptim,139,2.8732852228155763,1,2.2628644791517196,1,1.0084624608551596,0.4826771373143807,4.153776202983719,1.726465320901644,1.6865726777182573
79,DFT_CRT,time_scaling_t0,wide,DEoptim,140,2.8732852228155763,1,2.2628644791517196,1,1.0084624608551596,0.4826771373143807,4.153776202983719,1.726465320901644,1.6865726777182573
79,DFT_CRT,time_scaling_t0,wide,DEoptim,141,2.9885450641731532,1,2.31692865358292,1,1.5193018260128548,0.5029988008124601,4.219478336803598,1.7397370023545748,1.6950890655595212
79,DFT_CRT,time_scaling_t0,wide,DEoptim,142,2.9885450641731532,1,2.31692865358292,1,1.5193018260128548,0.5029988008124601,4.219478336803598,1.7397370023545748,1.6950890655595212
79,DFT_CRT,time_scaling_t0,wide,DEoptim,143,2.9885450641731532,1,2.31692865358292,1,1.5193018260128548,0.5029988008124601,4.219478336803598,1.7397370023545748,1.6950890655595212
79,DFT_CRT,time_scaling_t0,wide,DEoptim,144,2.9885450641731532,1,2.31692865358292,1,1.5193018260128548,0.5029988008124601,4.219478336803598,1.7397370023545748,1.6950890655595212
79,DFT_CRT,time_scaling_t0,wide,DEoptim,145,2.9885450641731532,1,2.31692865358292,1,1.5193018260128548,0.5029988008124601,4.219478336803598,1.7397370023545748,1.6950890655595212
79,DFT_CRT,time_scaling_t0,wide,DEoptim,146,2.9885450641731532,1,2.31692865358292,1,1.5193018260128548,0.5029988008124601,4.219478336803598,1.7397370023545748,1.6950890655595212
79,DFT_CRT,time_scaling_t0,wide,DEoptim,147,2.994463192573614,1,2.354347374898739,1,1.2692316429976382,0.4769166781816378,4.172404833459081,1.7227254281994733,1.706812102484587
79,DFT_CRT,time_scaling_t0,wide,DEoptim,148,2.994463192573614,1,2.354347374898739,1,1.2692316429976382,0.4769166781816378,4.172404833459081,1.7227254281994733,1.706812102484587
79,DFT_CRT,time_scaling_t0,wide,DEoptim,149,2.9885450641731532,1,2.31692865358292,1,1.2483786255630258,0.5029988008124601,4.219478336803598,1.7397370023545748,1.6950890655595212
79,DFT_CRT,time_scaling_t0,wide,DEoptim,150,2.9885450641731532,1,2.31692865358292,1,1.2483786255630258,0.5029988008124601,4.219478336803598,1.7397370023545748,1.6950890655595212
79,DFT_CRT,time_scaling_t0,wide,DEoptim,151,2.9885450641731532,1,2.31692865358292,1,1.2483786255630258,0.5029988008124601,4.219478336803598,1.7397370023545748,1.6950890655595212
79,DFT_CRT,time_scaling_t0,wide,DEoptim,152,2.9885450641731532,1,2.31692865358292,1,1.2483786255630258,0.5029988008124601,4.219478336803598,1.7397370023545748,1.6950890655595212
79,DFT_CRT,time_scaling_t0,wide,DEoptim,153,2.9885450641731532,1,2.31692865358292,1,1.2483786255630258,0.5029988008124601,4.219478336803598,1.7397370023545748,1.6950890655595212
79,DFT_CRT,time_scaling_t0,wide,DEoptim,154,2.9885450641731532,1,2.31692865358292,1,1.2483786255630258,0.5029988008124601,4.219478336803598,1.7397370023545748,1.6950890655595212
79,DFT_CRT,time_scaling_t0,wide,DEoptim,155,2.9885450641731532,1,2.31692865358292,1,1.2483786255630258,0.5029988008124601,4.219478336803598,1.7397370023545748,1.6950890655595212
79,DFT_CRT,time_scaling_t0,wide,DEoptim,156,2.9885450641731532,1,2.31692865358292,1,1.2483786255630258,0.5029988008124601,4.219478336803598,1.7397370023545748,1.6950890655595212
79,DFT_CRT,time_scaling_t0,wide,DEoptim,157,2.9885450641731532,1,2.31692865358292,1,1.2483786255630258,0.5029988008124601,4.219478336803598,1.7397370023545748,1.6950890655595212
79,DFT_CRT,time_scaling_t0,wide,DEoptim,158,2.970528144465097,1,2.34416679398837,1,1.0127369518922376,0.49722636485124033,4.121084265502593,1.7313735430193413,1.71464753566266
79,DFT_CRT,time_scaling_t0,wide,DEoptim,159,2.970528144465097,1,2.34416679398837,1,1.0127369518922376,0.49722636485124033,4.121084265502593,1.7313735430193413,1.71464753566266
79,DFT_CRT,time_scaling_t0,wide,DEoptim,160,2.970528144465097,1,2.34416679398837,1,1.0127369518922376,0.49722636485124033,4.121084265502593,1.7313735430193413,1.71464753566266
79,DFT_CRT,time_scaling_t0,wide,DEoptim,161,2.970528144465097,1,2.34416679398837,1,0.9901566202408992,0.4916689758529302,4.193651886023034,1.7313735430193413,1.71464753566266
79,DFT_CRT,time_scaling_t0,wide,DEoptim,162,2.970528144465097,1,2.34416679398837,1,0.9901566202408992,0.4916689758529302,4.193651886023034,1.7313735430193413,1.71464753566266
79,DFT_CRT,time_scaling_t0,wide,DEoptim,163,2.970528144465097,1,2.34416679398837,1,0.9901566202408992,0.4916689758529302,4.193651886023034,1.7313735430193413,1.71464753566266
79,DFT_CRT,time_scaling_t0,wide,DEoptim,164,2.970528144465097,1,2.34416679398837,1,0.9901566202408992,0.4916689758529302,4.193651886023034,1.7313735430193413,1.71464753566266
79,DFT_CRT,time_scaling_t0,wide,DEoptim,165,2.970528144465097,1,2.34416679398837,1,0.9901566202408992,0.4916689758529302,4.193651886023034,1.7313735430193413,1.71464753566266
79,DFT_CRT,time_scaling_t0,wide,DEoptim,166,2.970528144465097,1,2.34416679398837,1,0.9901566202408992,0.4916689758529302,4.193651886023034,1.7313735430193413,1.71464753566266
79,DFT_CRT,time_scaling_t0,wide,DEoptim,167,2.970528144465097,1,2.34416679398837,1,0.9901566202408992,0.4916689758529302,4.193651886023034,1.7313735430193413,1.71464753566266
79,DFT_CRT,time_scaling_t0,wide,DEoptim,168,2.970528144465097,1,2.34416679398837,1,0.9901566202408992,0.4916689758529302,4.193651886023034,1.719694031240921,1.71464753566266
79,DFT_CRT,time_scaling_t0,wide,DEoptim,169,2.970528144465097,1,2.34416679398837,1,0.9901566202408992,0.4916689758529302,4.193651886023034,1.719694031240921,1.71464753566266
79,DFT_CRT,time_scaling_t0,wide,DEoptim,170,2.970528144465097,1,2.34416679398837,1,0.9901566202408992,0.4916689758529302,4.193651886023034,1.719694031240921,1.71464753566266
79,DFT_CRT,time_scaling_t0,wide,DEoptim,171,2.970528144465097,1,2.34416679398837,1,0.9901566202408992,0.4916689758529302,4.193651886023034,1.719694031240921,1.71464753566266
79,DFT_CRT,time_scaling_t0,wide,DEoptim,172,2.970528144465097,1,2.34416679398837,1,0.9901566202408992,0.4916689758529302,4.193651886023034,1.719694031240921,1.71464753566266
79,DFT_CRT,time_scaling_t0,wide,DEoptim,173,2.970528144465097,1,2.34416679398837,1,0.9901566202408992,0.4916689758529302,4.193651886023034,1.719694031240921,1.71464753566266
79,DFT_CRT,time_scaling_t0,wide,DEoptim,174,2.970528144465097,1,2.34416679398837,1,0.9901566202408992,0.4916689758529302,4.193651886023034,1.719694031240921,1.71464753566266
79,DFT_CRT,time_scaling_t0,wide,DEoptim,175,2.970528144465097,1,2.34416679398837,1,0.9901566202408992,0.4916689758529302,4.193651886023034,1.719694031240921,1.71464753566266
79,DFT_CRT,time_scaling_t0,wide,DEoptim,176,2.970528144465097,1,2.34416679398837,1,0.9901566202408992,0.4916689758529302,4.193651886023034,1.719694031240921,1.71464753566266
79,DFT_CRT,time_scaling_t0,wide,DEoptim,177,2.970528144465097,1,2.34416679398837,1,0.9901566202408992,0.4916689758529302,4.193651886023034,1.719694031240921,1.71464753566266
79,DFT_CRT,time_scaling_t0,wide,DEoptim,178,2.970528144465097,1,2.34416679398837,1,0.9901566202408992,0.4916689758529302,4.193651886023034,1.719694031240921,1.71464753566266
79,DFT_CRT,time_scaling_t0,wide,DEoptim,179,2.970528144465097,1,2.34416679398837,1,0.9901566202408992,0.4916689758529302,4.193651886023034,1.719694031240921,1.71464753566266
79,DFT_CRT,time_scaling_t0,wide,DEoptim,180,2.970528144465097,1,2.34416679398837,1,0.9901566202408992,0.4916689758529302,4.193651886023034,1.719694031240921,1.71464753566266
79,DFT_CRT,time_scaling_t0,wide,DEoptim,181,2.970528144465097,1,2.34416679398837,1,0.9901566202408992,0.4916689758529302,4.193651886023034,1.719694031240921,1.71464753566266
79,DFT_CRT,time_scaling_t0,wide,DEoptim,182,2.970528144465097,1,2.34416679398837,1,0.9901566202408992,0.4916689758529302,4.193651886023034,1.719694031240921,1.71464753566266
79,DFT_CRT,time_scaling_t0,wide,DEoptim,183,2.970528144465097,1,2.34416679398837,1,0.9901566202408992,0.4916689758529302,4.193651886023034,1.719694031240921,1.71464753566266
79,DFT_CRT,time_scaling_t0,wide,DEoptim,184,2.970528144465097,1,2.34416679398837,1,0.9901566202408992,0.4916689758529302,4.193651886023034,1.719694031240921,1.71464753566266
79,DFT_CRT,time_scaling_t0,wide,DEoptim,185,2.970528144465097,1,2.34416679398837,1,0.9901566202408992,0.4916689758529302,4.193651886023034,1.719694031240921,1.71464753566266
79,DFT_CRT,time_scaling_t0,wide,DEoptim,186,2.970528144465097,1,2.34416679398837,1,0.9901566202408992,0.4916689758529302,4.193651886023034,1.719694031240921,1.71464753566266
79,DFT_CRT,time_scaling_t0,wide,DEoptim,187,2.970528144465097,1,2.34416679398837,1,0.9901566202408992,0.4916689758529302,4.193651886023034,1.719694031240921,1.71464753566266
79,DFT_CRT,time_scaling_t0,wide,DEoptim,188,2.970528144465097,1,2.34416679398837,1,0.9901566202408992,0.4916689758529302,4.193651886023034,1.719694031240921,1.71464753566266
79,DFT_CRT,time_scaling_t0,wide,DEoptim,189,2.970528144465097,1,2.34416679398837,1,0.9901566202408992,0.4916689758529302,4.193651886023034,1.719694031240921,1.71464753566266
79,DFT_CRT,time_scaling_t0,wide,DEoptim,190,2.970528144465097,1,2.34416679398837,1,0.9901566202408992,0.4916689758529302,4.193651886023034,1.719694031240921,1.71464753566266
79,DFT_CRT,time_scaling_t0,wide,DEoptim,191,2.970528144465097,1,2.34416679398837,1,0.9901566202408992,0.4916689758529302,4.193651886023034,1.719694031240921,1.71464753566266
79,DFT_CRT,time_scaling_t0,wide,DEoptim,192,2.970528144465097,1,2.34416679398837,1,0.9901566202408992,0.4916689758529302,4.193651886023034,1.719694031240921,1.71464753566266
79,DFT_CRT,time_scaling_t0,wide,DEoptim,193,2.970528144465097,1,2.34416679398837,1,0.9901566202408992,0.4916689758529302,4.193651886023034,1.719694031240921,1.71464753566266
79,DFT_CRT,time_scaling_t0,wide,DEoptim,194,2.981502075316484,1,2.3374823835664134,1,1.191515968622026,0.4954943907091744,4.22842417881034,1.7162876756233088,1.7192833374436394
79,DFT_CRT,time_scaling_t0,wide,DEoptim,195,2.981502075316484,1,2.3374823835664134,1,1.191515968622026,0.4954943907091744,4.22842417881034,1.7162876756233088,1.7192833374436394
79,DFT_CRT,time_scaling_t0,wide,DEoptim,196,2.981502075316484,1,2.3374823835664134,1,1.191515968622026,0.4954943907091744,4.22842417881034,1.7162876756233088,1.7192833374436394
79,DFT_CRT,time_scaling_t0,wide,DEoptim,197,2.981502075316484,1,2.3374823835664134,1,1.191515968622026,0.4954943907091744,4.22842417881034,1.7162876756233088,1.7192833374436394
79,DFT_CRT,time_scaling_t0,wide,DEoptim,198,2.981502075316484,1,2.3374823835664134,1,1.191515968622026,0.4954943907091744,4.22842417881034,1.7162876756233088,1.7192833374436394
79,DFT_CRT,time_scaling_t0,wide,DEoptim,199,2.981502075316484,1,2.3374823835664134,1,1.191515968622026,0.4954943907091744,4.22842417881034,1.7162876756233088,1.7192833374436394
79,DFT_CRT,time_scaling_t0,wide,DEoptim,200,2.981502075316484,1,2.3374823835664134,1,1.191515968622026,0.4954943907091744,4.22842417881034,1.7162876756233088,1.7192833374436394
79,DFT_CRT,time_scaling_t0,wide,DEoptim,201,2.981502075316484,1,2.3374823835664134,1,1.1745077933381105,0.5020128431988258,4.234964631241364,1.7162876756233088,1.7192833374436394
79,DFT_CRT,time_scaling_t0,wide,DEoptim,202,2.981502075316484,1,2.3374823835664134,1,1.1745077933381105,0.5020128431988258,4.234964631241364,1.7162876756233088,1.7192833374436394
79,DFT_CRT,time_scaling_t0,wide,DEoptim,203,2.981502075316484,1,2.3374823835664134,1,1.1745077933381105,0.5020128431988258,4.234964631241364,1.7162876756233088,1.7192833374436394
79,DFT_CRT,time_scaling_t0,wide,DEoptim,204,2.981502075316484,1,2.3374823835664134,1,1.1745077933381105,0.5020128431988258,4.234964631241364,1.7162876756233088,1.7192833374436394
79,DFT_CRT,time_scaling_t0,wide,DEoptim,205,2.981502075316484,1,2.3374823835664134,1,1.1745077933381105,0.5020128431988258,4.234964631241364,1.7162876756233088,1.7192833374436394
79,DFT_CRT,time_scaling_t0,wide,DEoptim,206,2.981502075316484,1,2.3374823835664134,1,1.1745077933381105,0.5020128431988258,4.234964631241364,1.7162876756233088,1.7192833374436394
79,DFT_CRT,time_scaling_t0,wide,DEoptim,207,2.981502075316484,1,2.3374823835664134,1,1.1745077933381105,0.5020128431988258,4.234964631241364,1.7162876756233088,1.7192833374436394
79,DFT_CRT,time_scaling_t0,wide,DEoptim,208,2.981502075316484,1,2.3374823835664134,1,1.1745077933381105,0.5020128431988258,4.234964631241364,1.7162876756233088,1.7192833374436394
79,DFT_CRT,time_scaling_t0,wide,DEoptim,209,2.981502075316484,1,2.3374823835664134,1,1.1745077933381105,0.5020128431988258,4.234964631241364,1.7162876756233088,1.7192833374436394
79,DFT_CRT,time_scaling_t0,wide,DEoptim,210,2.981502075316484,1,2.3374823835664134,1,1.1745077933381105,0.5020128431988258,4.234964631241364,1.7162876756233088,1.7192833374436394
79,DFT_CRT,time_scaling_t0,wide,DEoptim,211,2.981502075316484,1,2.3374823835664134,1,1.1745077933381105,0.5020128431988258,4.234964631241364,1.7162876756233088,1.7192833374436394
79,DFT_CRT,time_scaling_t0,wide,DEoptim,212,2.981502075316484,1,2.3374823835664134,1,1.1745077933381105,0.5020128431988258,4.234964631241364,1.7162876756233088,1.7192833374436394
79,DFT_CRT,time_scaling_t0,wide,DEoptim,213,2.994463192573614,1,2.354347374898739,1,1.1416762081163259,0.5110868917677263,4.313264098180519,1.713652930559049,1.706812102484587
79,DFT_CRT,time_scaling_t0,wide,DEoptim,214,2.994463192573614,1,2.354347374898739,1,1.1416762081163259,0.5110868917677263,4.313264098180519,1.713652930559049,1.706812102484587
79,DFT_CRT,time_scaling_t0,wide,DEoptim,215,2.994463192573614,1,2.354347374898739,1,1.1416762081163259,0.5110868917677263,4.313264098180519,1.713652930559049,1.706812102484587
79,DFT_CRT,time_scaling_t0,wide,DEoptim,216,2.994463192573614,1,2.354347374898739,1,1.1416762081163259,0.5110868917677263,4.313264098180519,1.713652930559049,1.706812102484587
79,DFT_CRT,time_scaling_t0,wide,DEoptim,217,2.9813547822733377,1,2.346058587684245,1,1.0805683341022831,0.4973596782294285,4.299795296688761,1.707899349000591,1.6906658521180637
79,DFT_CRT,time_scaling_t0,wide,DEoptim,218,2.9813547822733377,1,2.346058587684245,1,1.0805683341022831,0.4973596782294285,4.299795296688761,1.707899349000591,1.6906658521180637
79,DFT_CRT,time_scaling_t0,wide,DEoptim,219,2.9813547822733377,1,2.346058587684245,1,1.0805683341022831,0.4973596782294285,4.299795296688761,1.707899349000591,1.6906658521180637
79,DFT_CRT,time_scaling_t0,wide,DEoptim,220,2.9813547822733377,1,2.346058587684245,1,1.0805683341022831,0.4973596782294285,4.299795296688761,1.707899349000591,1.6906658521180637
79,DFT_CRT,time_scaling_t0,wide,DEoptim,221,2.9957381917025994,1,2.3633150223718373,1,1.0427390364393279,0.49310836527260987,4.234149448100907,1.7084340948739352,1.7028404183865828
79,DFT_CRT,time_scaling_t0,wide,DEoptim,222,2.9957381917025994,1,2.3633150223718373,1,1.0427390364393279,0.49310836527260987,4.234149448100907,1.7084340948739352,1.7028404183865828
79,DFT_CRT,time_scaling_t0,wide,DEoptim,223,2.9869260411925027,1,2.354347374898739,1,1.1416762081163259,0.5043188500042717,4.314108970203665,1.7065725720106824,1.6961906168783176
79,DFT_CRT,time_scaling_t0,wide,DEoptim,224,2.9869260411925027,1,2.354347374898739,1,1.1416762081163259,0.5043188500042717,4.314108970203665,1.7065725720106824,1.6961906168783176
79,DFT_CRT,time_scaling_t0,wide,DEoptim,225,2.9869260411925027,1,2.354347374898739,1,1.1416762081163259,0.5043188500042717,4.314108970203665,1.7065725720106824,1.6961906168783176
79,DFT_CRT,time_scaling_t0,wide,DEoptim,226,2.9869260411925027,1,2.354347374898739,1,1.1416762081163259,0.5043188500042717,4.314108970203665,1.7065725720106824,1.6961906168783176
79,DFT_CRT,time_scaling_t0,wide,DEoptim,227,2.9869260411925027,1,2.354347374898739,1,1.1416762081163259,0.5043188500042717,4.314108970203665,1.7065725720106824,1.6961906168783176
79,DFT_CRT,time_scaling_t0,wide,DEoptim,228,2.9869260411925027,1,2.354347374898739,1,1.1416762081163259,0.5043188500042717,4.314108970203665,1.7065725720106824,1.6961906168783176
79,DFT_CRT,time_scaling_t0,wide,DEoptim,229,2.9869260411925027,1,2.354347374898739,1,1.1416762081163259,0.5043188500042717,4.314108970203665,1.7065725720106824,1.6961906168783176
79,DFT_CRT,time_scaling_t0,wide,DEoptim,230,2.9869260411925027,1,2.354347374898739,1,1.1416762081163259,0.5043188500042717,4.314108970203665,1.7065725720106824,1.6961906168783176
79,DFT_CRT,time_scaling_t0,wide,DEoptim,231,2.9869260411925027,1,2.354347374898739,1,1.1416762081163259,0.5043188500042717,4.314108970203665,1.7065725720106824,1.6961906168783176
79,DFT_CRT,time_scaling_t0,wide,DEoptim,232,2.9869260411925027,1,2.354347374898739,1,1.1416762081163259,0.5043188500042717,4.314108970203665,1.7065725720106824,1.6961906168783176
79,DFT_CRT,time_scaling_t0,wide,DEoptim,233,2.9957381917025994,1,2.3633150223718373,1,1.0874535556114269,0.49368822933794565,4.234149448100907,1.7084340948739352,1.7028404183865828
79,DFT_CRT,time_scaling_t0,wide,DEoptim,234,2.9957381917025994,1,2.359404312970456,1,1.0874535556114269,0.49368822933794565,4.234149448100907,1.7084340948739352,1.7028404183865828
79,DFT_CRT,time_scaling_t0,wide,DEoptim,235,2.9957381917025994,1,2.359404312970456,1,1.0874535556114269,0.49368822933794565,4.234149448100907,1.7084340948739352,1.7028404183865828
79,DFT_CRT,time_scaling_t0,wide,DEoptim,236,2.9957381917025994,1,2.359404312970456,1,1.0874535556114269,0.49368822933794565,4.234149448100907,1.7084340948739352,1.7028404183865828
79,DFT_CRT,time_scaling_t0,wide,DEoptim,237,2.9957381917025994,1,2.359404312970456,1,1.0874535556114269,0.49368822933794565,4.234149448100907,1.7084340948739352,1.7028404183865828
79,DFT_CRT,time_scaling_t0,wide,DEoptim,238,2.9957381917025994,1,2.359404312970456,1,1.0874535556114269,0.49368822933794565,4.234149448100907,1.7084340948739352,1.7028404183865828
79,DFT_CRT,time_scaling_t0,wide,DEoptim,239,2.9957381917025994,1,2.359404312970456,1,1.0874535556114269,0.49368822933794565,4.234149448100907,1.7084340948739352,1.7028404183865828
79,DFT_CRT,time_scaling_t0,wide,DEoptim,240,2.9957381917025994,1,2.359404312970456,1,1.0874535556114269,0.49368822933794565,4.234149448100907,1.7084340948739352,1.7028404183865828
79,DFT_CRT,time_scaling_t0,wide,DEoptim,241,2.9869260411925027,1,2.354347374898739,1,1.1416762081163259,0.5046076314039912,4.2890838041298744,1.7065725720106824,1.6961906168783176
79,DFT_CRT,time_scaling_t0,wide,DEoptim,242,2.9869260411925027,1,2.354347374898739,1,1.1416762081163259,0.5046076314039912,4.2890838041298744,1.7065725720106824,1.6961906168783176
79,DFT_CRT,time_scaling_t0,wide,DEoptim,243,2.9869260411925027,1,2.354347374898739,1,1.1416762081163259,0.5046076314039912,4.2890838041298744,1.7065725720106824,1.6961906168783176
79,DFT_CRT,time_scaling_t0,wide,DEoptim,244,2.9869260411925027,1,2.354347374898739,1,1.1416762081163259,0.5046076314039912,4.2890838041298744,1.7065725720106824,1.6961906168783176
79,DFT_CRT,time_scaling_t0,wide,DEoptim,245,2.9869260411925027,1,2.354347374898739,1,1.1416762081163259,0.5046076314039912,4.2890838041298744,1.7065725720106824,1.6961906168783176
79,DFT_CRT,time_scaling_t0,wide,DEoptim,246,2.9869260411925027,1,2.354347374898739,1,1.1416762081163259,0.5046076314039912,4.2890838041298744,1.7065725720106824,1.6961906168783176
79,DFT_CRT,time_scaling_t0,wide,DEoptim,247,2.9957381917025994,1,2.359404312970456,1,1.0874535556114269,0.5002324332619844,4.274715740245417,1.7084340948739352,1.7028404183865828
79,DFT_CRT,time_scaling_t0,wide,DEoptim,248,2.9957381917025994,1,2.359404312970456,1,1.0874535556114269,0.5002324332619844,4.274715740245417,1.7084340948739352,1.7028404183865828
79,DFT_CRT,time_scaling_t0,wide,DEoptim,249,2.9957381917025994,1,2.359404312970456,1,1.0874535556114269,0.5002324332619844,4.274715740245417,1.7084340948739352,1.7028404183865828
79,DFT_CRT,time_scaling_t0,wide,DEoptim,250,2.9957381917025994,1,2.359404312970456,1,1.0874535556114269,0.5002324332619844,4.274715740245417,1.7084340948739352,1.7028404183865828
79,DFT_CRT,time_scaling_t0,wide,DEoptim,251,2.9957381917025994,1,2.359404312970456,1,1.0874535556114269,0.5002324332619844,4.274715740245417,1.7084340948739352,1.7028404183865828
79,DFT_CRT,time_scaling_t0,wide,DEoptim,252,2.9957381917025994,1,2.359404312970456,1,1.0874535556114269,0.5002324332619844,4.274715740245417,1.7084340948739352,1.7028404183865828
79,DFT_CRT,time_scaling_t0,wide,DEoptim,253,2.9999833144745023,1,2.364355825772354,1,1.0910796671468523,0.4992287361766104,4.276795782204339,1.7112166391931078,1.7018446315756537
79,DFT_CRT,time_scaling_t0,wide,DEoptim,254,2.9999833144745023,1,2.364355825772354,1,1.0910796671468523,0.4992287361766104,4.276795782204339,1.7112166391931078,1.7018446315756537
79,DFT_CRT,time_scaling_t0,wide,DEoptim,255,2.9999833144745023,1,2.364355825772354,1,1.0910796671468523,0.4992287361766104,4.276795782204339,1.7112166391931078,1.7018446315756537
79,DFT_CRT,time_scaling_t0,wide,DEoptim,256,2.9999833144745023,1,2.364355825772354,1,1.0910796671468523,0.4992287361766104,4.276795782204339,1.7112166391931078,1.7018446315756537
79,DFT_CRT,time_scaling_t0,wide,DEoptim,257,2.9999833144745023,1,2.364355825772354,1,1.0910796671468523,0.4992287361766104,4.276795782204339,1.7112166391931078,1.7018446315756537
79,DFT_CRT,time_scaling_t0,wide,DEoptim,258,2.9999833144745023,1,2.364355825772354,1,1.0910796671468523,0.4992287361766104,4.276795782204339,1.7112166391931078,1.7018446315756537
79,DFT_CRT,time_scaling_t0,wide,DEoptim,259,2.9999833144745023,1,2.364355825772354,1,1.0910796671468523,0.4992287361766104,4.276795782204339,1.7112166391931078,1.7018446315756537
79,DFT_CRT,time_scaling_t0,wide,DEoptim,260,2.9999833144745023,1,2.364355825772354,1,1.0910796671468523,0.4992287361766104,4.276795782204339,1.7112166391931078,1.7018446315756537
79,DFT_CRT,time_scaling_t0,wide,DEoptim,261,2.9999833144745023,1,2.364355825772354,1,1.0910796671468523,0.4992287361766104,4.276795782204339,1.7112166391931078,1.7018446315756537
79,DFT_CRT,time_scaling_t0,wide,DEoptim,262,2.9999833144745023,1,2.364355825772354,1,1.0910796671468523,0.4992287361766104,4.276795782204339,1.7112166391931078,1.7018446315756537
79,DFT_CRT,time_scaling_t0,wide,DEoptim,263,2.9999833144745023,1,2.364355825772354,1,1.0910796671468523,0.4992287361766104,4.276795782204339,1.7112166391931078,1.7018446315756537
79,DFT_CRT,time_scaling_t0,wide,DEoptim,264,2.9999833144745023,1,2.364355825772354,1,1.0910796671468523,0.4992287361766104,4.276795782204339,1.7112166391931078,1.7018446315756537
79,DFT_CRT,time_scaling_t0,wide,DEoptim,265,2.9999833144745023,1,2.364355825772354,1,1.0910796671468523,0.4992287361766104,4.276795782204339,1.7112166391931078,1.7018446315756537
79,DFT_CRT,time_scaling_t0,wide,DEoptim,266,2.9999833144745023,1,2.364355825772354,1,1.0910796671468523,0.4992287361766104,4.276795782204339,1.7112166391931078,1.7018446315756537
79,DFT_CRT,time_scaling_t0,wide,DEoptim,267,2.9999833144745023,1,2.364355825772354,1,1.0910796671468523,0.4992287361766104,4.276795782204339,1.7112166391931078,1.7018446315756537
79,DFT_CRT,time_scaling_t0,wide,DEoptim,268,2.9999833144745023,1,2.364355825772354,1,1.0910796671468523,0.4992287361766104,4.276795782204339,1.7043705533284057,1.7011555986357147
79,DFT_CRT,time_scaling_t0,wide,DEoptim,269,2.9999833144745023,1,2.364355825772354,1,1.0910796671468523,0.4992287361766104,4.276795782204339,1.7043705533284057,1.7011555986357147
79,DFT_CRT,time_scaling_t0,wide,DEoptim,270,2.9999833144745023,1,2.364355825772354,1,1.0910796671468523,0.4992287361766104,4.276795782204339,1.7043705533284057,1.7011555986357147
79,DFT_CRT,time_scaling_t0,wide,DEoptim,271,2.9999833144745023,1,2.3673999908635768,1,1.0910796671468523,0.4992287361766104,4.276795782204339,1.7043705533284057,1.7011555986357147
79,DFT_CRT,time_scaling_t0,wide,DEoptim,272,2.9999833144745023,1,2.3673999908635768,1,1.0910796671468523,0.4992287361766104,4.276795782204339,1.7043705533284057,1.7011555986357147
79,DFT_CRT,time_scaling_t0,wide,DEoptim,273,2.9999833144745023,1,2.3673999908635768,1,1.0910796671468523,0.4992287361766104,4.276795782204339,1.7043705533284057,1.7011555986357147
79,DFT_CRT,time_scaling_t0,wide,DEoptim,274,2.9999833144745023,1,2.3673999908635768,1,1.0910796671468523,0.4992287361766104,4.276795782204339,1.7043705533284057,1.7011555986357147
79,DFT_CRT,time_scaling_t0,wide,DEoptim,275,2.9999833144745023,1,2.3673999908635768,1,1.0910796671468523,0.4992287361766104,4.276795782204339,1.7043705533284057,1.7011555986357147
79,DFT_CRT,time_scaling_t0,wide,DEoptim,276,2.9999833144745023,1,2.3673999908635768,1,1.0910796671468523,0.4992287361766104,4.263804482079563,1.7043705533284057,1.7011555986357147
79,DFT_CRT,time_scaling_t0,wide,DEoptim,277,2.9999833144745023,1,2.3673999908635768,1,1.0910796671468523,0.4992287361766104,4.263804482079563,1.7043705533284057,1.7011555986357147
79,DFT_CRT,time_scaling_t0,wide,DEoptim,278,2.9999833144745023,1,2.3673999908635768,1,1.0910796671468523,0.4992287361766104,4.263804482079563,1.7058937406845016,1.7011555986357147
79,DFT_CRT,time_scaling_t0,wide,DEoptim,279,2.9999833144745023,1,2.3673999908635768,1,1.0910796671468523,0.4992287361766104,4.263804482079563,1.7058937406845016,1.7011555986357147
79,DFT_CRT,time_scaling_t0,wide,DEoptim,280,2.9999833144745023,1,2.3673999908635768,1,1.0910796671468523,0.4992287361766104,4.263804482079563,1.7058937406845016,1.7011555986357147
79,DFT_CRT,time_scaling_t0,wide,DEoptim,281,2.9999833144745023,1,2.3673999908635768,1,1.0910796671468523,0.4992287361766104,4.263804482079563,1.706746919377275,1.7011555986357147
79,DFT_CRT,time_scaling_t0,wide,DEoptim,282,2.9999833144745023,1,2.3673999908635768,1,1.0910796671468523,0.4992287361766104,4.263804482079563,1.706746919377275,1.7011555986357147
79,DFT_CRT,time_scaling_t0,wide,DEoptim,283,2.9999833144745023,1,2.3673999908635768,1,1.0910796671468523,0.4992287361766104,4.263804482079563,1.706746919377275,1.7011555986357147
79,DFT_CRT,time_scaling_t0,wide,DEoptim,284,2.9999833144745023,1,2.3673999908635768,1,1.0910796671468523,0.4992287361766104,4.263804482079563,1.706746919377275,1.7011555986357147
79,DFT_CRT,time_scaling_t0,wide,DEoptim,285,2.9999833144745023,1,2.3673999908635768,1,1.0910796671468523,0.4992287361766104,4.263804482079563,1.706746919377275,1.7011555986357147
79,DFT_CRT,time_scaling_t0,wide,DEoptim,286,2.9999833144745023,1,2.3673999908635768,1,1.0910796671468523,0.4992287361766104,4.263804482079563,1.706746919377275,1.7011555986357147
79,DFT_CRT,time_scaling_t0,wide,DEoptim,287,2.9999833144745023,1,2.3673999908635768,1,1.0910796671468523,0.4992287361766104,4.263804482079563,1.706746919377275,1.7011555986357147
79,DFT_CRT,time_scaling_t0,wide,DEoptim,288,2.9999833144745023,1,2.3673999908635768,1,1.0910796671468523,0.4992287361766104,4.263804482079563,1.706746919377275,1.7011555986357147
79,DFT_CRT,time_scaling_t0,wide,DEoptim,289,2.9999833144745023,1,2.3673999908635768,1,1.0910796671468523,0.4992287361766104,4.263804482079563,1.706746919377275,1.7011555986357147
79,DFT_CRT,time_scaling_t0,wide,DEoptim,290,2.9999833144745023,1,2.3673999908635768,1,1.0910796671468523,0.4992287361766104,4.263804482079563,1.706746919377275,1.7011555986357147
79,DFT_CRT,time_scaling_t0,wide,DEoptim,291,2.9999833144745023,1,2.3673999908635768,1,1.0910796671468523,0.4992287361766104,4.263804482079563,1.706746919377275,1.7011555986357147
79,DFT_CRT,time_scaling_t0,wide,DEoptim,292,2.9999833144745023,1,2.3673999908635768,1,1.0910796671468523,0.4992287361766104,4.263804482079563,1.706746919377275,1.7011555986357147
79,DFT_CRT,time_scaling_t0,wide,DEoptim,293,2.9999833144745023,1,2.3673999908635768,1,1.0910796671468523,0.4992287361766104,4.263804482079563,1.706746919377275,1.7011555986357147
79,DFT_CRT,time_scaling_t0,wide,DEoptim,294,2.9999833144745023,1,2.3673999908635768,1,1.0910796671468523,0.4992287361766104,4.263804482079563,1.706746919377275,1.7011555986357147
79,DFT_CRT,time_scaling_t0,wide,DEoptim,295,2.9999833144745023,1,2.3673999908635768,1,1.0910796671468523,0.4992287361766104,4.263804482079563,1.706746919377275,1.7011555986357147
79,DFT_CRT,time_scaling_t0,wide,DEoptim,296,2.9999833144745023,1,2.3673999908635768,1,1.0910796671468523,0.4992287361766104,4.263804482079563,1.706746919377275,1.7011555986357147
79,DFT_CRT,time_scaling_t0,wide,DEoptim,297,2.9999833144745023,1,2.3673999908635768,1,1.0910796671468523,0.4992287361766104,4.263804482079563,1.706746919377275,1.7011555986357147
79,DFT_CRT,time_scaling_t0,wide,DEoptim,298,2.9999833144745023,1,2.3673999908635768,1,1.0910796671468523,0.4992287361766104,4.263804482079563,1.706746919377275,1.7011555986357147
79,DFT_CRT,time_scaling_t0,wide,DEoptim,299,2.9999833144745023,1,2.3673999908635768,1,1.0910796671468523,0.4992287361766104,4.263804482079563,1.706746919377275,1.7011555986357147
79,DFT_CRT,time_scaling_t0,wide,DEoptim,300,2.9999833144745023,1,2.3673999908635768,1,1.0910796671468523,0.4992287361766104,4.263804482079563,1.706746919377275,1.7011555986357147
79,DFT_CRT,time_scaling_t0,wide,DEoptim,301,2.9999833144745023,1,2.3673999908635768,1,1.0910796671468523,0.4992287361766104,4.263804482079563,1.706746919377275,1.7011555986357147
79,DFT_CRT,time_scaling_t0,wide,DEoptim,302,2.9982704689420365,1,2.3706185347904527,1,1.1039086739095618,0.5039507044921738,4.265313550931334,1.7092258246548093,1.701097569726737
79,DFT_CRT,time_scaling_t0,wide,DEoptim,303,2.9982704689420365,1,2.3706185347904527,1,1.1039086739095618,0.5039507044921738,4.265313550931334,1.7092258246548093,1.701097569726737
79,DFT_CRT,time_scaling_t0,wide,DEoptim,304,2.9982704689420365,1,2.3706185347904527,1,1.1039086739095618,0.5039507044921738,4.265313550931334,1.7092258246548093,1.701097569726737
79,DFT_CRT,time_scaling_t0,wide,DEoptim,305,2.9982704689420365,1,2.3706185347904527,1,1.1039086739095618,0.5039507044921738,4.265313550931334,1.7092258246548093,1.701097569726737
79,DFT_CRT,time_scaling_t0,wide,DEoptim,306,2.99953569032444,1,2.363596139936226,1,1.1467117684572548,0.5016999289660076,4.267519348193133,1.7085269977628852,1.6964722182645395
79,DFT_CRT,time_scaling_t0,wide,DEoptim,307,2.99953569032444,1,2.363596139936226,1,1.1467117684572548,0.5016999289660076,4.267519348193133,1.7085269977628852,1.6964722182645395
79,DFT_CRT,time_scaling_t0,wide,DEoptim,308,2.99953569032444,1,2.363596139936226,1,1.1467117684572548,0.5016999289660076,4.267519348193133,1.7085269977628852,1.6964722182645395
79,DFT_CRT,time_scaling_t0,wide,DEoptim,309,2.99953569032444,1,2.363596139936226,1,1.1467117684572548,0.5016999289660076,4.267519348193133,1.7085269977628852,1.6964722182645395
79,DFT_CRT,time_scaling_t0,wide,DEoptim,310,2.9997902897911546,1,2.3656794867025868,1,1.1190990685003817,0.5030386484746713,4.2708948049419995,1.7100812538835328,1.699571850168014
79,DFT_CRT,time_scaling_t0,wide,DEoptim,311,2.9997902897911546,1,2.3656794867025868,1,1.1190990685003817,0.5030386484746713,4.2708948049419995,1.7100812538835328,1.699571850168014
79,DFT_CRT,time_scaling_t0,wide,DEoptim,312,2.9997902897911546,1,2.3656794867025868,1,1.1190990685003817,0.5030386484746713,4.2708948049419995,1.7100812538835328,1.699571850168014
79,DFT_CRT,time_scaling_t0,wide,DEoptim,313,2.9997902897911546,1,2.3656794867025868,1,1.1190990685003817,0.5030386484746713,4.2708948049419995,1.7100812538835328,1.699571850168014
79,DFT_CRT,time_scaling_t0,wide,DEoptim,314,2.9997902897911546,1,2.3656794867025868,1,1.1190990685003817,0.5030386484746713,4.275367623123496,1.7100812538835328,1.699571850168014
79,DFT_CRT,time_scaling_t0,wide,DEoptim,315,2.9997902897911546,1,2.3656794867025868,1,1.1190990685003817,0.5030386484746713,4.275367623123496,1.7100812538835328,1.699571850168014
79,DFT_CRT,time_scaling_t0,wide,DEoptim,316,2.9997902897911546,1,2.3656794867025868,1,1.1190990685003817,0.5030386484746713,4.275367623123496,1.7100812538835328,1.699571850168014
79,DFT_CRT,time_scaling_t0,wide,DEoptim,317,2.9997902897911546,1,2.3656794867025868,1,1.1190990685003817,0.5030386484746713,4.275367623123496,1.7100812538835328,1.699571850168014
79,DFT_CRT,time_scaling_t0,wide,DEoptim,318,2.9997902897911546,1,2.3656794867025868,1,1.1190990685003817,0.5030386484746713,4.275367623123496,1.7100812538835328,1.699571850168014
79,DFT_CRT,time_scaling_t0,wide,DEoptim,319,2.9997902897911546,1,2.3656794867025868,1,1.1323144003827292,0.5030386484746713,4.275367623123496,1.7100812538835328,1.699571850168014
79,DFT_CRT,time_scaling_t0,wide,DEoptim,320,2.9997902897911546,1,2.3656794867025868,1,1.1323144003827292,0.5030386484746713,4.275367623123496,1.7100812538835328,1.699571850168014
79,DFT_CRT,time_scaling_t0,wide,DEoptim,321,2.9997902897911546,1,2.3656794867025868,1,1.1323144003827292,0.5030386484746713,4.275367623123496,1.7100812538835328,1.699571850168014
79,DFT_CRT,time_scaling_t0,wide,DEoptim,322,2.9997902897911546,1,2.3656794867025868,1,1.1323144003827292,0.5030386484746713,4.275367623123496,1.7100812538835328,1.699571850168014
79,DFT_CRT,time_scaling_t0,wide,DEoptim,323,2.9997902897911546,1,2.3656794867025868,1,1.1323144003827292,0.5030386484746713,4.275367623123496,1.7100812538835328,1.699571850168014
79,DFT_CRT,time_scaling_t0,wide,DEoptim,324,2.9997902897911546,1,2.3656794867025868,1,1.1323144003827292,0.5030386484746713,4.275367623123496,1.7100812538835328,1.699571850168014
79,DFT_CRT,time_scaling_t0,wide,DEoptim,325,2.9997902897911546,1,2.367160409737979,1,1.1280285037989577,0.5030386484746713,4.275367623123496,1.7100812538835328,1.699571850168014
79,DFT_CRT,time_scaling_t0,wide,DEoptim,326,2.9997902897911546,1,2.367160409737979,1,1.1280285037989577,0.5030386484746713,4.275367623123496,1.7100812538835328,1.699571850168014
79,DFT_CRT,time_scaling_t0,wide,DEoptim,327,2.9997902897911546,1,2.367160409737979,1,1.1280285037989577,0.5030386484746713,4.275367623123496,1.7100812538835328,1.699571850168014
79,DFT_CRT,time_scaling_t0,wide,DEoptim,328,2.9997902897911546,1,2.367160409737979,1,1.1280285037989577,0.5030386484746713,4.275367623123496,1.7100812538835328,1.699571850168014
79,DFT_CRT,time_scaling_t0,wide,DEoptim,329,2.9997902897911546,1,2.367160409737979,1,1.1280285037989577,0.5030386484746713,4.275367623123496,1.7100812538835328,1.699571850168014
79,DFT_CRT,time_scaling_t0,wide,DEoptim,330,2.9997902897911546,1,2.367160409737979,1,1.1280285037989577,0.5030386484746713,4.275367623123496,1.7100812538835328,1.699571850168014
79,DFT_CRT,time_scaling_t0,wide,DEoptim,331,2.9997902897911546,1,2.367160409737979,1,1.1280285037989577,0.5030386484746713,4.275367623123496,1.7100812538835328,1.699571850168014
79,DFT_CRT,time_scaling_t0,wide,DEoptim,332,2.9997902897911546,1,2.367160409737979,1,1.1280285037989577,0.5030386484746713,4.275367623123496,1.7100812538835328,1.699571850168014
79,DFT_CRT,time_scaling_t0,wide,DEoptim,333,2.9997902897911546,1,2.367160409737979,1,1.1280285037989577,0.5030386484746713,4.275367623123496,1.7100812538835328,1.699571850168014
79,DFT_CRT,time_scaling_t0,wide,DEoptim,334,2.9997902897911546,1,2.367160409737979,1,1.1280285037989577,0.5030386484746713,4.275367623123496,1.7100812538835328,1.699571850168014
79,DFT_CRT,time_scaling_t0,wide,DEoptim,335,2.9997902897911546,1,2.367160409737979,1,1.1280285037989577,0.5030386484746713,4.275367623123496,1.7100812538835328,1.699571850168014
79,DFT_CRT,time_scaling_t0,wide,DEoptim,336,2.9997902897911546,1,2.367160409737979,1,1.1280285037989577,0.5030386484746713,4.275367623123496,1.7100812538835328,1.699571850168014
79,DFT_CRT,time_scaling_t0,wide,DEoptim,337,2.9997902897911546,1,2.367160409737979,1,1.1280285037989577,0.5030386484746713,4.275367623123496,1.7100812538835328,1.699571850168014
79,DFT_CRT,time_scaling_t0,wide,DEoptim,338,2.9997902897911546,1,2.367160409737979,1,1.1280285037989577,0.5030386484746713,4.275367623123496,1.7100812538835328,1.699571850168014
79,DFT_CRT,time_scaling_t0,wide,DEoptim,339,2.9997902897911546,1,2.367160409737979,1,1.1280285037989577,0.5030386484746713,4.275367623123496,1.7100812538835328,1.699571850168014
79,DFT_CRT,time_scaling_t0,wide,DEoptim,340,2.9997902897911546,1,2.367160409737979,1,1.1280285037989577,0.5031115807677988,4.275367623123496,1.7100812538835328,1.699571850168014
79,DFT_CRT,time_scaling_t0,wide,DEoptim,341,2.9997902897911546,1,2.367160409737979,1,1.1280285037989577,0.5031115807677988,4.275367623123496,1.7100812538835328,1.699571850168014
79,DFT_CRT,time_scaling_t0,wide,DEoptim,342,2.9997902897911546,1,2.367160409737979,1,1.1280285037989577,0.5031115807677988,4.275367623123496,1.7100812538835328,1.699571850168014
79,DFT_CRT,time_scaling_t0,wide,DEoptim,343,2.9997902897911546,1,2.367160409737979,1,1.1280285037989577,0.5031115807677988,4.275367623123496,1.7100812538835328,1.699571850168014
79,DFT_CRT,time_scaling_t0,wide,DEoptim,344,2.9997902897911546,1,2.367160409737979,1,1.1280285037989577,0.5031115807677988,4.275367623123496,1.7100812538835328,1.699571850168014
79,DFT_CRT,time_scaling_t0,wide,DEoptim,345,2.9999833144745023,1,2.3673999908635768,1,1.1145291260126062,0.5035959318206097,4.275542104278976,1.7096005556446494,1.701021338666285
79,DFT_CRT,time_scaling_t0,wide,DEoptim,346,2.9999833144745023,1,2.3673999908635768,1,1.1145291260126062,0.5035959318206097,4.275542104278976,1.7089867415019424,1.701021338666285
79,DFT_CRT,time_scaling_t0,wide,DEoptim,347,2.9999833144745023,1,2.3673999908635768,1,1.1145291260126062,0.5035959318206097,4.275542104278976,1.7089867415019424,1.701021338666285
79,DFT_CRT,time_scaling_t0,wide,DEoptim,348,2.9999833144745023,1,2.3673999908635768,1,1.1145291260126062,0.5035959318206097,4.275542104278976,1.7089867415019424,1.701021338666285
79,DFT_CRT,time_scaling_t0,wide,DEoptim,349,2.9999833144745023,1,2.3673999908635768,1,1.1145291260126062,0.5035959318206097,4.275542104278976,1.7089867415019424,1.701021338666285
79,DFT_CRT,time_scaling_t0,wide,DEoptim,350,2.9999833144745023,1,2.3673999908635768,1,1.1145291260126062,0.5035959318206097,4.275542104278976,1.7089867415019424,1.701021338666285
79,DFT_CRT,time_scaling_t0,wide,DEoptim,351,2.9999833144745023,1,2.3681260128282506,1,1.1145291260126062,0.5035959318206097,4.275542104278976,1.7089867415019424,1.701021338666285
79,DFT_CRT,time_scaling_t0,wide,DEoptim,352,2.9999833144745023,1,2.3681260128282506,1,1.1200999799783466,0.5035959318206097,4.275542104278976,1.7089867415019424,1.701021338666285
79,DFT_CRT,time_scaling_t0,wide,DEoptim,353,2.9999833144745023,1,2.3681260128282506,1,1.1200999799783466,0.5035959318206097,4.275542104278976,1.7089867415019424,1.701021338666285
79,DFT_CRT,time_scaling_t0,wide,DEoptim,354,2.9999833144745023,1,2.3681260128282506,1,1.1200999799783466,0.5035959318206097,4.275542104278976,1.7089867415019424,1.701021338666285
79,DFT_CRT,time_scaling_t0,wide,DEoptim,355,2.9999833144745023,1,2.3681260128282506,1,1.1200999799783466,0.5035959318206097,4.275542104278976,1.7089867415019424,1.701021338666285
79,DFT_CRT,time_scaling_t0,wide,DEoptim,356,2.9999833144745023,1,2.3681260128282506,1,1.1200999799783466,0.5035959318206097,4.275542104278976,1.7089867415019424,1.701021338666285
79,DFT_CRT,time_scaling_t0,wide,DEoptim,357,2.9999833144745023,1,2.3681260128282506,1,1.1200999799783466,0.5035959318206097,4.275542104278976,1.7089867415019424,1.701021338666285
79,DFT_CRT,time_scaling_t0,wide,DEoptim,358,2.9999833144745023,1,2.3681260128282506,1,1.1200999799783466,0.5035959318206097,4.275542104278976,1.7089867415019424,1.701021338666285
79,DFT_CRT,time_scaling_t0,wide,DEoptim,359,2.9999833144745023,1,2.3681260128282506,1,1.1200999799783466,0.5035959318206097,4.275542104278976,1.7089867415019424,1.701021338666285
79,DFT_CRT,time_scaling_t0,wide,DEoptim,360,2.9999833144745023,1,2.3681260128282506,1,1.1200999799783466,0.5035959318206097,4.275542104278976,1.7089867415019424,1.701021338666285
79,DFT_CRT,time_scaling_t0,wide,DEoptim,361,2.9999833144745023,1,2.3681260128282506,1,1.1200999799783466,0.5035959318206097,4.275542104278976,1.7089867415019424,1.701021338666285
79,DFT_CRT,time_scaling_t0,wide,DEoptim,362,2.9999833144745023,1,2.3681260128282506,1,1.1200999799783466,0.5035959318206097,4.275542104278976,1.7089867415019424,1.701021338666285
79,DFT_CRT,time_scaling_t0,wide,DEoptim,363,2.9999833144745023,1,2.3681260128282506,1,1.1200999799783466,0.5035959318206097,4.275542104278976,1.7089867415019424,1.701021338666285
79,DFT_CRT,time_scaling_t0,wide,DEoptim,364,2.9999833144745023,1,2.3681260128282506,1,1.1200999799783466,0.5035959318206097,4.275542104278976,1.7089867415019424,1.701021338666285
79,DFT_CRT,time_scaling_t0,wide,DEoptim,365,2.9999833144745023,1,2.3681260128282506,1,1.1200999799783466,0.5035959318206097,4.275542104278976,1.7089867415019424,1.701021338666285
79,DFT_CRT,time_scaling_t0,wide,DEoptim,366,2.9999833144745023,1,2.3681260128282506,1,1.1200999799783466,0.5035959318206097,4.275542104278976,1.7089867415019424,1.701021338666285
79,DFT_CRT,time_scaling_t0,wide,DEoptim,367,2.9998933558855203,1,2.3685333426228166,1,1.1170254770943182,0.5035852211685808,4.276882593936708,1.708647374146248,1.6997682033159167
79,DFT_CRT,time_scaling_t0,wide,DEoptim,368,2.9998933558855203,1,2.3685333426228166,1,1.1170254770943182,0.5035852211685808,4.276882593936708,1.708647374146248,1.6997682033159167
79,DFT_CRT,time_scaling_t0,wide,DEoptim,369,2.9999892692986974,1,2.3676033634452214,1,1.1144091880004927,0.5030454405725056,4.274762382697554,1.708291139148466,1.700407389671158
79,DFT_CRT,time_scaling_t0,wide,DEoptim,370,2.9999892692986974,1,2.3676033634452214,1,1.1144091880004927,0.5030454405725056,4.274762382697554,1.708291139148466,1.700407389671158
79,DFT_CRT,time_scaling_t0,wide,DEoptim,371,2.9999892692986974,1,2.3676033634452214,1,1.1144091880004927,0.5030454405725056,4.274762382697554,1.708291139148466,1.6999954763882983
79,DFT_CRT,time_scaling_t0,wide,DEoptim,372,2.9999640536029233,1,2.36840733484718,1,1.1168233990562457,0.5035852211685808,4.276882593936708,1.708647374146248,1.6991143898542929
79,DFT_CRT,time_scaling_t0,wide,DEoptim,373,2.9999640536029233,1,2.36840733484718,1,1.1168233990562457,0.5035852211685808,4.276882593936708,1.708647374146248,1.6991143898542929
79,DFT_CRT,time_scaling_t0,wide,DEoptim,374,2.9999640536029233,1,2.36840733484718,1,1.1168233990562457,0.5035852211685808,4.276882593936708,1.708647374146248,1.6991143898542929
79,DFT_CRT,time_scaling_t0,wide,DEoptim,375,2.9999640536029233,1,2.36840733484718,1,1.1168233990562457,0.5035852211685808,4.276882593936708,1.708647374146248,1.6991143898542929
79,DFT_CRT,time_scaling_t0,wide,DEoptim,376,2.9999640536029233,1,2.36840733484718,1,1.1168233990562457,0.5035852211685808,4.276882593936708,1.708647374146248,1.6991143898542929
79,DFT_CRT,time_scaling_t0,wide,DEoptim,377,2.9999640536029233,1,2.36840733484718,1,1.1168233990562457,0.5035852211685808,4.276882593936708,1.708647374146248,1.6991143898542929
79,DFT_CRT,time_scaling_t0,wide,DEoptim,378,2.9999640536029233,1,2.36840733484718,1,1.1168233990562457,0.5035852211685808,4.276882593936708,1.708647374146248,1.6991143898542929
79,DFT_CRT,time_scaling_t0,wide,DEoptim,379,2.9999640536029233,1,2.36840733484718,1,1.1168233990562457,0.5035852211685808,4.276882593936708,1.708647374146248,1.6991143898542929
79,DFT_CRT,time_scaling_t0,wide,DEoptim,380,2.9999640536029233,1,2.36840733484718,1,1.1168233990562457,0.5035852211685808,4.276882593936708,1.708647374146248,1.6991143898542929
79,DFT_CRT,time_scaling_t0,wide,DEoptim,381,2.9999640536029233,1,2.36840733484718,1,1.1168233990562457,0.5035852211685808,4.276882593936708,1.708647374146248,1.6991143898542929
79,DFT_CRT,time_scaling_t0,wide,DEoptim,382,2.9999640536029233,1,2.36840733484718,1,1.1168233990562457,0.5035852211685808,4.276882593936708,1.708647374146248,1.6991143898542929
79,DFT_CRT,time_scaling_t0,wide,DEoptim,383,2.9999640536029233,1,2.36840733484718,1,1.1168233990562457,0.5035852211685808,4.276882593936708,1.708647374146248,1.6991143898542929
79,DFT_CRT,time_scaling_t0,wide,DEoptim,384,2.9999907634091945,1,2.3678434770551067,1,1.1201792449657781,0.5036106629720769,4.277354042673478,1.7087002280956989,1.699378516049046
79,DFT_CRT,time_scaling_t0,wide,DEoptim,385,2.9999907634091945,1,2.3678434770551067,1,1.1201792449657781,0.5036106629720769,4.277354042673478,1.7087002280956989,1.699378516049046
79,DFT_CRT,time_scaling_t0,wide,DEoptim,386,2.9999907634091945,1,2.3678434770551067,1,1.1201792449657781,0.5036106629720769,4.277354042673478,1.7087002280956989,1.699378516049046
79,DFT_CRT,time_scaling_t0,wide,DEoptim,387,2.9999907634091945,1,2.3678434770551067,1,1.1201792449657781,0.5036106629720769,4.277354042673478,1.7087002280956989,1.699378516049046
79,DFT_CRT,time_scaling_t0,wide,DEoptim,388,2.9999925148044952,1,2.3681006556192115,1,1.1160923835596057,0.5035167082796836,4.278728576929916,1.7083917196287703,1.6989287256669885
79,DFT_CRT,time_scaling_t0,wide,DEoptim,389,2.9999925148044952,1,2.3681006556192115,1,1.1160923835596057,0.5035167082796836,4.278728576929916,1.7083917196287703,1.6989287256669885
79,DFT_CRT,time_scaling_t0,wide,DEoptim,390,2.9999925148044952,1,2.3681006556192115,1,1.1160923835596057,0.5035167082796836,4.278728576929916,1.7083917196287703,1.6989287256669885
79,DFT_CRT,time_scaling_t0,wide,DEoptim,391,2.9999925148044952,1,2.3681006556192115,1,1.1160923835596057,0.5035167082796836,4.278728576929916,1.7083917196287703,1.6989287256669885
79,DFT_CRT,time_scaling_t0,wide,DEoptim,392,2.9999925148044952,1,2.3681006556192115,1,1.1160923835596057,0.5035167082796836,4.278728576929916,1.7083917196287703,1.6989287256669885
79,DFT_CRT,time_scaling_t0,wide,DEoptim,393,2.9999925148044952,1,2.3681006556192115,1,1.1160923835596057,0.5035167082796836,4.278728576929916,1.7083917196287703,1.6989287256669885
79,DFT_CRT,time_scaling_t0,wide,DEoptim,394,2.9999925148044952,1,2.3681006556192115,1,1.1160923835596057,0.5035167082796836,4.278728576929916,1.7083917196287703,1.6989287256669885
79,DFT_CRT,time_scaling_t0,wide,DEoptim,395,2.9999925148044952,1,2.3681006556192115,1,1.1160923835596057,0.5035167082796836,4.278728576929916,1.7083917196287703,1.6989287256669885
79,DFT_CRT,time_scaling_t0,wide,DEoptim,396,2.9999925148044952,1,2.3681006556192115,1,1.1160923835596057,0.5035167082796836,4.278728576929916,1.7083917196287703,1.6989287256669885
79,DFT_CRT,time_scaling_t0,wide,DEoptim,397,2.9999925148044952,1,2.3681006556192115,1,1.1160923835596057,0.5035167082796836,4.278728576929916,1.7083917196287703,1.6989287256669885
79,DFT_CRT,time_scaling_t0,wide,DEoptim,398,2.9999925148044952,1,2.3681006556192115,1,1.1160923835596057,0.5035167082796836,4.278728576929916,1.7083917196287703,1.6989287256669885
79,DFT_CRT,time_scaling_t0,wide,DEoptim,399,2.9999925148044952,1,2.3681006556192115,1,1.1160923835596057,0.5035167082796836,4.278728576929916,1.7083917196287703,1.6989287256669885
79,DFT_CRT,time_scaling_t0,wide,DEoptim,400,2.9999925148044952,1,2.3681006556192115,1,1.1160923835596057,0.5035167082796836,4.278728576929916,1.7083917196287703,1.6989287256669885
79,DFT_CRT,time_scaling_t0,wide,DEoptim,401,2.9999925148044952,1,2.3681006556192115,1,1.1160923835596057,0.5035167082796836,4.278728576929916,1.7083917196287703,1.6989287256669885
79,DFT_CRT,time_scaling_t0,wide,DEoptim,402,2.999998820810231,1,2.368434418370979,1,1.1155919357102508,0.5037173015016146,4.2780277197068575,1.708644686714158,1.699456707101713
79,DFT_CRT,time_scaling_t0,wide,DEoptim,403,2.999998820810231,1,2.368434418370979,1,1.1155919357102508,0.5037173015016146,4.2780277197068575,1.708644686714158,1.699456707101713
79,DFT_CRT,time_scaling_t0,wide,DEoptim,404,2.9999991584787327,1,2.3678434770551067,1,1.1201792449657781,0.5034316831776897,4.277354042673478,1.7087002280956989,1.699378516049046
79,DFT_CRT,time_scaling_t0,wide,DEoptim,405,2.9999991584787327,1,2.3678434770551067,1,1.1201792449657781,0.5034316831776897,4.277354042673478,1.7087002280956989,1.699378516049046
79,DFT_CRT,time_scaling_t0,wide,DEoptim,406,2.9999991584787327,1,2.3678434770551067,1,1.1201792449657781,0.5034316831776897,4.277354042673478,1.7087002280956989,1.699378516049046
79,DFT_CRT,time_scaling_t0,wide,DEoptim,407,2.9999991584787327,1,2.3678434770551067,1,1.1201792449657781,0.5034316831776897,4.277354042673478,1.7087002280956989,1.699378516049046
79,DFT_CRT,time_scaling_t0,wide,DEoptim,408,2.9999991584787327,1,2.3678434770551067,1,1.1201792449657781,0.5034316831776897,4.277354042673478,1.7087002280956989,1.699378516049046
79,DFT_CRT,time_scaling_t0,wide,DEoptim,409,2.9999991584787327,1,2.3678434770551067,1,1.1201792449657781,0.5034316831776897,4.277354042673478,1.7087002280956989,1.699378516049046
79,DFT_CRT,time_scaling_t0,wide,DEoptim,410,2.9999996480915927,1,2.367870360220565,1,1.117182556886049,0.5033705356861002,4.276865489373044,1.7089670863349513,1.6992479466693737
79,DFT_CRT,time_scaling_t0,wide,DEoptim,411,2.9999996480915927,1,2.367870360220565,1,1.117182556886049,0.5033705356861002,4.276865489373044,1.7089670863349513,1.6992479466693737
79,DFT_CRT,time_scaling_t0,wide,DEoptim,412,2.9999996480915927,1,2.367870360220565,1,1.117182556886049,0.5033705356861002,4.276865489373044,1.7089670863349513,1.6992479466693737
79,DFT_CRT,time_scaling_t0,wide,DEoptim,413,2.9999996480915927,1,2.367870360220565,1,1.117182556886049,0.5033705356861002,4.276865489373044,1.7089670863349513,1.6992479466693737
79,DFT_CRT,time_scaling_t0,wide,DEoptim,414,2.9999996480915927,1,2.367870360220565,1,1.117182556886049,0.5033705356861002,4.276865489373044,1.7088345032645789,1.6992479466693737
79,DFT_CRT,time_scaling_t0,wide,DEoptim,415,2.9999996480915927,1,2.367870360220565,1,1.117182556886049,0.5033685683391889,4.276865489373044,1.7088345032645789,1.6992479466693737
79,DFT_CRT,time_scaling_t0,wide,DEoptim,416,2.9999996480915927,1,2.367870360220565,1,1.117182556886049,0.5033685683391889,4.276865489373044,1.7088345032645789,1.6992479466693737
79,DFT_CRT,time_scaling_t0,wide,DEoptim,417,2.9999996480915927,1,2.367870360220565,1,1.117182556886049,0.5033685683391889,4.276865489373044,1.7088345032645789,1.6992479466693737
79,DFT_CRT,time_scaling_t0,wide,DEoptim,418,2.9999996480915927,1,2.367870360220565,1,1.117182556886049,0.5033685683391889,4.276865489373044,1.7088345032645789,1.6992479466693737
79,DFT_CRT,time_scaling_t0,wide,DEoptim,419,2.9999996480915927,1,2.367870360220565,1,1.117182556886049,0.5033685683391889,4.276865489373044,1.7088345032645789,1.6992479466693737
79,DFT_CRT,time_scaling_t0,wide,DEoptim,420,2.9999996480915927,1,2.367870360220565,1,1.117182556886049,0.5033685683391889,4.276865489373044,1.7088345032645789,1.6992479466693737
79,DFT_CRT,time_scaling_t0,wide,DEoptim,421,2.9999996480915927,1,2.367870360220565,1,1.117182556886049,0.5033685683391889,4.276865489373044,1.7088345032645789,1.6992479466693737
79,DFT_CRT,time_scaling_t0,wide,DEoptim,422,2.9999991584787327,1,2.368349873922526,1,1.1157536842684714,0.5034316831776897,4.277354042673478,1.7087002280956989,1.699231808852405
79,DFT_CRT,time_scaling_t0,wide,DEoptim,423,2.9999991584787327,1,2.368349873922526,1,1.1157536842684714,0.5034316831776897,4.277354042673478,1.7087002280956989,1.699231808852405
79,DFT_CRT,time_scaling_t0,wide,DEoptim,424,2.9999991584787327,1,2.368349873922526,1,1.1157536842684714,0.5034316831776897,4.277354042673478,1.7087002280956989,1.699231808852405
79,DFT_CRT,time_scaling_t0,wide,DEoptim,425,2.9999991584787327,1,2.368349873922526,1,1.1157536842684714,0.5034316831776897,4.277354042673478,1.7087002280956989,1.699231808852405
79,DFT_CRT,time_scaling_t0,wide,DEoptim,426,2.9999991584787327,1,2.368349873922526,1,1.1157536842684714,0.5034316831776897,4.277354042673478,1.7087002280956989,1.699231808852405
79,DFT_CRT,time_scaling_t0,wide,DEoptim,427,2.9999991584787327,1,2.3681131258205386,1,1.1157536842684714,0.5034316831776897,4.277354042673478,1.7087002280956989,1.699231808852405
79,DFT_CRT,time_scaling_t0,wide,DEoptim,428,2.9999991584787327,1,2.3681131258205386,1,1.1157536842684714,0.5034316831776897,4.277354042673478,1.7087002280956989,1.699231808852405
79,DFT_CRT,time_scaling_t0,wide,DEoptim,429,2.9999991584787327,1,2.3681131258205386,1,1.1157536842684714,0.5034316831776897,4.277354042673478,1.7087002280956989,1.699231808852405
79,DFT_CRT,time_scaling_t0,wide,DEoptim,430,2.9999991584787327,1,2.3681131258205386,1,1.1157536842684714,0.5034316831776897,4.277354042673478,1.7087002280956989,1.699231808852405
79,DFT_CRT,time_scaling_t0,wide,DEoptim,431,2.9999991584787327,1,2.3681131258205386,1,1.1157536842684714,0.5034316831776897,4.277354042673478,1.7087002280956989,1.699231808852405
79,DFT_CRT,time_scaling_t0,wide,DEoptim,432,2.9999991584787327,1,2.3681131258205386,1,1.1157536842684714,0.5034316831776897,4.277354042673478,1.7087002280956989,1.699231808852405
79,DFT_CRT,time_scaling_t0,wide,DEoptim,433,2.9999991584787327,1,2.3681131258205386,1,1.1157536842684714,0.5034316831776897,4.277354042673478,1.7087002280956989,1.699231808852405
79,DFT_CRT,time_scaling_t0,wide,DEoptim,434,2.9999991584787327,1,2.3681131258205386,1,1.1157536842684714,0.5034316831776897,4.277354042673478,1.7087002280956989,1.699231808852405
79,DFT_CRT,time_scaling_t0,wide,DEoptim,435,2.9999991584787327,1,2.3681131258205386,1,1.1157536842684714,0.5034316831776897,4.277354042673478,1.7087002280956989,1.699231808852405
79,DFT_CRT,time_scaling_t0,wide,DEoptim,436,2.9999991584787327,1,2.3681131258205386,1,1.1157536842684714,0.5034316831776897,4.277354042673478,1.7087002280956989,1.699231808852405
79,DFT_CRT,time_scaling_t0,wide,DEoptim,437,2.9999991584787327,1,2.3681131258205386,1,1.1157536842684714,0.5034316831776897,4.277354042673478,1.7087002280956989,1.699231808852405
79,DFT_CRT,time_scaling_t0,wide,DEoptim,438,2.9999991584787327,1,2.3681131258205386,1,1.1157536842684714,0.5034316831776897,4.277354042673478,1.7087002280956989,1.699231808852405
79,DFT_CRT,time_scaling_t0,wide,DEoptim,439,2.9999991584787327,1,2.3681131258205386,1,1.1157536842684714,0.5034316831776897,4.277354042673478,1.7087002280956989,1.699231808852405
79,DFT_CRT,time_scaling_t0,wide,DEoptim,440,2.9999991584787327,1,2.3681131258205386,1,1.1157536842684714,0.5034316831776897,4.277354042673478,1.7087002280956989,1.699231808852405
79,DFT_CRT,time_scaling_t0,wide,DEoptim,441,2.999999905797753,1,2.3678685368555463,1,1.1181381107738222,0.503360258355959,4.27702029381255,1.7087696745230063,1.699233372231049
79,DFT_CRT,time_scaling_t0,wide,DEoptim,442,2.999999905797753,1,2.3678685368555463,1,1.1181381107738222,0.503360258355959,4.27702029381255,1.7087696745230063,1.699233372231049
79,DFT_CRT,time_scaling_t0,wide,DEoptim,443,2.999999905797753,1,2.3678685368555463,1,1.1181381107738222,0.503360258355959,4.27702029381255,1.7087696745230063,1.699233372231049
79,DFT_CRT,time_scaling_t0,wide,DEoptim,444,2.999999905797753,1,2.3678685368555463,1,1.1181381107738222,0.503360258355959,4.27702029381255,1.7087696745230063,1.699233372231049
79,DFT_CRT,time_scaling_t0,wide,DEoptim,445,2.999999905797753,1,2.3678685368555463,1,1.1181381107738222,0.503360258355959,4.27702029381255,1.7087696745230063,1.699233372231049
79,DFT_CRT,time_scaling_t0,wide,DEoptim,446,2.9999996754525395,1,2.368294185665223,1,1.1160800896161518,0.5034735371063873,4.277553209479967,1.70869219396663,1.6992845661048872
79,DFT_CRT,time_scaling_t0,wide,DEoptim,447,2.9999996754525395,1,2.368294185665223,1,1.1160800896161518,0.5034735371063873,4.277553209479967,1.70869219396663,1.6992845661048872
79,DFT_CRT,time_scaling_t0,wide,DEoptim,448,2.9999996754525395,1,2.368294185665223,1,1.1160800896161518,0.5034735371063873,4.277553209479967,1.70869219396663,1.6992845661048872
79,DFT_CRT,time_scaling_t0,wide,DEoptim,449,2.9999996754525395,1,2.368294185665223,1,1.1160800896161518,0.5034735371063873,4.277553209479967,1.70869219396663,1.6992845661048872
79,DFT_CRT,time_scaling_t0,wide,DEoptim,450,2.9999996754525395,1,2.368294185665223,1,1.1160800896161518,0.5034735371063873,4.277553209479967,1.70869219396663,1.6992845661048872
79,DFT_CRT,time_scaling_t0,wide,DEoptim,451,2.9999996754525395,1,2.368294185665223,1,1.1160800896161518,0.5034735371063873,4.277553209479967,1.70869219396663,1.6992845661048872
79,DFT_CRT,time_scaling_t0,wide,DEoptim,452,2.9999996754525395,1,2.368294185665223,1,1.1160800896161518,0.5034735371063873,4.277553209479967,1.70869219396663,1.6992845661048872
79,DFT_CRT,time_scaling_t0,wide,DEoptim,453,2.9999996754525395,1,2.368294185665223,1,1.1160800896161518,0.5034735371063873,4.277553209479967,1.70869219396663,1.6992845661048872
79,DFT_CRT,time_scaling_t0,wide,DEoptim,454,2.9999996754525395,1,2.368294185665223,1,1.1160800896161518,0.5034735371063873,4.277553209479967,1.70869219396663,1.6992845661048872
79,DFT_CRT,time_scaling_t0,wide,DEoptim,455,2.9999996754525395,1,2.368294185665223,1,1.1160800896161518,0.5034735371063873,4.277553209479967,1.70869219396663,1.6992845661048872
79,DFT_CRT,time_scaling_t0,wide,DEoptim,456,2.9999993595878274,1,2.368172798891578,1,1.117219769497986,0.5034448069989249,4.277356355941188,1.7086883129040324,1.6992628186124892
79,DFT_CRT,time_scaling_t0,wide,DEoptim,457,2.9999993595878274,1,2.368172798891578,1,1.117219769497986,0.5034448069989249,4.277356355941188,1.7086883129040324,1.6992628186124892
79,DFT_CRT,time_scaling_t0,wide,DEoptim,458,2.9999993595878274,1,2.368172798891578,1,1.117219769497986,0.5034448069989249,4.277356355941188,1.7086883129040324,1.6992628186124892
79,DFT_CRT,time_scaling_t0,wide,DEoptim,459,2.999999647926955,1,2.368172798891578,1,1.117219769497986,0.5034448069989249,4.277356355941188,1.7086883129040324,1.6992628186124892
79,DFT_CRT,time_scaling_t0,wide,DEoptim,460,2.999999647926955,1,2.368172798891578,1,1.117219769497986,0.5034448069989249,4.277356355941188,1.7086883129040324,1.6992628186124892
79,DFT_CRT,time_scaling_t0,wide,DEoptim,461,2.999999776412745,1,2.368035563358528,1,1.1175048793219775,0.503466167342757,4.2775806700682555,1.708642465841735,1.699216444389118
79,DFT_CRT,time_scaling_t0,wide,DEoptim,462,2.999999776412745,1,2.368035563358528,1,1.1175048793219775,0.503466167342757,4.2775806700682555,1.708642465841735,1.699216444389118
79,DFT_CRT,time_scaling_t0,wide,DEoptim,463,2.999999647926955,1,2.3680572329325926,1,1.117219769497986,0.5034448069989249,4.277356355941188,1.7086883129040324,1.6992628186124892
79,DFT_CRT,time_scaling_t0,wide,DEoptim,464,2.999999647926955,1,2.3680572329325926,1,1.117219769497986,0.5034448069989249,4.277356355941188,1.7086883129040324,1.6992628186124892
79,DFT_CRT,time_scaling_t0,wide,DEoptim,465,2.999999647926955,1,2.3680572329325926,1,1.117219769497986,0.5034448069989249,4.277356355941188,1.7086883129040324,1.6992628186124892
79,DFT_CRT,time_scaling_t0,wide,DEoptim,466,2.999999647926955,1,2.3680572329325926,1,1.117219769497986,0.5034448069989249,4.277356355941188,1.7086883129040324,1.6992628186124892
79,DFT_CRT,time_scaling_t0,wide,DEoptim,467,2.999999689868408,1,2.3680572329325926,1,1.117219769497986,0.5034448069989249,4.277356355941188,1.7086883129040324,1.6992628186124892
79,DFT_CRT,time_scaling_t0,wide,DEoptim,468,2.999999689868408,1,2.3680572329325926,1,1.117219769497986,0.5034448069989249,4.277356355941188,1.7086883129040324,1.6992628186124892
79,DFT_CRT,time_scaling_t0,wide,DEoptim,469,2.999999689868408,1,2.3680572329325926,1,1.117219769497986,0.5034448069989249,4.277356355941188,1.7086883129040324,1.6992628186124892
79,DFT_CRT,time_scaling_t0,wide,DEoptim,470,2.999999689868408,1,2.3680572329325926,1,1.117219769497986,0.5034448069989249,4.277356355941188,1.7086883129040324,1.6992628186124892
79,DFT_CRT,time_scaling_t0,wide,DEoptim,471,2.999999689868408,1,2.3680572329325926,1,1.117219769497986,0.5034448069989249,4.277356355941188,1.7086883129040324,1.6992628186124892
79,DFT_CRT,time_scaling_t0,wide,DEoptim,472,2.999999689868408,1,2.3680572329325926,1,1.117219769497986,0.5034448069989249,4.277356355941188,1.7086883129040324,1.6992628186124892
79,DFT_CRT,time_scaling_t0,wide,DEoptim,473,2.999999689868408,1,2.3680572329325926,1,1.117219769497986,0.5034448069989249,4.277356355941188,1.7086883129040324,1.6992628186124892
79,DFT_CRT,time_scaling_t0,wide,DEoptim,474,2.9999999962981216,1,2.3680755196038508,1,1.1173845277293506,0.5034530811818815,4.277544613501182,1.7086670227167753,1.6992493935102995
79,DFT_CRT,time_scaling_t0,wide,DEoptim,475,2.999999965079399,1,2.3681313377146487,1,1.1168068198571344,0.5034500971090703,4.277286393767058,1.7087033815696682,1.6992494706372152
79,DFT_CRT,time_scaling_t0,wide,DEoptim,476,2.999999965079399,1,2.3681313377146487,1,1.1168068198571344,0.5034500971090703,4.277286393767058,1.7087033815696682,1.6992494706372152
79,DFT_CRT,time_scaling_t0,wide,DEoptim,477,2.999999965079399,1,2.3681313377146487,1,1.1168068198571344,0.5034500971090703,4.277286393767058,1.7087033815696682,1.6992494706372152
79,DFT_CRT,time_scaling_t0,wide,DEoptim,478,2.999999965079399,1,2.3681313377146487,1,1.1168068198571344,0.5034500971090703,4.277286393767058,1.7087033815696682,1.6992494706372152
79,DFT_CRT,time_scaling_t0,wide,DEoptim,479,2.999999965079399,1,2.3681313377146487,1,1.1168068198571344,0.5034500971090703,4.277286393767058,1.7087033815696682,1.6992494706372152
79,DFT_CRT,time_scaling_t0,wide,DEoptim,480,2.999999965079399,1,2.3681313377146487,1,1.1168068198571344,0.5034500971090703,4.277286393767058,1.7087033815696682,1.6992494706372152
79,DFT_CRT,time_scaling_t0,wide,DEoptim,481,2.999999965079399,1,2.3681313377146487,1,1.1168068198571344,0.5034500971090703,4.277286393767058,1.7087033815696682,1.6992494706372152
79,DFT_CRT,time_scaling_t0,wide,DEoptim,482,2.999999965079399,1,2.3681313377146487,1,1.1168068198571344,0.5034500971090703,4.277286393767058,1.7087033815696682,1.6992494706372152
79,DFT_CRT,time_scaling_t0,wide,DEoptim,483,2.999999965079399,1,2.3681313377146487,1,1.1168068198571344,0.5034500971090703,4.277286393767058,1.7087033815696682,1.6992494706372152
79,DFT_CRT,time_scaling_t0,wide,DEoptim,484,2.999999965079399,1,2.3681313377146487,1,1.1168068198571344,0.5034500971090703,4.277286393767058,1.7087033815696682,1.6992494706372152
79,DFT_CRT,time_scaling_t0,wide,DEoptim,485,2.999999965079399,1,2.3681313377146487,1,1.1168068198571344,0.5034500971090703,4.277286393767058,1.7087033815696682,1.6992494706372152
79,DFT_CRT,time_scaling_t0,wide,DEoptim,486,2.999999965079399,1,2.3681313377146487,1,1.1168068198571344,0.5034500971090703,4.277286393767058,1.7087033815696682,1.6992494706372152
79,DFT_CRT,time_scaling_t0,wide,DEoptim,487,2.999999965079399,1,2.3681313377146487,1,1.1168068198571344,0.5034500971090703,4.277286393767058,1.7087033815696682,1.6992494706372152
79,DFT_CRT,time_scaling_t0,wide,DEoptim,488,2.999999965079399,1,2.3681313377146487,1,1.1168068198571344,0.5034500971090703,4.277286393767058,1.7087033815696682,1.6992494706372152
79,DFT_CRT,time_scaling_t0,wide,DEoptim,489,2.999999965079399,1,2.3681313377146487,1,1.1168068198571344,0.5034500971090703,4.277286393767058,1.7087033815696682,1.6992494706372152
79,DFT_CRT,time_scaling_t0,wide,DEoptim,490,2.999999965079399,1,2.3681313377146487,1,1.1168068198571344,0.5034500971090703,4.277286393767058,1.7087033815696682,1.6992494706372152
79,DFT_CRT,time_scaling_t0,wide,DEoptim,491,2.999999965079399,1,2.3681313377146487,1,1.1168068198571344,0.5034500971090703,4.277286393767058,1.7087033815696682,1.6992494706372152
79,DFT_CRT,time_scaling_t0,wide,DEoptim,492,2.999999965079399,1,2.3681313377146487,1,1.1168068198571344,0.5034500971090703,4.277286393767058,1.7087033815696682,1.6992494706372152
79,DFT_CRT,time_scaling_t0,wide,DEoptim,493,2.999999965079399,1,2.3681313377146487,1,1.1168068198571344,0.5034500971090703,4.277286393767058,1.7087033815696682,1.6992494706372152
79,DFT_CRT,time_scaling_t0,wide,DEoptim,494,2.999999965079399,1,2.3681313377146487,1,1.1168068198571344,0.5034500971090703,4.277286393767058,1.7087033815696682,1.6992494706372152
79,DFT_CRT,time_scaling_t0,wide,DEoptim,495,2.999999965079399,1,2.3681313377146487,1,1.1168068198571344,0.5034500971090703,4.277286393767058,1.7087033815696682,1.6992494706372152
79,DFT_CRT,time_scaling_t0,wide,DEoptim,496,2.999999965079399,1,2.3681313377146487,1,1.1168068198571344,0.5034500971090703,4.277286393767058,1.7087033815696682,1.6992494706372152
79,DFT_CRT,time_scaling_t0,wide,DEoptim,497,2.999999965079399,1,2.3681313377146487,1,1.1168068198571344,0.5034500971090703,4.277286393767058,1.7087033815696682,1.6992494706372152
79,DFT_CRT,time_scaling_t0,wide,DEoptim,498,2.999999965079399,1,2.3681313377146487,1,1.1168068198571344,0.5034500971090703,4.277286393767058,1.7087033815696682,1.6992494706372152
79,DFT_CRT,time_scaling_t0,wide,DEoptim,499,2.999999965079399,1,2.3681313377146487,1,1.1168068198571344,0.5034500971090703,4.277286393767058,1.7087033815696682,1.6992494706372152
79,DFT_CRT,time_scaling_t0,wide,DEoptim,500,2.999999965079399,1,2.3681313377146487,1,1.1168068198571344,0.5034500971090703,4.277286393767058,1.7087033815696682,1.6992494706372152
79,DFT_CRT,time_scaling_t0,wide,DEoptim,501,2.9999999970130813,1,2.368127672532094,1,1.1170279344576106,0.5034668121601601,4.277446993739227,1.7086944559602628,1.6992441706167067
79,DFT_CRT,time_scaling_t0,wide,DEoptim,502,2.9999999970130813,1,2.368127672532094,1,1.1170279344576106,0.5034668121601601,4.277446993739227,1.7086944559602628,1.6992441706167067
79,DFT_CRT,time_scaling_t0,wide,DEoptim,503,2.9999999970130813,1,2.368127672532094,1,1.1170279344576106,0.5034668121601601,4.277446993739227,1.7086944559602628,1.6992441706167067
79,DFT_CRT,time_scaling_t0,wide,DEoptim,504,2.9999999970130813,1,2.368127672532094,1,1.1170279344576106,0.5034668121601601,4.277446993739227,1.7086944559602628,1.6992441706167067
79,DFT_CRT,time_scaling_t0,wide,DEoptim,505,2.9999999970130813,1,2.368127672532094,1,1.1170279344576106,0.5034668121601601,4.277389267920032,1.7086944559602628,1.6992441706167067
79,DFT_CRT,time_scaling_t0,wide,DEoptim,506,2.9999999970130813,1,2.368127672532094,1,1.1170279344576106,0.5034668121601601,4.277389267920032,1.7086944559602628,1.6992441706167067
79,DFT_CRT,time_scaling_t0,wide,DEoptim,507,2.9999999970130813,1,2.368127672532094,1,1.1170279344576106,0.5034668121601601,4.277389267920032,1.7086944559602628,1.6992441706167067
79,DFT_CRT,time_scaling_t0,wide,DEoptim,508,2.9999999970130813,1,2.368127672532094,1,1.1170279344576106,0.5034668121601601,4.277389267920032,1.7086944559602628,1.6992441706167067
79,DFT_CRT,time_scaling_t0,wide,DEoptim,509,2.9999999970130813,1,2.368127672532094,1,1.1170279344576106,0.5034668121601601,4.277389267920032,1.7086944559602628,1.6992441706167067
79,DFT_CRT,time_scaling_t0,wide,DEoptim,510,2.9999999970130813,1,2.368127672532094,1,1.1170279344576106,0.5034668121601601,4.277389267920032,1.7086944559602628,1.6992441706167067
79,DFT_CRT,time_scaling_t0,wide,DEoptim,511,2.9999999970130813,1,2.368127672532094,1,1.1170279344576106,0.5034668121601601,4.277389267920032,1.7086944559602628,1.6992441706167067
79,DFT_CRT,time_scaling_t0,wide,DEoptim,512,2.9999999970130813,1,2.368127672532094,1,1.1170279344576106,0.5034668121601601,4.277389267920032,1.7086944559602628,1.6992441706167067
79,DFT_CRT,time_scaling_t0,wide,DEoptim,513,2.9999999970130813,1,2.368127672532094,1,1.1170279344576106,0.5034668121601601,4.277389267920032,1.7086944559602628,1.6992441706167067
79,DFT_CRT,time_scaling_t0,wide,DEoptim,514,2.9999999970130813,1,2.368127672532094,1,1.1170279344576106,0.5034668121601601,4.277389267920032,1.7086944559602628,1.6992441706167067
79,DFT_CRT,time_scaling_t0,wide,DEoptim,515,2.9999999970130813,1,2.368127672532094,1,1.1170279344576106,0.5034668121601601,4.277389267920032,1.7086944559602628,1.6992441706167067
79,DFT_CRT,time_scaling_t0,wide,DEoptim,516,2.9999999970130813,1,2.368127672532094,1,1.1170279344576106,0.5034668121601601,4.277389267920032,1.7086944559602628,1.6992441706167067
79,DFT_CRT,time_scaling_t0,wide,DEoptim,517,2.9999999970130813,1,2.368127672532094,1,1.1170279344576106,0.5034668121601601,4.277389267920032,1.7086944559602628,1.6992441706167067
79,DFT_CRT,time_scaling_t0,wide,DEoptim,518,2.9999999970130813,1,2.368127672532094,1,1.1170279344576106,0.5034668121601601,4.277389267920032,1.7086944559602628,1.6992441706167067
79,DFT_CRT,time_scaling_t0,wide,DEoptim,519,2.9999999970130813,1,2.368127672532094,1,1.1170279344576106,0.5034668121601601,4.277389267920032,1.7086944559602628,1.6992441706167067
79,DFT_CRT,time_scaling_t0,wide,DEoptim,520,2.9999999970130813,1,2.368127672532094,1,1.1170279344576106,0.5034668121601601,4.277389267920032,1.7086944559602628,1.6992441706167067
79,DFT_CRT,time_scaling_t0,wide,DEoptim,521,2.9999999970130813,1,2.368127672532094,1,1.1170279344576106,0.5034586075582895,4.277389267920032,1.7086944559602628,1.6992441706167067
79,DFT_CRT,time_scaling_t0,wide,DEoptim,522,2.9999999970130813,1,2.368127672532094,1,1.1170279344576106,0.5034586075582895,4.277389267920032,1.7086944559602628,1.6992441706167067
79,DFT_CRT,time_scaling_t0,wide,DEoptim,523,2.9999999970130813,1,2.368127672532094,1,1.1170279344576106,0.5034586075582895,4.277389267920032,1.7086944559602628,1.6992441706167067
79,DFT_CRT,time_scaling_t0,wide,DEoptim,524,2.9999999970130813,1,2.368127672532094,1,1.1170262114009648,0.5034586075582895,4.277389267920032,1.7086944559602628,1.6992441706167067
79,DFT_CRT,time_scaling_t0,wide,DEoptim,525,2.9999999970130813,1,2.368127672532094,1,1.1170262114009648,0.5034586075582895,4.277389267920032,1.7086944559602628,1.6992441706167067
79,DFT_CRT,time_scaling_t0,wide,DEoptim,526,2.9999999988050488,1,2.3681256209984447,1,1.1168935494456125,0.503450826595406,4.277343965733044,1.7086985220142967,1.6992522255987261
79,DFT_CRT,time_scaling_t0,wide,DEoptim,527,2.9999999988050488,1,2.3681256209984447,1,1.1168935494456125,0.503450826595406,4.277343965733044,1.7086985220142967,1.6992522255987261
79,DFT_CRT,time_scaling_t0,wide,DEoptim,528,2.9999999988050488,1,2.3681256209984447,1,1.1168935494456125,0.503450826595406,4.277343965733044,1.708694885094744,1.6992522255987261
79,DFT_CRT,time_scaling_t0,wide,DEoptim,529,2.9999999988050488,1,2.3681256209984447,1,1.1168935494456125,0.503450826595406,4.277343965733044,1.708694885094744,1.6992522255987261
79,DFT_CRT,time_scaling_t0,wide,DEoptim,530,2.9999999988050488,1,2.3681256209984447,1,1.1168935494456125,0.503450826595406,4.277343965733044,1.708694885094744,1.6992522255987261
79,DFT_CRT,time_scaling_t0,wide,DEoptim,531,2.9999999988050488,1,2.3681256209984447,1,1.1168935494456125,0.503450826595406,4.277343965733044,1.708694885094744,1.6992522255987261
79,DFT_CRT,time_scaling_t0,wide,DEoptim,532,2.9999999988050488,1,2.3681256209984447,1,1.1168935494456125,0.503450826595406,4.277343965733044,1.708694885094744,1.6992522255987261
79,DFT_CRT,time_scaling_t0,wide,DEoptim,533,2.999999998247859,1,2.3681204256413073,1,1.1169402218690323,0.5034555972303656,4.277334167035585,1.7086981296575543,1.6992445879168059
79,DFT_CRT,time_scaling_t0,wide,DEoptim,534,2.999999998247859,1,2.3681204256413073,1,1.1169402218690323,0.5034555972303656,4.277334167035585,1.7086981296575543,1.6992445879168059
79,DFT_CRT,time_scaling_t0,wide,DEoptim,535,2.999999998247859,1,2.3681204256413073,1,1.1169402218690323,0.5034555972303656,4.277334167035585,1.7086981296575543,1.6992445879168059
79,DFT_CRT,time_scaling_t0,wide,DEoptim,536,2.999999998247859,1,2.3681204256413073,1,1.116986148214031,0.5034555972303656,4.277334167035585,1.7086981296575543,1.6992445879168059
79,DFT_CRT,time_scaling_t0,wide,DEoptim,537,2.999999998247859,1,2.3681204256413073,1,1.116986148214031,0.5034555972303656,4.277334167035585,1.7086981296575543,1.6992445879168059
79,DFT_CRT,time_scaling_t0,wide,DEoptim,538,2.999999998247859,1,2.3681204256413073,1,1.116986148214031,0.5034555972303656,4.277334167035585,1.7086981296575543,1.6992445879168059
79,DFT_CRT,time_scaling_t0,wide,DEoptim,539,2.999999998247859,1,2.3681204256413073,1,1.116986148214031,0.5034555972303656,4.277334167035585,1.7086981296575543,1.6992445879168059
79,DFT_CRT,time_scaling_t0,wide,DEoptim,540,2.999999998247859,1,2.3681204256413073,1,1.116986148214031,0.5034555972303656,4.277334167035585,1.7086981296575543,1.6992445879168059
79,DFT_CRT,time_scaling_t0,wide,DEoptim,541,2.999999998247859,1,2.3681204256413073,1,1.116986148214031,0.5034555972303656,4.277334167035585,1.7086981296575543,1.6992445879168059
79,DFT_CRT,time_scaling_t0,wide,DEoptim,542,2.999999998247859,1,2.3681204256413073,1,1.116986148214031,0.5034555972303656,4.277334167035585,1.7086981296575543,1.6992445879168059
79,DFT_CRT,time_scaling_t0,wide,DEoptim,543,2.999999998247859,1,2.3681204256413073,1,1.116986148214031,0.5034555972303656,4.277334167035585,1.7086981296575543,1.6992445879168059
79,DFT_CRT,time_scaling_t0,wide,DEoptim,544,2.999999998821348,1,2.3681204256413073,1,1.116986148214031,0.5034555972303656,4.277334167035585,1.7086981296575543,1.6992445879168059
79,DFT_CRT,time_scaling_t0,wide,DEoptim,545,2.999999998821348,1,2.3681204256413073,1,1.116986148214031,0.5034555972303656,4.277334167035585,1.7086981296575543,1.6992445879168059
