participant_id,model_name,parameterization,bound_settings,algorithm,iter,alpha,mu,beta,kappa1,kappa2,w,a,t0
81,DDM,time_scaling,wide,DEoptim,1,0.054291463440749796,1,0.29178006861358885,1,2.0913984603248537,0.6027630971606401,5.82697916497686,1.003755179804284
81,DDM,time_scaling,wide,DEoptim,2,0.08959002162795514,1,0.3949225775501692,1,2.4865631945431232,0.9300499586972875,6.197237618581858,1.3094063292490319
81,DDM,time_scaling,wide,DEoptim,3,0.08959002162795514,1,0.3949225775501692,1,2.4865631945431232,0.9300499586972875,6.197237618581858,1.3094063292490319
81,DDM,time_scaling,wide,DEoptim,4,0.775694276704453,1,0.5059705934149772,1,0.3417322968132792,0.8598891619914406,3.4688033997362946,0.510943743470125
81,DDM,time_scaling,wide,DEoptim,5,0.775694276704453,1,0.5059705934149772,1,0.3417322968132792,0.8598891619914406,3.4688033997362946,0.510943743470125
81,DDM,time_scaling,wide,DEoptim,6,0.775694276704453,1,0.5059705934149772,1,0.3417322968132792,0.8598891619914406,3.4688033997362946,0.510943743470125
81,DDM,time_scaling,wide,DEoptim,7,0.775694276704453,1,0.5059705934149772,1,1.2821027996875343,0.8598891619914406,3.4688033997362946,0.510943743470125
81,DDM,time_scaling,wide,DEoptim,8,0.775694276704453,1,0.5059705934149772,1,1.2821027996875343,0.8598891619914406,3.4688033997362946,0.510943743470125
81,DDM,time_scaling,wide,DEoptim,9,0.775694276704453,1,0.5059705934149772,1,1.2821027996875343,0.8598891619914406,3.4688033997362946,0.510943743470125
81,DDM,time_scaling,wide,DEoptim,10,0.775694276704453,1,0.5059705934149772,1,1.2821027996875343,0.8598891619914406,3.4688033997362946,0.510943743470125
81,DDM,time_scaling,wide,DEoptim,11,0.4018287032841145,1,0.43335094020001097,1,1.5949958097189665,0.984053669095696,3.814389974571066,0.9266805947079326
81,DDM,time_scaling,wide,DEoptim,12,0.4018287032841145,1,0.43335094020001097,1,1.5949958097189665,0.984053669095696,3.814389974571066,0.9266805947079326
81,DDM,time_scaling,wide,DEoptim,13,0.4018287032841145,1,0.43335094020001097,1,1.5949958097189665,0.984053669095696,3.814389974571066,0.9266805947079326
81,DDM,time_scaling,wide,DEoptim,14,0.4018287032841145,1,0.43335094020001097,1,1.5949958097189665,0.984053669095696,3.814389974571066,0.9266805947079326
81,DDM,time_scaling,wide,DEoptim,15,0.775694276704453,1,0.5059705934149772,1,1.2821027996875343,0.8598891619914406,3.4688033997362946,0.9849396007016209
81,DDM,time_scaling,wide,DEoptim,16,0.775694276704453,1,0.5059705934149772,1,1.2821027996875343,0.8598891619914406,3.4688033997362946,0.9849396007016209
81,DDM,time_scaling,wide,DEoptim,17,0.775694276704453,1,0.5059705934149772,1,1.2821027996875343,0.8598891619914406,3.4688033997362946,0.9849396007016209
81,DDM,time_scaling,wide,DEoptim,18,0.775694276704453,1,0.5059705934149772,1,1.2821027996875343,0.8598891619914406,3.4688033997362946,0.9849396007016209
81,DDM,time_scaling,wide,DEoptim,19,0.775694276704453,1,0.5059705934149772,1,1.2821027996875343,0.8598891619914406,3.4688033997362946,0.9849396007016209
81,DDM,time_scaling,wide,DEoptim,20,0.775694276704453,1,0.5059705934149772,1,1.2821027996875343,0.8598891619914406,3.4688033997362946,0.9849396007016209
81,DDM,time_scaling,wide,DEoptim,21,0.7870152174510427,1,0.1454912457172759,1,1.939823366701603,0.699360512778723,3.5384069594158793,1.2276305658330695
81,DDM,time_scaling,wide,DEoptim,22,0.7870152174510427,1,0.1454912457172759,1,1.939823366701603,0.699360512778723,3.5384069594158793,1.2276305658330695
81,DDM,time_scaling,wide,DEoptim,23,0.7870152174510427,1,0.1454912457172759,1,1.939823366701603,0.699360512778723,3.5384069594158793,1.2276305658330695
81,DDM,time_scaling,wide,DEoptim,24,0.7870152174510427,1,0.1454912457172759,1,1.939823366701603,0.699360512778723,3.5384069594158793,1.2276305658330695
81,DDM,time_scaling,wide,DEoptim,25,0.7870152174510427,1,0.1454912457172759,1,1.939823366701603,0.699360512778723,3.5384069594158793,1.2276305658330695
81,DDM,time_scaling,wide,DEoptim,26,0.6199594379987514,1,0.4820305582417731,1,0.636114503859281,0.9825415031918046,3.2665862268247503,1.3271806819496983
81,DDM,time_scaling,wide,DEoptim,27,0.6199594379987514,1,0.4820305582417731,1,2.528587725517658,0.9825415031918046,3.2665862268247503,1.3271806819496983
81,DDM,time_scaling,wide,DEoptim,28,0.6199594379987514,1,0.4820305582417731,1,2.528587725517658,0.9825415031918046,3.2665862268247503,1.3271806819496983
81,DDM,time_scaling,wide,DEoptim,29,0.6199594379987514,1,0.4820305582417731,1,2.528587725517658,0.9825415031918046,3.2665862268247503,1.3271806819496983
81,DDM,time_scaling,wide,DEoptim,30,0.6199594379987514,1,0.4820305582417731,1,2.528587725517658,0.9825415031918046,3.2665862268247503,1.3271806819496983
81,DDM,time_scaling,wide,DEoptim,31,0.6199594379987514,1,0.4820305582417731,1,2.528587725517658,0.9825415031918046,3.2665862268247503,1.3271806819496983
81,DDM,time_scaling,wide,DEoptim,32,0.6199594379987514,1,0.4820305582417731,1,2.528587725517658,0.9825415031918046,3.2665862268247503,1.3271806819496983
81,DDM,time_scaling,wide,DEoptim,33,0.6199594379987514,1,0.4820305582417731,1,2.528587725517658,0.9825415031918046,3.2665862268247503,1.3271806819496983
81,DDM,time_scaling,wide,DEoptim,34,0.6199594379987514,1,0.4820305582417731,1,2.528587725517658,0.9825415031918046,3.2665862268247503,1.3271806819496983
81,DDM,time_scaling,wide,DEoptim,35,0.6199594379987514,1,0.4820305582417731,1,2.528587725517658,0.9825415031918046,3.2665862268247503,1.3271806819496983
81,DDM,time_scaling,wide,DEoptim,36,0.6199594379987514,1,0.4820305582417731,1,2.528587725517658,0.9825415031918046,3.2665862268247503,1.3271806819496983
81,DDM,time_scaling,wide,DEoptim,37,0.6199594379987514,1,0.4820305582417731,1,2.528587725517658,0.9825415031918046,3.2665862268247503,1.3324469269303676
81,DDM,time_scaling,wide,DEoptim,38,0.563133286405038,1,0.09072708104250321,1,1.8696196479052944,0.9693770985869397,3.3808220155464292,1.2389704525745608
81,DDM,time_scaling,wide,DEoptim,39,0.563133286405038,1,0.09072708104250321,1,1.8696196479052944,0.9693770985869397,3.3808220155464292,1.2389704525745608
81,DDM,time_scaling,wide,DEoptim,40,0.563133286405038,1,0.09072708104250321,1,1.8696196479052944,0.9693770985869397,3.3808220155464292,1.2389704525745608
81,DDM,time_scaling,wide,DEoptim,41,0.563133286405038,1,0.09072708104250321,1,1.8696196479052944,0.9693770985869397,3.3808220155464292,1.2389704525745608
81,DDM,time_scaling,wide,DEoptim,42,0.563133286405038,1,0.09072708104250321,1,1.8696196479052944,0.9693770985869397,3.3808220155464292,1.2389704525745608
81,DDM,time_scaling,wide,DEoptim,43,0.563133286405038,1,0.09072708104250321,1,1.8696196479052944,0.9693770985869397,3.3808220155464292,1.2389704525745608
81,DDM,time_scaling,wide,DEoptim,44,0.563133286405038,1,0.09072708104250321,1,1.8696196479052944,0.9693770985869397,3.3808220155464292,1.313194428676192
81,DDM,time_scaling,wide,DEoptim,45,0.563133286405038,1,0.09072708104250321,1,1.8696196479052944,0.9693770985869397,3.3808220155464292,1.313194428676192
81,DDM,time_scaling,wide,DEoptim,46,0.563133286405038,1,0.09072708104250321,1,1.8696196479052944,0.9693770985869397,3.3808220155464292,1.313194428676192
81,DDM,time_scaling,wide,DEoptim,47,0.563133286405038,1,0.09072708104250321,1,1.8696196479052944,0.9693770985869397,3.3808220155464292,1.313194428676192
81,DDM,time_scaling,wide,DEoptim,48,0.563133286405038,1,0.09072708104250321,1,3.1743018879013185,0.9693770985869397,3.3808220155464292,1.313194428676192
81,DDM,time_scaling,wide,DEoptim,49,0.6812877136492121,1,0.05381593143232069,1,1.0485074644714505,0.7538452176281406,3.28776319280347,1.3407832642112338
81,DDM,time_scaling,wide,DEoptim,50,0.6812877136492121,1,0.05381593143232069,1,1.0485074644714505,0.7538452176281406,3.28776319280347,1.3407832642112338
81,DDM,time_scaling,wide,DEoptim,51,0.6812877136492121,1,0.05381593143232069,1,1.0485074644714505,0.7538452176281406,3.28776319280347,1.3407832642112338
81,DDM,time_scaling,wide,DEoptim,52,0.6812877136492121,1,0.05381593143232069,1,1.0485074644714505,0.7538452176281406,3.28776319280347,1.3407832642112338
81,DDM,time_scaling,wide,DEoptim,53,0.6812877136492121,1,0.05381593143232069,1,1.0485074644714505,0.7538452176281406,3.28776319280347,1.3407832642112338
81,DDM,time_scaling,wide,DEoptim,54,0.6812877136492121,1,0.05381593143232069,1,1.0485074644714505,0.7538452176281406,3.28776319280347,1.3407832642112338
81,DDM,time_scaling,wide,DEoptim,55,0.6812877136492121,1,0.05381593143232069,1,1.0485074644714505,0.7538452176281406,3.28776319280347,1.3407832642112338
81,DDM,time_scaling,wide,DEoptim,56,0.6812877136492121,1,0.05381593143232069,1,1.0485074644714505,0.7538452176281406,3.28776319280347,1.3407832642112338
81,DDM,time_scaling,wide,DEoptim,57,0.6812877136492121,1,0.05381593143232069,1,1.0485074644714505,0.7538452176281406,3.28776319280347,1.3407832642112338
81,DDM,time_scaling,wide,DEoptim,58,0.6812877136492121,1,0.05381593143232069,1,1.0485074644714505,0.7538452176281406,3.28776319280347,1.3407832642112338
81,DDM,time_scaling,wide,DEoptim,59,0.6812877136492121,1,0.05381593143232069,1,1.0485074644714505,0.7538452176281406,3.28776319280347,1.3407832642112338
81,DDM,time_scaling,wide,DEoptim,60,0.6812877136492121,1,0.05381593143232069,1,1.0485074644714505,0.7538452176281406,3.28776319280347,1.3407832642112338
81,DDM,time_scaling,wide,DEoptim,61,0.6812877136492121,1,0.05381593143232069,1,1.0485074644714505,0.7538452176281406,3.28776319280347,1.3407832642112338
81,DDM,time_scaling,wide,DEoptim,62,0.6812877136492121,1,0.1498862264385567,1,1.0485074644714505,0.7538452176281406,3.28776319280347,1.3407832642112338
81,DDM,time_scaling,wide,DEoptim,63,0.6501515796969924,1,0.07174661060063198,1,1.0253523130008197,0.8205881356862511,3.317661573658584,1.3387981069404629
81,DDM,time_scaling,wide,DEoptim,64,0.6501515796969924,1,0.07174661060063198,1,1.0253523130008197,0.8205881356862511,3.317661573658584,1.3387981069404629
81,DDM,time_scaling,wide,DEoptim,65,0.6812877136492121,1,0.1498862264385567,1,0.8383778844154113,0.7538452176281406,3.28776319280347,1.3407832642112338
81,DDM,time_scaling,wide,DEoptim,66,0.6812877136492121,1,0.1498862264385567,1,0.8383778844154113,0.7538452176281406,3.28776319280347,1.3407832642112338
81,DDM,time_scaling,wide,DEoptim,67,0.6812877136492121,1,0.1498862264385567,1,0.8383778844154113,0.7538452176281406,3.28776319280347,1.3407832642112338
81,DDM,time_scaling,wide,DEoptim,68,0.6812877136492121,1,0.1498862264385567,1,0.8383778844154113,0.7538452176281406,3.28776319280347,1.3407832642112338
81,DDM,time_scaling,wide,DEoptim,69,0.6812877136492121,1,0.1498862264385567,1,0.8383778844154113,0.7538452176281406,3.28776319280347,1.3407832642112338
81,DDM,time_scaling,wide,DEoptim,70,0.6812877136492121,1,0.1498862264385567,1,0.8383778844154113,0.7538452176281406,3.28776319280347,1.3407832642112338
81,DDM,time_scaling,wide,DEoptim,71,0.6812877136492121,1,0.1498862264385567,1,0.8383778844154113,0.7538452176281406,3.28776319280347,1.3407832642112338
81,DDM,time_scaling,wide,DEoptim,72,0.6812877136492121,1,0.1498862264385567,1,0.8383778844154113,0.7538452176281406,3.28776319280347,1.3407832642112338
81,DDM,time_scaling,wide,DEoptim,73,0.6812877136492121,1,0.1498862264385567,1,0.8383778844154113,0.7538452176281406,3.28776319280347,1.3407832642112338
81,DDM,time_scaling,wide,DEoptim,74,0.6812877136492121,1,0.1498862264385567,1,0.8383778844154113,0.7538452176281406,3.28776319280347,1.3407832642112338
81,DDM,time_scaling,wide,DEoptim,75,0.6812877136492121,1,0.1498862264385567,1,0.8383778844154113,0.7538452176281406,3.28776319280347,1.3407832642112338
81,DDM,time_scaling,wide,DEoptim,76,0.7043663059399617,1,0.01371035960310607,1,0.5636294179655472,0.5638961546511758,3.2814007655244044,1.303714171395884
81,DDM,time_scaling,wide,DEoptim,77,0.7043663059399617,1,0.01371035960310607,1,0.5636294179655472,0.5638961546511758,3.2814007655244044,1.303714171395884
81,DDM,time_scaling,wide,DEoptim,78,0.7043663059399617,1,0.01371035960310607,1,0.5636294179655472,0.5638961546511758,3.2814007655244044,1.303714171395884
81,DDM,time_scaling,wide,DEoptim,79,0.7043663059399617,1,0.01371035960310607,1,0.5636294179655472,0.6142770837079957,3.2814007655244044,1.303714171395884
81,DDM,time_scaling,wide,DEoptim,80,0.6805447872772871,1,0.01371035960310607,1,0.5636294179655472,0.6142770837079957,3.2814007655244044,1.303714171395884
81,DDM,time_scaling,wide,DEoptim,81,0.6805447872772871,1,0.01371035960310607,1,0.5636294179655472,0.6142770837079957,3.2814007655244044,1.303714171395884
81,DDM,time_scaling,wide,DEoptim,82,0.6805447872772871,1,0.01371035960310607,1,0.5636294179655472,0.6142770837079957,3.2814007655244044,1.303714171395884
81,DDM,time_scaling,wide,DEoptim,83,0.6805447872772871,1,0.01371035960310607,1,0.5636294179655472,0.6142770837079957,3.2814007655244044,1.303714171395884
81,DDM,time_scaling,wide,DEoptim,84,0.6805447872772871,1,0.01371035960310607,1,0.5636294179655472,0.6142770837079957,3.2814007655244044,1.303714171395884
81,DDM,time_scaling,wide,DEoptim,85,0.6805447872772871,1,0.01371035960310607,1,0.5636294179655472,0.6142770837079957,3.2814007655244044,1.303714171395884
81,DDM,time_scaling,wide,DEoptim,86,0.6805447872772871,1,0.01371035960310607,1,0.5636294179655472,0.6142770837079957,3.2814007655244044,1.303714171395884
81,DDM,time_scaling,wide,DEoptim,87,0.6805447872772871,1,0.01371035960310607,1,0.5636294179655472,0.6142770837079957,3.2814007655244044,1.303714171395884
81,DDM,time_scaling,wide,DEoptim,88,0.6926681965531705,1,0.01371035960310607,1,0.5636294179655472,0.6142770837079957,3.2814007655244044,1.303714171395884
81,DDM,time_scaling,wide,DEoptim,89,0.6926681965531705,1,0.01371035960310607,1,0.5636294179655472,0.6142770837079957,3.2814007655244044,1.303714171395884
81,DDM,time_scaling,wide,DEoptim,90,0.6926681965531705,1,0.01371035960310607,1,0.5636294179655472,0.6142770837079957,3.2814007655244044,1.303714171395884
81,DDM,time_scaling,wide,DEoptim,91,0.6926681965531705,1,0.01371035960310607,1,0.5636294179655472,0.6142770837079957,3.2814007655244044,1.303714171395884
81,DDM,time_scaling,wide,DEoptim,92,0.6926681965531705,1,0.01371035960310607,1,0.5636294179655472,0.6142770837079957,3.2814007655244044,1.303714171395884
81,DDM,time_scaling,wide,DEoptim,93,0.6926681965531705,1,0.01371035960310607,1,0.5636294179655472,0.6142770837079957,3.2814007655244044,1.303714171395884
81,DDM,time_scaling,wide,DEoptim,94,0.6926681965531705,1,0.01371035960310607,1,0.5636294179655472,0.6142770837079957,3.2814007655244044,1.303714171395884
81,DDM,time_scaling,wide,DEoptim,95,0.6926681965531705,1,0.01371035960310607,1,0.5636294179655472,0.6142770837079957,3.2814007655244044,1.303714171395884
81,DDM,time_scaling,wide,DEoptim,96,0.6926681965531705,1,0.01371035960310607,1,0.5636294179655472,0.6142770837079957,3.2814007655244044,1.303714171395884
81,DDM,time_scaling,wide,DEoptim,97,0.6926681965531705,1,0.01371035960310607,1,0.5636294179655472,0.6142770837079957,3.2814007655244044,1.303714171395884
81,DDM,time_scaling,wide,DEoptim,98,0.6926681965531705,1,0.01371035960310607,1,0.5636294179655472,0.6142770837079957,3.2814007655244044,1.303714171395884
81,DDM,time_scaling,wide,DEoptim,99,0.6926681965531705,1,0.01371035960310607,1,0.5636294179655472,0.6142770837079957,3.2814007655244044,1.303714171395884
81,DDM,time_scaling,wide,DEoptim,100,0.6926681965531705,1,0.01371035960310607,1,0.5636294179655472,0.6142770837079957,3.2814007655244044,1.303714171395884
81,DDM,time_scaling,wide,DEoptim,101,0.6926681965531705,1,0.01371035960310607,1,0.5636294179655472,0.6142770837079957,3.2814007655244044,1.303714171395884
81,DDM,time_scaling,wide,DEoptim,102,0.6926681965531705,1,0.01371035960310607,1,0.5636294179655472,0.6142770837079957,3.2814007655244044,1.303714171395884
81,DDM,time_scaling,wide,DEoptim,103,0.6926681965531705,1,0.01371035960310607,1,0.5636294179655472,0.6142770837079957,3.2814007655244044,1.303714171395884
81,DDM,time_scaling,wide,DEoptim,104,0.6926681965531705,1,0.01371035960310607,1,0.5636294179655472,0.6142770837079957,3.2814007655244044,1.303714171395884
81,DDM,time_scaling,wide,DEoptim,105,0.6926681965531705,1,0.01371035960310607,1,0.5636294179655472,0.6142770837079957,3.2814007655244044,1.303714171395884
81,DDM,time_scaling,wide,DEoptim,106,0.6926681965531705,1,0.01371035960310607,1,0.5636294179655472,0.6142770837079957,3.2814007655244044,1.303714171395884
81,DDM,time_scaling,wide,DEoptim,107,0.6926681965531705,1,0.01371035960310607,1,0.5636294179655472,0.6142770837079957,3.2814007655244044,1.303714171395884
81,DDM,time_scaling,wide,DEoptim,108,0.6926681965531705,1,0.01371035960310607,1,0.5636294179655472,0.6142770837079957,3.2814007655244044,1.303714171395884
81,DDM,time_scaling,wide,DEoptim,109,0.6926681965531705,1,0.01371035960310607,1,0.5636294179655472,0.6142770837079957,3.2814007655244044,1.303714171395884
81,DDM,time_scaling,wide,DEoptim,110,0.6926681965531705,1,0.01371035960310607,1,0.5636294179655472,0.6142770837079957,3.2814007655244044,1.303714171395884
81,DDM,time_scaling,wide,DEoptim,111,0.6926681965531705,1,0.01371035960310607,1,0.5636294179655472,0.6142770837079957,3.2814007655244044,1.303714171395884
81,DDM,time_scaling,wide,DEoptim,112,0.6926681965531705,1,0.01371035960310607,1,0.5636294179655472,0.6142770837079957,3.2814007655244044,1.303714171395884
81,DDM,time_scaling,wide,DEoptim,113,0.6926681965531705,1,0.01371035960310607,1,0.5636294179655472,0.6142770837079957,3.2814007655244044,1.303714171395884
81,DDM,time_scaling,wide,DEoptim,114,0.6730249169180085,1,0.01883903034958187,1,0.4341889422574148,0.6640661186982337,3.3053547225774502,1.3132684692363636
81,DDM,time_scaling,wide,DEoptim,115,0.6730249169180085,1,0.01883903034958187,1,0.4341889422574148,0.6640661186982337,3.3053547225774502,1.3132684692363636
81,DDM,time_scaling,wide,DEoptim,116,0.6730249169180085,1,0.01883903034958187,1,0.4341889422574148,0.6640661186982337,3.3053547225774502,1.3132684692363636
81,DDM,time_scaling,wide,DEoptim,117,0.6730249169180085,1,0.01883903034958187,1,0.4341889422574148,0.6640661186982337,3.3053547225774502,1.3132684692363636
81,DDM,time_scaling,wide,DEoptim,118,0.6730249169180085,1,0.01883903034958187,1,0.4341889422574148,0.6640661186982337,3.3053547225774502,1.3132684692363636
81,DDM,time_scaling,wide,DEoptim,119,0.6730249169180085,1,0.01883903034958187,1,0.4341889422574148,0.6640661186982337,3.3053547225774502,1.3132684692363636
81,DDM,time_scaling,wide,DEoptim,120,0.6730249169180085,1,0.01883903034958187,1,0.4341889422574148,0.6640661186982337,3.3053547225774502,1.3132684692363636
81,DDM,time_scaling,wide,DEoptim,121,0.6730249169180085,1,0.01883903034958187,1,0.4341889422574148,0.6640661186982337,3.3053547225774502,1.3132684692363636
81,DDM,time_scaling,wide,DEoptim,122,0.6730249169180085,1,0.01883903034958187,1,0.4341889422574148,0.6640661186982337,3.3053547225774502,1.3132684692363636
81,DDM,time_scaling,wide,DEoptim,123,0.6730249169180085,1,0.01883903034958187,1,0.4341889422574148,0.6640661186982337,3.3053547225774502,1.3132684692363636
81,DDM,time_scaling,wide,DEoptim,124,0.6730249169180085,1,0.01883903034958187,1,0.4341889422574148,0.6640661186982337,3.3053547225774502,1.3132684692363636
81,DDM,time_scaling,wide,DEoptim,125,0.6730249169180085,1,0.01883903034958187,1,0.4341889422574148,0.6640661186982337,3.3053547225774502,1.3132684692363636
81,DDM,time_scaling,wide,DEoptim,126,0.6730249169180085,1,0.01883903034958187,1,0.4341889422574148,0.6640661186982337,3.3053547225774502,1.3132684692363636
81,DDM,time_scaling,wide,DEoptim,127,0.6730249169180085,1,0.01883903034958187,1,0.4341889422574148,0.6640661186982337,3.3053547225774502,1.3132684692363636
81,DDM,time_scaling,wide,DEoptim,128,0.6730249169180085,1,0.01883903034958187,1,0.4341889422574148,0.6640661186982337,3.3053547225774502,1.3132684692363636
81,DDM,time_scaling,wide,DEoptim,129,0.6680635066317286,1,0.01883903034958187,1,0.4341889422574148,0.6640661186982337,3.3053547225774502,1.3132684692363636
81,DDM,time_scaling,wide,DEoptim,130,0.6680635066317286,1,0.01883903034958187,1,0.4341889422574148,0.6640661186982337,3.3053547225774502,1.3132684692363636
81,DDM,time_scaling,wide,DEoptim,131,0.6680635066317286,1,0.01883903034958187,1,0.4341889422574148,0.6640661186982337,3.3053547225774502,1.3132684692363636
81,DDM,time_scaling,wide,DEoptim,132,0.6680635066317286,1,0.01883903034958187,1,0.4341889422574148,0.6640661186982337,3.3053547225774502,1.3132684692363636
81,DDM,time_scaling,wide,DEoptim,133,0.6680635066317286,1,0.01883903034958187,1,0.4341889422574148,0.6640661186982337,3.3053547225774502,1.3132684692363636
81,DDM,time_scaling,wide,DEoptim,134,0.6680635066317286,1,0.01883903034958187,1,0.4341889422574148,0.6640661186982337,3.3053547225774502,1.3132684692363636
81,DDM,time_scaling,wide,DEoptim,135,0.6680635066317286,1,0.01883903034958187,1,0.4341889422574148,0.6640661186982337,3.3053547225774502,1.3132684692363636
81,DDM,time_scaling,wide,DEoptim,136,0.6680635066317286,1,0.01883903034958187,1,0.4341889422574148,0.6640661186982337,3.3053547225774502,1.3132684692363636
81,DDM,time_scaling,wide,DEoptim,137,0.6680635066317286,1,0.01883903034958187,1,0.4341889422574148,0.6640661186982337,3.3053547225774502,1.3132684692363636
81,DDM,time_scaling,wide,DEoptim,138,0.6680635066317286,1,0.01883903034958187,1,0.4341889422574148,0.6640661186982337,3.3053547225774502,1.3132684692363636
81,DDM,time_scaling,wide,DEoptim,139,0.6680635066317286,1,0.01883903034958187,1,0.4341889422574148,0.6640661186982337,3.3053547225774502,1.3132684692363636
81,DDM,time_scaling,wide,DEoptim,140,0.6680635066317286,1,0.01883903034958187,1,0.4341889422574148,0.6640661186982337,3.3053547225774502,1.3132684692363636
81,DDM,time_scaling,wide,DEoptim,141,0.6680635066317286,1,0.01883903034958187,1,0.4341889422574148,0.6640661186982337,3.3053547225774502,1.3132684692363636
81,DDM,time_scaling,wide,DEoptim,142,0.6680635066317286,1,0.01883903034958187,1,0.4341889422574148,0.6640661186982337,3.3053547225774502,1.3176441365330225
81,DDM,time_scaling,wide,DEoptim,143,0.6680635066317286,1,0.01883903034958187,1,0.4341889422574148,0.6640661186982337,3.3053547225774502,1.3176441365330225
81,DDM,time_scaling,wide,DEoptim,144,0.6680635066317286,1,0.01883903034958187,1,0.4341889422574148,0.6640661186982337,3.3053547225774502,1.3176441365330225
81,DDM,time_scaling,wide,DEoptim,145,0.6680635066317286,1,0.01883903034958187,1,0.4341889422574148,0.6640661186982337,3.3053547225774502,1.3176441365330225
81,DDM,time_scaling,wide,DEoptim,146,0.6680635066317286,1,0.01883903034958187,1,0.4341889422574148,0.6640661186982337,3.3053547225774502,1.3176441365330225
81,DDM,time_scaling,wide,DEoptim,147,0.6680635066317286,1,0.01883903034958187,1,0.4341889422574148,0.6640661186982337,3.3053547225774502,1.3176441365330225
81,DDM,time_scaling,wide,DEoptim,148,0.6680635066317286,1,0.01883903034958187,1,0.4341889422574148,0.6640661186982337,3.3053547225774502,1.3176441365330225
81,DDM,time_scaling,wide,DEoptim,149,0.6680635066317286,1,0.01883903034958187,1,0.4341889422574148,0.6640661186982337,3.3053547225774502,1.3176441365330225
81,DDM,time_scaling,wide,DEoptim,150,0.6688856062845941,1,0.01070187598833662,1,0.5833937578082393,0.6606270330974064,3.27872772677612,1.3103959177553497
81,DDM,time_scaling,wide,DEoptim,151,0.6688856062845941,1,0.01070187598833662,1,0.5833937578082393,0.6606270330974064,3.27872772677612,1.3103959177553497
81,DDM,time_scaling,wide,DEoptim,152,0.6688856062845941,1,0.01070187598833662,1,0.5833937578082393,0.6606270330974064,3.3239176281767238,1.3166658504781918
81,DDM,time_scaling,wide,DEoptim,153,0.6688856062845941,1,0.01070187598833662,1,0.5833937578082393,0.6606270330974064,3.3239176281767238,1.3166658504781918
81,DDM,time_scaling,wide,DEoptim,154,0.6688856062845941,1,0.01070187598833662,1,0.5833937578082393,0.6606270330974064,3.3239176281767238,1.3166658504781918
81,DDM,time_scaling,wide,DEoptim,155,0.6688856062845941,1,0.01070187598833662,1,0.5833937578082393,0.6606270330974064,3.3239176281767238,1.3166658504781918
81,DDM,time_scaling,wide,DEoptim,156,0.6688856062845941,1,0.01070187598833662,1,0.5833937578082393,0.6606270330974064,3.3239176281767238,1.3166658504781918
81,DDM,time_scaling,wide,DEoptim,157,0.6688856062845941,1,0.01070187598833662,1,0.5833937578082393,0.6606270330974064,3.3239176281767238,1.3166658504781918
81,DDM,time_scaling,wide,DEoptim,158,0.6688856062845941,1,0.01070187598833662,1,0.5833937578082393,0.6606270330974064,3.3239176281767238,1.3166658504781918
81,DDM,time_scaling,wide,DEoptim,159,0.6688856062845941,1,0.01070187598833662,1,0.5833937578082393,0.6606270330974064,3.3239176281767238,1.3166658504781918
81,DDM,time_scaling,wide,DEoptim,160,0.6688856062845941,1,0.01070187598833662,1,0.5833937578082393,0.6606270330974064,3.3123765917027406,1.3166658504781918
81,DDM,time_scaling,wide,DEoptim,161,0.6688856062845941,1,0.01070187598833662,1,0.5833937578082393,0.6606270330974064,3.3123765917027406,1.3166658504781918
81,DDM,time_scaling,wide,DEoptim,162,0.6688856062845941,1,0.01070187598833662,1,0.5833937578082393,0.6606270330974064,3.3123765917027406,1.3166658504781918
81,DDM,time_scaling,wide,DEoptim,163,0.6688856062845941,1,0.01070187598833662,1,0.5833937578082393,0.6606270330974064,3.3123765917027406,1.3166658504781918
81,DDM,time_scaling,wide,DEoptim,164,0.6688856062845941,1,0.01070187598833662,1,0.5833937578082393,0.6606270330974064,3.3123765917027406,1.3166658504781918
81,DDM,time_scaling,wide,DEoptim,165,0.6688856062845941,1,0.01070187598833662,1,0.5833937578082393,0.6606270330974064,3.3123765917027406,1.3166658504781918
81,DDM,time_scaling,wide,DEoptim,166,0.6688856062845941,1,0.01070187598833662,1,0.5833937578082393,0.6606270330974064,3.3123765917027406,1.3166658504781918
81,DDM,time_scaling,wide,DEoptim,167,0.6688856062845941,1,0.01070187598833662,1,0.5833937578082393,0.6606270330974064,3.3123765917027406,1.3166658504781918
81,DDM,time_scaling,wide,DEoptim,168,0.6688856062845941,1,0.01070187598833662,1,0.5833937578082393,0.6606270330974064,3.3123765917027406,1.3166658504781918
81,DDM,time_scaling,wide,DEoptim,169,0.6688856062845941,1,0.01070187598833662,1,0.5833937578082393,0.6606270330974064,3.3123765917027406,1.3166658504781918
81,DDM,time_scaling,wide,DEoptim,170,0.6688856062845941,1,0.01070187598833662,1,0.5833937578082393,0.6606270330974064,3.3123765917027406,1.3166658504781918
81,DDM,time_scaling,wide,DEoptim,171,0.6688856062845941,1,0.01070187598833662,1,0.5833937578082393,0.6606270330974064,3.3123765917027406,1.3166658504781918
81,DDM,time_scaling,wide,DEoptim,172,0.6688856062845941,1,0.01070187598833662,1,0.5833937578082393,0.6606270330974064,3.3123765917027406,1.3166658504781918
81,DDM,time_scaling,wide,DEoptim,173,0.6688856062845941,1,0.01070187598833662,1,0.5833937578082393,0.6606270330974064,3.3123765917027406,1.3166658504781918
81,DDM,time_scaling,wide,DEoptim,174,0.6688856062845941,1,0.01070187598833662,1,0.5833937578082393,0.6606270330974064,3.3123765917027406,1.3166658504781918
81,DDM,time_scaling,wide,DEoptim,175,0.6688856062845941,1,0.01070187598833662,1,0.5833937578082393,0.6606270330974064,3.3123765917027406,1.3166658504781918
81,DDM,time_scaling,wide,DEoptim,176,0.6688856062845941,1,0.01070187598833662,1,0.5833937578082393,0.6606270330974064,3.3123765917027406,1.3166658504781918
81,DDM,time_scaling,wide,DEoptim,177,0.6688856062845941,1,0.01070187598833662,1,0.5833937578082393,0.6606270330974064,3.3123765917027406,1.3166658504781918
81,DDM,time_scaling,wide,DEoptim,178,0.6688856062845941,1,0.01070187598833662,1,0.5833937578082393,0.6606270330974064,3.3123765917027406,1.3166658504781918
81,DDM,time_scaling,wide,DEoptim,179,0.6688856062845941,1,0.01070187598833662,1,0.5833937578082393,0.6606270330974064,3.3123765917027406,1.3166658504781918
81,DDM,time_scaling,wide,DEoptim,180,0.6688856062845941,1,0.01070187598833662,1,0.5833937578082393,0.6606270330974064,3.3123765917027406,1.3166658504781918
81,DDM,time_scaling,wide,DEoptim,181,0.6612616598846892,1,0.013408925685477862,1,0.4963313178890492,0.6806532885117831,3.2822287519992757,1.3167158555513085
81,DDM,time_scaling,wide,DEoptim,182,0.6312936469129089,1,0.01286224237206363,1,0.4874147039361314,0.7352324594198755,3.3170823830131657,1.310098126377532
81,DDM,time_scaling,wide,DEoptim,183,0.6312936469129089,1,0.01286224237206363,1,0.4874147039361314,0.7352324594198755,3.3170823830131657,1.310098126377532
81,DDM,time_scaling,wide,DEoptim,184,0.6312936469129089,1,0.01286224237206363,1,0.4874147039361314,0.7352324594198755,3.3170823830131657,1.310098126377532
81,DDM,time_scaling,wide,DEoptim,185,0.6312936469129089,1,0.01286224237206363,1,0.4874147039361314,0.7352324594198755,3.3170823830131657,1.310098126377532
81,DDM,time_scaling,wide,DEoptim,186,0.6612616598846892,1,0.013408925685477862,1,0.4963313178890492,0.6806532885117831,3.3434744866234927,1.3167158555513085
81,DDM,time_scaling,wide,DEoptim,187,0.6612616598846892,1,0.013408925685477862,1,0.4963313178890492,0.6806532885117831,3.3434744866234927,1.3167158555513085
81,DDM,time_scaling,wide,DEoptim,188,0.6612616598846892,1,0.013408925685477862,1,0.4963313178890492,0.6806532885117831,3.3434744866234927,1.3167158555513085
81,DDM,time_scaling,wide,DEoptim,189,0.6612616598846892,1,0.013408925685477862,1,0.4963313178890492,0.6806532885117831,3.3434744866234927,1.3167158555513085
81,DDM,time_scaling,wide,DEoptim,190,0.6612616598846892,1,0.013408925685477862,1,0.4963313178890492,0.6806532885117831,3.3434744866234927,1.3167158555513085
81,DDM,time_scaling,wide,DEoptim,191,0.6612616598846892,1,0.013408925685477862,1,0.4963313178890492,0.6806532885117831,3.3434744866234927,1.3167158555513085
81,DDM,time_scaling,wide,DEoptim,192,0.6612616598846892,1,0.013408925685477862,1,0.4963313178890492,0.6806532885117831,3.3434744866234927,1.3167158555513085
81,DDM,time_scaling,wide,DEoptim,193,0.6612616598846892,1,0.013408925685477862,1,0.4963313178890492,0.6806532885117831,3.3434744866234927,1.3167158555513085
81,DDM,time_scaling,wide,DEoptim,194,0.6612616598846892,1,0.013408925685477862,1,0.4963313178890492,0.6806532885117831,3.3434744866234927,1.3167158555513085
81,DDM,time_scaling,wide,DEoptim,195,0.6612616598846892,1,0.013408925685477862,1,0.4963313178890492,0.6806532885117831,3.3434744866234927,1.3167158555513085
81,DDM,time_scaling,wide,DEoptim,196,0.6612616598846892,1,0.013408925685477862,1,0.4963313178890492,0.6806532885117831,3.3434744866234927,1.3167158555513085
81,DDM,time_scaling,wide,DEoptim,197,0.6612616598846892,1,0.013408925685477862,1,0.4963313178890492,0.6806532885117831,3.3434744866234927,1.3167158555513085
81,DDM,time_scaling,wide,DEoptim,198,0.6612616598846892,1,0.013408925685477862,1,0.4963313178890492,0.6806532885117831,3.3434744866234927,1.3167158555513085
81,DDM,time_scaling,wide,DEoptim,199,0.6612616598846892,1,0.013408925685477862,1,0.4963313178890492,0.6806532885117831,3.3434744866234927,1.3167158555513085
81,DDM,time_scaling,wide,DEoptim,200,0.6612616598846892,1,0.013408925685477862,1,0.4963313178890492,0.6806532885117831,3.3434744866234927,1.3167158555513085
81,DDM,time_scaling,wide,DEoptim,201,0.6612616598846892,1,0.013408925685477862,1,0.4963313178890492,0.6806532885117831,3.3434744866234927,1.3167158555513085
81,DDM,time_scaling,wide,DEoptim,202,0.6612616598846892,1,0.013408925685477862,1,0.4963313178890492,0.6806532885117831,3.3434744866234927,1.3167158555513085
81,DDM,time_scaling,wide,DEoptim,203,0.6612616598846892,1,0.013408925685477862,1,0.4963313178890492,0.6806532885117831,3.3434744866234927,1.3080456232139317
81,DDM,time_scaling,wide,DEoptim,204,0.6492302513834238,1,0.01565743008074538,1,0.5446376910249018,0.7132307318035422,3.312949226430479,1.3164499855772227
81,DDM,time_scaling,wide,DEoptim,205,0.6492302513834238,1,0.01565743008074538,1,0.5446376910249018,0.7132307318035422,3.312949226430479,1.3164499855772227
81,DDM,time_scaling,wide,DEoptim,206,0.6492302513834238,1,0.01565743008074538,1,0.5446376910249018,0.7132307318035422,3.312949226430479,1.3164499855772227
81,DDM,time_scaling,wide,DEoptim,207,0.6492302513834238,1,0.01565743008074538,1,0.5446376910249018,0.7132307318035422,3.312949226430479,1.3164499855772227
81,DDM,time_scaling,wide,DEoptim,208,0.6492302513834238,1,0.01565743008074538,1,0.5446376910249018,0.7132307318035422,3.312949226430479,1.3164499855772227
81,DDM,time_scaling,wide,DEoptim,209,0.6492302513834238,1,0.01565743008074538,1,0.5446376910249018,0.7132307318035422,3.312949226430479,1.3164499855772227
81,DDM,time_scaling,wide,DEoptim,210,0.6492302513834238,1,0.01565743008074538,1,0.5446376910249018,0.7132307318035422,3.312949226430479,1.3164499855772227
81,DDM,time_scaling,wide,DEoptim,211,0.6492302513834238,1,0.01565743008074538,1,0.5446376910249018,0.7132307318035422,3.312949226430479,1.3164499855772227
81,DDM,time_scaling,wide,DEoptim,212,0.6465912020386194,1,0.012621270768205087,1,0.5770592064925101,0.7232377587524882,3.3460290206053465,1.3110004290172024
81,DDM,time_scaling,wide,DEoptim,213,0.6465912020386194,1,0.012621270768205087,1,0.5770592064925101,0.7232377587524882,3.3460290206053465,1.3110004290172024
81,DDM,time_scaling,wide,DEoptim,214,0.6465912020386194,1,0.012621270768205087,1,0.5770592064925101,0.7232377587524882,3.318545300349597,1.3166154280971833
81,DDM,time_scaling,wide,DEoptim,215,0.6465912020386194,1,0.012621270768205087,1,0.5770592064925101,0.7232377587524882,3.318545300349597,1.3166154280971833
81,DDM,time_scaling,wide,DEoptim,216,0.6465912020386194,1,0.012621270768205087,1,0.5770592064925101,0.7232377587524882,3.318545300349597,1.3166154280971833
81,DDM,time_scaling,wide,DEoptim,217,0.6465912020386194,1,0.012621270768205087,1,0.5770592064925101,0.7232377587524882,3.318545300349597,1.3166154280971833
81,DDM,time_scaling,wide,DEoptim,218,0.6465912020386194,1,0.012621270768205087,1,0.5770592064925101,0.7232377587524882,3.318545300349597,1.3166154280971833
81,DDM,time_scaling,wide,DEoptim,219,0.6465912020386194,1,0.012621270768205087,1,0.5770592064925101,0.7232377587524882,3.318545300349597,1.3166154280971833
81,DDM,time_scaling,wide,DEoptim,220,0.6465912020386194,1,0.012621270768205087,1,0.5770592064925101,0.7232377587524882,3.318545300349597,1.3166154280971833
81,DDM,time_scaling,wide,DEoptim,221,0.6465912020386194,1,0.012621270768205087,1,0.5770592064925101,0.7232377587524882,3.318545300349597,1.3166154280971833
81,DDM,time_scaling,wide,DEoptim,222,0.6465912020386194,1,0.012621270768205087,1,0.5770592064925101,0.7232377587524882,3.318545300349597,1.3166154280971833
81,DDM,time_scaling,wide,DEoptim,223,0.6465912020386194,1,0.012621270768205087,1,0.5770592064925101,0.7232377587524882,3.318545300349597,1.3166154280971833
81,DDM,time_scaling,wide,DEoptim,224,0.6465912020386194,1,0.012621270768205087,1,0.5770592064925101,0.7232377587524882,3.318545300349597,1.3166154280971833
81,DDM,time_scaling,wide,DEoptim,225,0.6465912020386194,1,0.012621270768205087,1,0.5770592064925101,0.7232377587524882,3.318545300349597,1.3166154280971833
81,DDM,time_scaling,wide,DEoptim,226,0.6465912020386194,1,0.012621270768205087,1,0.5770592064925101,0.7232377587524882,3.318545300349597,1.3160134237481897
81,DDM,time_scaling,wide,DEoptim,227,0.6465912020386194,1,0.012621270768205087,1,0.5770592064925101,0.7232377587524882,3.318545300349597,1.3160134237481897
81,DDM,time_scaling,wide,DEoptim,228,0.6544439282232611,1,0.01269092852354546,1,0.5425738519804927,0.6991912872385859,3.3202624316778286,1.3165723301850591
81,DDM,time_scaling,wide,DEoptim,229,0.6544439282232611,1,0.01269092852354546,1,0.5425738519804927,0.6991912872385859,3.3202624316778286,1.3165723301850591
81,DDM,time_scaling,wide,DEoptim,230,0.6544439282232611,1,0.01269092852354546,1,0.5425738519804927,0.6991912872385859,3.3202624316778286,1.3165723301850591
81,DDM,time_scaling,wide,DEoptim,231,0.6544439282232611,1,0.01269092852354546,1,0.5425738519804927,0.6991912872385859,3.3202624316778286,1.3165723301850591
81,DDM,time_scaling,wide,DEoptim,232,0.6544439282232611,1,0.01269092852354546,1,0.5425738519804927,0.6991912872385859,3.3202624316778286,1.3165723301850591
81,DDM,time_scaling,wide,DEoptim,233,0.6544439282232611,1,0.01269092852354546,1,0.5425738519804927,0.6991912872385859,3.3202624316778286,1.3165723301850591
81,DDM,time_scaling,wide,DEoptim,234,0.6544439282232611,1,0.01269092852354546,1,0.5425738519804927,0.6991912872385859,3.3202624316778286,1.3165723301850591
81,DDM,time_scaling,wide,DEoptim,235,0.6544439282232611,1,0.01269092852354546,1,0.5425738519804927,0.6991912872385859,3.3202624316778286,1.3165723301850591
81,DDM,time_scaling,wide,DEoptim,236,0.6544439282232611,1,0.01269092852354546,1,0.5425738519804927,0.6991912872385859,3.3202624316778286,1.3165723301850591
81,DDM,time_scaling,wide,DEoptim,237,0.6544439282232611,1,0.01269092852354546,1,0.5425738519804927,0.6991912872385859,3.3202624316778286,1.3165723301850591
81,DDM,time_scaling,wide,DEoptim,238,0.6544439282232611,1,0.01269092852354546,1,0.5425738519804927,0.6991912872385859,3.3202624316778286,1.3165723301850591
81,DDM,time_scaling,wide,DEoptim,239,0.6544439282232611,1,0.01269092852354546,1,0.5425738519804927,0.6991912872385859,3.3202624316778286,1.3165723301850591
81,DDM,time_scaling,wide,DEoptim,240,0.6544439282232611,1,0.01269092852354546,1,0.5425738519804927,0.6991912872385859,3.3202624316778286,1.3165723301850591
81,DDM,time_scaling,wide,DEoptim,241,0.6544439282232611,1,0.01269092852354546,1,0.5425738519804927,0.6991912872385859,3.3202624316778286,1.3165723301850591
81,DDM,time_scaling,wide,DEoptim,242,0.6544439282232611,1,0.01269092852354546,1,0.5425738519804927,0.6991912872385859,3.3202624316778286,1.3165723301850591
81,DDM,time_scaling,wide,DEoptim,243,0.6544439282232611,1,0.01269092852354546,1,0.5425738519804927,0.6991912872385859,3.3202624316778286,1.3165723301850591
81,DDM,time_scaling,wide,DEoptim,244,0.6544439282232611,1,0.01269092852354546,1,0.5425738519804927,0.6991912872385859,3.3202624316778286,1.3165723301850591
81,DDM,time_scaling,wide,DEoptim,245,0.6544439282232611,1,0.01269092852354546,1,0.5425738519804927,0.6991912872385859,3.3202624316778286,1.3165723301850591
81,DDM,time_scaling,wide,DEoptim,246,0.6544439282232611,1,0.01269092852354546,1,0.5425738519804927,0.6991912872385859,3.3202624316778286,1.3165723301850591
81,DDM,time_scaling,wide,DEoptim,247,0.6492302513834238,1,0.012332157428947317,1,0.5446376910249018,0.7109457767172849,3.313199215772435,1.3161279838861062
81,DDM,time_scaling,wide,DEoptim,248,0.6492302513834238,1,0.012332157428947317,1,0.5446376910249018,0.7109457767172849,3.313199215772435,1.3161279838861062
81,DDM,time_scaling,wide,DEoptim,249,0.6492302513834238,1,0.012332157428947317,1,0.5446376910249018,0.7109457767172849,3.313199215772435,1.3161279838861062
81,DDM,time_scaling,wide,DEoptim,250,0.6492302513834238,1,0.012332157428947317,1,0.5446376910249018,0.7109457767172849,3.313199215772435,1.3161279838861062
81,DDM,time_scaling,wide,DEoptim,251,0.6492302513834238,1,0.012332157428947317,1,0.5446376910249018,0.7109457767172849,3.313199215772435,1.3161279838861062
81,DDM,time_scaling,wide,DEoptim,252,0.6492302513834238,1,0.012332157428947317,1,0.5446376910249018,0.7109457767172849,3.313199215772435,1.3161279838861062
81,DDM,time_scaling,wide,DEoptim,253,0.6543947104861066,1,0.011248194213182322,1,0.5634155322476377,0.7018730646109926,3.3201910707141664,1.313543304835801
81,DDM,time_scaling,wide,DEoptim,254,0.6543947104861066,1,0.011248194213182322,1,0.5634155322476377,0.7018730646109926,3.3201910707141664,1.313543304835801
81,DDM,time_scaling,wide,DEoptim,255,0.6543947104861066,1,0.011248194213182322,1,0.5634155322476377,0.7018730646109926,3.3201910707141664,1.313543304835801
81,DDM,time_scaling,wide,DEoptim,256,0.6543947104861066,1,0.011248194213182322,1,0.5634155322476377,0.7018730646109926,3.3201910707141664,1.313543304835801
81,DDM,time_scaling,wide,DEoptim,257,0.6543947104861066,1,0.011248194213182322,1,0.5634155322476377,0.7018730646109926,3.3201910707141664,1.313543304835801
81,DDM,time_scaling,wide,DEoptim,258,0.6543947104861066,1,0.011248194213182322,1,0.5634155322476377,0.7018730646109926,3.3201910707141664,1.313543304835801
81,DDM,time_scaling,wide,DEoptim,259,0.6543947104861066,1,0.011248194213182322,1,0.5634155322476377,0.7018730646109926,3.3201910707141664,1.313543304835801
81,DDM,time_scaling,wide,DEoptim,260,0.6543947104861066,1,0.011248194213182322,1,0.5634155322476377,0.7018730646109926,3.3201910707141664,1.313543304835801
81,DDM,time_scaling,wide,DEoptim,261,0.6543947104861066,1,0.011248194213182322,1,0.5634155322476377,0.7018730646109926,3.3201910707141664,1.313543304835801
81,DDM,time_scaling,wide,DEoptim,262,0.6543947104861066,1,0.011248194213182322,1,0.5634155322476377,0.7018730646109926,3.3201910707141664,1.313543304835801
81,DDM,time_scaling,wide,DEoptim,263,0.6543947104861066,1,0.011248194213182322,1,0.5634155322476377,0.7018730646109926,3.3201910707141664,1.313543304835801
81,DDM,time_scaling,wide,DEoptim,264,0.6543947104861066,1,0.011248194213182322,1,0.5634155322476377,0.7018730646109926,3.3201910707141664,1.313543304835801
81,DDM,time_scaling,wide,DEoptim,265,0.6543947104861066,1,0.011248194213182322,1,0.5634155322476377,0.7018730646109926,3.3201910707141664,1.313543304835801
81,DDM,time_scaling,wide,DEoptim,266,0.6543947104861066,1,0.011248194213182322,1,0.5634155322476377,0.7018730646109926,3.3201910707141664,1.313543304835801
81,DDM,time_scaling,wide,DEoptim,267,0.6543947104861066,1,0.011248194213182322,1,0.5634155322476377,0.7018730646109926,3.3201910707141664,1.313543304835801
81,DDM,time_scaling,wide,DEoptim,268,0.6543947104861066,1,0.011248194213182322,1,0.5634155322476377,0.7018730646109926,3.3201910707141664,1.313543304835801
81,DDM,time_scaling,wide,DEoptim,269,0.6543947104861066,1,0.011248194213182322,1,0.5634155322476377,0.7018730646109926,3.3201910707141664,1.313543304835801
81,DDM,time_scaling,wide,DEoptim,270,0.6543947104861066,1,0.011248194213182322,1,0.5634155322476377,0.7018730646109926,3.3201910707141664,1.313543304835801
81,DDM,time_scaling,wide,DEoptim,271,0.6492302513834238,1,0.011634407993946104,1,0.5446376910249018,0.7109457767172849,3.3206225767341007,1.3161279838861062
81,DDM,time_scaling,wide,DEoptim,272,0.6492302513834238,1,0.011634407993946104,1,0.5446376910249018,0.7109457767172849,3.3206225767341007,1.3161279838861062
81,DDM,time_scaling,wide,DEoptim,273,0.6517353924467423,1,0.011248194213182322,1,0.5634155322476377,0.7018730646109926,3.3201910707141664,1.3148329833803205
81,DDM,time_scaling,wide,DEoptim,274,0.6517353924467423,1,0.011248194213182322,1,0.5634155322476377,0.7018730646109926,3.3201910707141664,1.3148329833803205
81,DDM,time_scaling,wide,DEoptim,275,0.6491018811981267,1,0.010508254368280043,1,0.5242555317907762,0.7001682106945473,3.3140091328556496,1.3181378927603136
81,DDM,time_scaling,wide,DEoptim,276,0.6491018811981267,1,0.010508254368280043,1,0.5242555317907762,0.7001682106945473,3.3140091328556496,1.3181378927603136
81,DDM,time_scaling,wide,DEoptim,277,0.6562402889942147,1,0.010105400417635267,1,0.5173451250236512,0.688950218355164,3.321288468370559,1.3148499620550718
81,DDM,time_scaling,wide,DEoptim,278,0.6562402889942147,1,0.010105400417635267,1,0.5173451250236512,0.688950218355164,3.321288468370559,1.3148499620550718
81,DDM,time_scaling,wide,DEoptim,279,0.6562402889942147,1,0.010105400417635267,1,0.5173451250236512,0.688950218355164,3.321288468370559,1.3148499620550718
81,DDM,time_scaling,wide,DEoptim,280,0.6562402889942147,1,0.010105400417635267,1,0.5173451250236512,0.688950218355164,3.321288468370559,1.3148499620550718
81,DDM,time_scaling,wide,DEoptim,281,0.6562402889942147,1,0.010105400417635267,1,0.5173451250236512,0.688950218355164,3.321288468370559,1.3148499620550718
81,DDM,time_scaling,wide,DEoptim,282,0.6562402889942147,1,0.010105400417635267,1,0.5173451250236512,0.688950218355164,3.321288468370559,1.3148499620550718
81,DDM,time_scaling,wide,DEoptim,283,0.6562402889942147,1,0.010105400417635267,1,0.5173451250236512,0.688950218355164,3.321288468370559,1.3148499620550718
81,DDM,time_scaling,wide,DEoptim,284,0.6562402889942147,1,0.010105400417635267,1,0.5173451250236512,0.688950218355164,3.321288468370559,1.3148499620550718
81,DDM,time_scaling,wide,DEoptim,285,0.6562402889942147,1,0.010105400417635267,1,0.5173451250236512,0.688950218355164,3.321288468370559,1.3148499620550718
81,DDM,time_scaling,wide,DEoptim,286,0.6562402889942147,1,0.010105400417635267,1,0.5173451250236512,0.688950218355164,3.321288468370559,1.3148499620550718
81,DDM,time_scaling,wide,DEoptim,287,0.6562402889942147,1,0.010105400417635267,1,0.5173451250236512,0.688950218355164,3.321288468370559,1.3148499620550718
81,DDM,time_scaling,wide,DEoptim,288,0.6562402889942147,1,0.010105400417635267,1,0.5173451250236512,0.688950218355164,3.321288468370559,1.3148499620550718
81,DDM,time_scaling,wide,DEoptim,289,0.6562402889942147,1,0.010105400417635267,1,0.5173451250236512,0.688950218355164,3.321288468370559,1.3148499620550718
81,DDM,time_scaling,wide,DEoptim,290,0.6562402889942147,1,0.010105400417635267,1,0.5173451250236512,0.688950218355164,3.321288468370559,1.3148499620550718
81,DDM,time_scaling,wide,DEoptim,291,0.6562402889942147,1,0.010105400417635267,1,0.5173451250236512,0.688950218355164,3.321288468370559,1.3148499620550718
81,DDM,time_scaling,wide,DEoptim,292,0.6562402889942147,1,0.010105400417635267,1,0.5173451250236512,0.688950218355164,3.321288468370559,1.3148499620550718
81,DDM,time_scaling,wide,DEoptim,293,0.6562402889942147,1,0.010105400417635267,1,0.5173451250236512,0.688950218355164,3.321288468370559,1.3148499620550718
81,DDM,time_scaling,wide,DEoptim,294,0.6562402889942147,1,0.010105400417635267,1,0.5173451250236512,0.688950218355164,3.321288468370559,1.3148499620550718
81,DDM,time_scaling,wide,DEoptim,295,0.6562402889942147,1,0.010105400417635267,1,0.5173451250236512,0.688950218355164,3.321288468370559,1.3148499620550718
81,DDM,time_scaling,wide,DEoptim,296,0.6562402889942147,1,0.010105400417635267,1,0.5173451250236512,0.688950218355164,3.321288468370559,1.3148499620550718
81,DDM,time_scaling,wide,DEoptim,297,0.6562402889942147,1,0.010105400417635267,1,0.5173451250236512,0.688950218355164,3.321288468370559,1.314988560973531
81,DDM,time_scaling,wide,DEoptim,298,0.6562402889942147,1,0.010105400417635267,1,0.5173451250236512,0.688950218355164,3.321288468370559,1.314988560973531
81,DDM,time_scaling,wide,DEoptim,299,0.6492302513834238,1,0.01010455630690291,1,0.5446376910249018,0.7099162864947095,3.3206225767341007,1.3157586781571802
81,DDM,time_scaling,wide,DEoptim,300,0.6492302513834238,1,0.01010455630690291,1,0.5446376910249018,0.7099162864947095,3.3206225767341007,1.3157586781571802
81,DDM,time_scaling,wide,DEoptim,301,0.6492302513834238,1,0.01010455630690291,1,0.5446376910249018,0.7099162864947095,3.3206225767341007,1.3157586781571802
81,DDM,time_scaling,wide,DEoptim,302,0.6492302513834238,1,0.01010455630690291,1,0.5446376910249018,0.7099162864947095,3.3206225767341007,1.3157586781571802
81,DDM,time_scaling,wide,DEoptim,303,0.6492302513834238,1,0.01010455630690291,1,0.5446376910249018,0.7099162864947095,3.3206225767341007,1.3157586781571802
81,DDM,time_scaling,wide,DEoptim,304,0.6492302513834238,1,0.01010455630690291,1,0.5446376910249018,0.7099162864947095,3.3206225767341007,1.3157586781571802
81,DDM,time_scaling,wide,DEoptim,305,0.6492302513834238,1,0.01010455630690291,1,0.5446376910249018,0.7099162864947095,3.3206225767341007,1.3157586781571802
81,DDM,time_scaling,wide,DEoptim,306,0.6492302513834238,1,0.01010455630690291,1,0.5446376910249018,0.7099162864947095,3.3206225767341007,1.3157586781571802
81,DDM,time_scaling,wide,DEoptim,307,0.6492302513834238,1,0.01010455630690291,1,0.5446376910249018,0.7099162864947095,3.3206225767341007,1.3157586781571802
81,DDM,time_scaling,wide,DEoptim,308,0.6492302513834238,1,0.01010455630690291,1,0.5446376910249018,0.7099162864947095,3.3206225767341007,1.3157586781571802
81,DDM,time_scaling,wide,DEoptim,309,0.6492302513834238,1,0.01010455630690291,1,0.5446376910249018,0.7099162864947095,3.3206225767341007,1.3157586781571802
81,DDM,time_scaling,wide,DEoptim,310,0.6492302513834238,1,0.01010455630690291,1,0.5446376910249018,0.7099162864947095,3.3206225767341007,1.3157586781571802
81,DDM,time_scaling,wide,DEoptim,311,0.6492302513834238,1,0.01010455630690291,1,0.5446376910249018,0.7099162864947095,3.3206225767341007,1.3157586781571802
81,DDM,time_scaling,wide,DEoptim,312,0.6492302513834238,1,0.01010455630690291,1,0.5446376910249018,0.7099162864947095,3.3206225767341007,1.3157586781571802
81,DDM,time_scaling,wide,DEoptim,313,0.6473516361539787,1,0.01010455630690291,1,0.5446376910249018,0.7099162864947095,3.3206225767341007,1.3167695851799213
81,DDM,time_scaling,wide,DEoptim,314,0.6473516361539787,1,0.01010455630690291,1,0.5446376910249018,0.7099162864947095,3.3206225767341007,1.3167695851799213
81,DDM,time_scaling,wide,DEoptim,315,0.6473516361539787,1,0.01010455630690291,1,0.5446376910249018,0.7099162864947095,3.3206225767341007,1.3167695851799213
81,DDM,time_scaling,wide,DEoptim,316,0.6473516361539787,1,0.01010455630690291,1,0.5446376910249018,0.7099162864947095,3.3206225767341007,1.3167695851799213
81,DDM,time_scaling,wide,DEoptim,317,0.6473516361539787,1,0.01010455630690291,1,0.5446376910249018,0.7099162864947095,3.3206225767341007,1.3167695851799213
81,DDM,time_scaling,wide,DEoptim,318,0.6473516361539787,1,0.01010455630690291,1,0.5446376910249018,0.7099162864947095,3.3206225767341007,1.3167695851799213
81,DDM,time_scaling,wide,DEoptim,319,0.6499606836337795,1,0.010037040147878056,1,0.518615654430679,0.7001682106945473,3.3140091328556496,1.3170805504714584
81,DDM,time_scaling,wide,DEoptim,320,0.6473516361539787,1,0.01010455630690291,1,0.5446376910249018,0.7099162864947095,3.3206225767341007,1.3141252352372568
81,DDM,time_scaling,wide,DEoptim,321,0.6473516361539787,1,0.01010455630690291,1,0.5446376910249018,0.7099162864947095,3.3206225767341007,1.3141252352372568
81,DDM,time_scaling,wide,DEoptim,322,0.6473516361539787,1,0.01010455630690291,1,0.5446376910249018,0.7099162864947095,3.3206225767341007,1.3141252352372568
81,DDM,time_scaling,wide,DEoptim,323,0.6517353924467423,1,0.01008815009101424,1,0.5225664924838275,0.7018730646109926,3.323480680052997,1.3150363379832324
81,DDM,time_scaling,wide,DEoptim,324,0.6517353924467423,1,0.01008815009101424,1,0.5225664924838275,0.7018730646109926,3.323480680052997,1.3150363379832324
81,DDM,time_scaling,wide,DEoptim,325,0.6506855099428447,1,0.01008815009101424,1,0.5225664924838275,0.7018730646109926,3.323480680052997,1.3150363379832324
81,DDM,time_scaling,wide,DEoptim,326,0.6506855099428447,1,0.01008815009101424,1,0.5225664924838275,0.7018730646109926,3.323480680052997,1.3150363379832324
81,DDM,time_scaling,wide,DEoptim,327,0.6506855099428447,1,0.01008815009101424,1,0.5225664924838275,0.7018730646109926,3.323480680052997,1.3150363379832324
81,DDM,time_scaling,wide,DEoptim,328,0.6506855099428447,1,0.01008815009101424,1,0.5225664924838275,0.7018730646109926,3.323480680052997,1.3150363379832324
81,DDM,time_scaling,wide,DEoptim,329,0.6506855099428447,1,0.01008815009101424,1,0.5225664924838275,0.7018730646109926,3.323480680052997,1.3150363379832324
81,DDM,time_scaling,wide,DEoptim,330,0.6506855099428447,1,0.01008815009101424,1,0.5225664924838275,0.7018730646109926,3.323480680052997,1.3150363379832324
81,DDM,time_scaling,wide,DEoptim,331,0.6506855099428447,1,0.01008815009101424,1,0.5225664924838275,0.7018730646109926,3.323480680052997,1.3150363379832324
81,DDM,time_scaling,wide,DEoptim,332,0.6506855099428447,1,0.01008815009101424,1,0.5225664924838275,0.7018730646109926,3.323480680052997,1.3150363379832324
81,DDM,time_scaling,wide,DEoptim,333,0.6506855099428447,1,0.01008815009101424,1,0.5225664924838275,0.7018730646109926,3.323480680052997,1.3150363379832324
81,DDM,time_scaling,wide,DEoptim,334,0.6506855099428447,1,0.010020309342538145,1,0.5225664924838275,0.7018730646109926,3.323480680052997,1.3150363379832324
81,DDM,time_scaling,wide,DEoptim,335,0.652532278461889,1,0.010010710047822165,1,0.533647931062118,0.6991908490256254,3.3226319944328457,1.3157908743209406
81,DDM,time_scaling,wide,DEoptim,336,0.652532278461889,1,0.010010710047822165,1,0.533647931062118,0.6991908490256254,3.3226319944328457,1.3157908743209406
81,DDM,time_scaling,wide,DEoptim,337,0.652532278461889,1,0.010010710047822165,1,0.533647931062118,0.6991908490256254,3.3226319944328457,1.3157908743209406
81,DDM,time_scaling,wide,DEoptim,338,0.652532278461889,1,0.010010710047822165,1,0.533647931062118,0.6991908490256254,3.3226319944328457,1.3157908743209406
81,DDM,time_scaling,wide,DEoptim,339,0.652532278461889,1,0.010010710047822165,1,0.533647931062118,0.6991908490256254,3.3226319944328457,1.3157908743209406
81,DDM,time_scaling,wide,DEoptim,340,0.652532278461889,1,0.010010710047822165,1,0.533647931062118,0.6991908490256254,3.3226319944328457,1.3157908743209406
81,DDM,time_scaling,wide,DEoptim,341,0.652532278461889,1,0.010010710047822165,1,0.533647931062118,0.6991908490256254,3.3226319944328457,1.3157908743209406
81,DDM,time_scaling,wide,DEoptim,342,0.652532278461889,1,0.010010710047822165,1,0.533647931062118,0.6991908490256254,3.3226319944328457,1.3157908743209406
81,DDM,time_scaling,wide,DEoptim,343,0.652532278461889,1,0.010010710047822165,1,0.533647931062118,0.6991908490256254,3.3226319944328457,1.3157908743209406
81,DDM,time_scaling,wide,DEoptim,344,0.652532278461889,1,0.010010710047822165,1,0.533647931062118,0.6991908490256254,3.3226319944328457,1.314755373506652
81,DDM,time_scaling,wide,DEoptim,345,0.652532278461889,1,0.010010710047822165,1,0.533647931062118,0.6991908490256254,3.3226319944328457,1.314755373506652
81,DDM,time_scaling,wide,DEoptim,346,0.652532278461889,1,0.010010710047822165,1,0.533647931062118,0.6991908490256254,3.3226319944328457,1.314755373506652
81,DDM,time_scaling,wide,DEoptim,347,0.652532278461889,1,0.010010710047822165,1,0.533647931062118,0.6991908490256254,3.3226319944328457,1.314755373506652
81,DDM,time_scaling,wide,DEoptim,348,0.652532278461889,1,0.010010710047822165,1,0.533647931062118,0.6991908490256254,3.3226319944328457,1.314755373506652
81,DDM,time_scaling,wide,DEoptim,349,0.652532278461889,1,0.010010710047822165,1,0.533647931062118,0.6991908490256254,3.3226319944328457,1.314755373506652
81,DDM,time_scaling,wide,DEoptim,350,0.652532278461889,1,0.010010710047822165,1,0.533647931062118,0.6991908490256254,3.3226319944328457,1.314755373506652
81,DDM,time_scaling,wide,DEoptim,351,0.652532278461889,1,0.010010710047822165,1,0.533647931062118,0.6991908490256254,3.3226319944328457,1.314755373506652
81,DDM,time_scaling,wide,DEoptim,352,0.652532278461889,1,0.010010710047822165,1,0.533647931062118,0.6991908490256254,3.3226319944328457,1.314755373506652
81,DDM,time_scaling,wide,DEoptim,353,0.652532278461889,1,0.010010710047822165,1,0.533647931062118,0.6991908490256254,3.3226319944328457,1.314755373506652
81,DDM,time_scaling,wide,DEoptim,354,0.652532278461889,1,0.010010710047822165,1,0.533647931062118,0.6991908490256254,3.3226319944328457,1.314755373506652
81,DDM,time_scaling,wide,DEoptim,355,0.652532278461889,1,0.010010710047822165,1,0.533647931062118,0.6991908490256254,3.3226319944328457,1.314755373506652
81,DDM,time_scaling,wide,DEoptim,356,0.652532278461889,1,0.010010710047822165,1,0.533647931062118,0.6991908490256254,3.3226319944328457,1.314755373506652
81,DDM,time_scaling,wide,DEoptim,357,0.652532278461889,1,0.010009958534156732,1,0.533647931062118,0.6991908490256254,3.3226319944328457,1.314755373506652
81,DDM,time_scaling,wide,DEoptim,358,0.6505123322897961,1,0.010012743669687862,1,0.537237949174884,0.7039139021564307,3.321830108999807,1.3154965219368493
81,DDM,time_scaling,wide,DEoptim,359,0.6505123322897961,1,0.010012743669687862,1,0.537237949174884,0.7039139021564307,3.321830108999807,1.3154965219368493
81,DDM,time_scaling,wide,DEoptim,360,0.6505123322897961,1,0.010012743669687862,1,0.537237949174884,0.7039139021564307,3.321830108999807,1.3154965219368493
81,DDM,time_scaling,wide,DEoptim,361,0.6505123322897961,1,0.010012743669687862,1,0.537237949174884,0.7039139021564307,3.321830108999807,1.3154965219368493
81,DDM,time_scaling,wide,DEoptim,362,0.6505123322897961,1,0.010012743669687862,1,0.537237949174884,0.7039139021564307,3.321830108999807,1.3154965219368493
81,DDM,time_scaling,wide,DEoptim,363,0.6505123322897961,1,0.010012743669687862,1,0.537237949174884,0.7039139021564307,3.321830108999807,1.3154965219368493
81,DDM,time_scaling,wide,DEoptim,364,0.6505123322897961,1,0.010012743669687862,1,0.537237949174884,0.7039139021564307,3.321830108999807,1.3154965219368493
81,DDM,time_scaling,wide,DEoptim,365,0.6505123322897961,1,0.010012743669687862,1,0.537237949174884,0.7039139021564307,3.321830108999807,1.3154965219368493
81,DDM,time_scaling,wide,DEoptim,366,0.6505123322897961,1,0.010012743669687862,1,0.537237949174884,0.7039139021564307,3.321830108999807,1.3154965219368493
81,DDM,time_scaling,wide,DEoptim,367,0.6505123322897961,1,0.010012743669687862,1,0.537237949174884,0.7039139021564307,3.321830108999807,1.3154965219368493
81,DDM,time_scaling,wide,DEoptim,368,0.6505123322897961,1,0.010012743669687862,1,0.537237949174884,0.7039139021564307,3.321830108999807,1.3154965219368493
81,DDM,time_scaling,wide,DEoptim,369,0.6505123322897961,1,0.010012743669687862,1,0.537237949174884,0.7039139021564307,3.321830108999807,1.3154965219368493
81,DDM,time_scaling,wide,DEoptim,370,0.6505123322897961,1,0.010012743669687862,1,0.537237949174884,0.7039139021564307,3.321830108999807,1.3154965219368493
81,DDM,time_scaling,wide,DEoptim,371,0.6505123322897961,1,0.010012743669687862,1,0.537237949174884,0.7039139021564307,3.321830108999807,1.3154965219368493
81,DDM,time_scaling,wide,DEoptim,372,0.6505123322897961,1,0.010012743669687862,1,0.537237949174884,0.7039139021564307,3.321830108999807,1.3154965219368493
81,DDM,time_scaling,wide,DEoptim,373,0.6505123322897961,1,0.010012743669687862,1,0.537237949174884,0.7039139021564307,3.321830108999807,1.3154965219368493
81,DDM,time_scaling,wide,DEoptim,374,0.6505123322897961,1,0.010012232224597083,1,0.537237949174884,0.7039139021564307,3.321830108999807,1.3154965219368493
81,DDM,time_scaling,wide,DEoptim,375,0.6505123322897961,1,0.010012232224597083,1,0.537237949174884,0.7039139021564307,3.321830108999807,1.3154965219368493
81,DDM,time_scaling,wide,DEoptim,376,0.6505123322897961,1,0.010012232224597083,1,0.537237949174884,0.7039139021564307,3.321830108999807,1.3154965219368493
81,DDM,time_scaling,wide,DEoptim,377,0.6505123322897961,1,0.010012232224597083,1,0.537237949174884,0.7039139021564307,3.321830108999807,1.3154965219368493
81,DDM,time_scaling,wide,DEoptim,378,0.6505123322897961,1,0.010012232224597083,1,0.537237949174884,0.7039139021564307,3.321830108999807,1.3154965219368493
81,DDM,time_scaling,wide,DEoptim,379,0.6505123322897961,1,0.010012232224597083,1,0.537237949174884,0.7039139021564307,3.321830108999807,1.3154965219368493
81,DDM,time_scaling,wide,DEoptim,380,0.6512015972863532,1,0.010016456651100484,1,0.5371815767118234,0.7025529416971398,3.320270752680544,1.3155423291042845
81,DDM,time_scaling,wide,DEoptim,381,0.6512015972863532,1,0.010016456651100484,1,0.5371815767118234,0.7025529416971398,3.320270752680544,1.3155423291042845
81,DDM,time_scaling,wide,DEoptim,382,0.6512015972863532,1,0.010016456651100484,1,0.5371815767118234,0.7025529416971398,3.320270752680544,1.3155423291042845
81,DDM,time_scaling,wide,DEoptim,383,0.6512015972863532,1,0.010016456651100484,1,0.5371815767118234,0.7025529416971398,3.320270752680544,1.3155423291042845
81,DDM,time_scaling,wide,DEoptim,384,0.6512015972863532,1,0.010016456651100484,1,0.5371815767118234,0.7025529416971398,3.320270752680544,1.3155423291042845
81,DDM,time_scaling,wide,DEoptim,385,0.6513902426727535,1,0.010008799194684798,1,0.5329801206340823,0.701201981701902,3.3213844470828184,1.3154510484153998
81,DDM,time_scaling,wide,DEoptim,386,0.6513902426727535,1,0.010008799194684798,1,0.5329801206340823,0.701201981701902,3.3213844470828184,1.3154510484153998
81,DDM,time_scaling,wide,DEoptim,387,0.6513902426727535,1,0.010002784078835508,1,0.5329801206340823,0.701201981701902,3.3213844470828184,1.3154510484153998
81,DDM,time_scaling,wide,DEoptim,388,0.6513902426727535,1,0.010002784078835508,1,0.5329801206340823,0.701201981701902,3.3213844470828184,1.3154510484153998
81,DDM,time_scaling,wide,DEoptim,389,0.6513902426727535,1,0.010002784078835508,1,0.5329801206340823,0.701201981701902,3.3211794306999978,1.3154510484153998
81,DDM,time_scaling,wide,DEoptim,390,0.6513902426727535,1,0.010002784078835508,1,0.5329801206340823,0.701201981701902,3.3211794306999978,1.3154510484153998
81,DDM,time_scaling,wide,DEoptim,391,0.6513902426727535,1,0.010002784078835508,1,0.5329801206340823,0.701201981701902,3.3211794306999978,1.3154510484153998
81,DDM,time_scaling,wide,DEoptim,392,0.6513902426727535,1,0.010002784078835508,1,0.5329801206340823,0.701201981701902,3.3211794306999978,1.3154510484153998
81,DDM,time_scaling,wide,DEoptim,393,0.6513902426727535,1,0.010002784078835508,1,0.5329801206340823,0.701201981701902,3.3211794306999978,1.3154510484153998
81,DDM,time_scaling,wide,DEoptim,394,0.6513902426727535,1,0.010002784078835508,1,0.5329801206340823,0.701201981701902,3.3211794306999978,1.3154510484153998
81,DDM,time_scaling,wide,DEoptim,395,0.6513902426727535,1,0.010002784078835508,1,0.5329801206340823,0.701201981701902,3.3211794306999978,1.3154510484153998
81,DDM,time_scaling,wide,DEoptim,396,0.6513902426727535,1,0.010002784078835508,1,0.5329801206340823,0.701201981701902,3.3211794306999978,1.3154510484153998
81,DDM,time_scaling,wide,DEoptim,397,0.6513902426727535,1,0.010002784078835508,1,0.5329801206340823,0.701201981701902,3.3211794306999978,1.3154510484153998
81,DDM,time_scaling,wide,DEoptim,398,0.6513902426727535,1,0.010002784078835508,1,0.5329801206340823,0.701201981701902,3.3211794306999978,1.3154510484153998
81,DDM,time_scaling,wide,DEoptim,399,0.6513902426727535,1,0.010002784078835508,1,0.5329801206340823,0.701201981701902,3.3211794306999978,1.3154510484153998
81,DDM,time_scaling,wide,DEoptim,400,0.6513902426727535,1,0.010002784078835508,1,0.5329801206340823,0.701201981701902,3.3211794306999978,1.3154510484153998
81,DDM,time_scaling,wide,DEoptim,401,0.6513902426727535,1,0.010002784078835508,1,0.5329801206340823,0.701201981701902,3.3211794306999978,1.3154510484153998
81,DDM,time_scaling,wide,DEoptim,402,0.6513902426727535,1,0.010002784078835508,1,0.5329801206340823,0.701201981701902,3.3211794306999978,1.3154510484153998
81,DDM,time_scaling,wide,DEoptim,403,0.6513902426727535,1,0.010002784078835508,1,0.5329801206340823,0.701201981701902,3.3211794306999978,1.3154510484153998
81,DDM,time_scaling,wide,DEoptim,404,0.6513902426727535,1,0.010002784078835508,1,0.5329801206340823,0.701201981701902,3.3211794306999978,1.3154510484153998
81,DDM,time_scaling,wide,DEoptim,405,0.6513902426727535,1,0.010002784078835508,1,0.5329801206340823,0.701201981701902,3.3211794306999978,1.3154510484153998
81,DDM,time_scaling,wide,DEoptim,406,0.6513902426727535,1,0.010002784078835508,1,0.5329801206340823,0.701201981701902,3.3211794306999978,1.3154510484153998
81,DDM,time_scaling,wide,DEoptim,407,0.6513902426727535,1,0.010002784078835508,1,0.5329801206340823,0.701201981701902,3.3211794306999978,1.3154510484153998
81,DDM,time_scaling,wide,DEoptim,408,0.6513902426727535,1,0.010002784078835508,1,0.5329801206340823,0.701201981701902,3.3211794306999978,1.3154510484153998
81,DDM,time_scaling,wide,DEoptim,409,0.6513902426727535,1,0.010002784078835508,1,0.5329801206340823,0.701201981701902,3.3211794306999978,1.3154510484153998
81,DDM,time_scaling,wide,DEoptim,410,0.6513902426727535,1,0.010002784078835508,1,0.5329801206340823,0.701201981701902,3.3211794306999978,1.3154510484153998
81,DDM,time_scaling,wide,DEoptim,411,0.6513902426727535,1,0.010002784078835508,1,0.5329801206340823,0.701201981701902,3.3211794306999978,1.3154510484153998
81,DDM,time_scaling,wide,DEoptim,412,0.6513902426727535,1,0.010002784078835508,1,0.5329801206340823,0.701201981701902,3.3211794306999978,1.3154510484153998
81,DDM,time_scaling,wide,DEoptim,413,0.6513902426727535,1,0.010002784078835508,1,0.5329801206340823,0.701201981701902,3.3211794306999978,1.3154510484153998
81,DDM,time_scaling,wide,DEoptim,414,0.6513902426727535,1,0.010002784078835508,1,0.5329801206340823,0.701201981701902,3.3211794306999978,1.3154510484153998
81,DDM,time_scaling,wide,DEoptim,415,0.6512015972863532,1,0.010003652220265691,1,0.5371815767118234,0.7025529416971398,3.320270752680544,1.3153360513786678
81,DDM,time_scaling,wide,DEoptim,416,0.6512015972863532,1,0.010003652220265691,1,0.5371815767118234,0.7025529416971398,3.320270752680544,1.3153360513786678
81,DDM,time_scaling,wide,DEoptim,417,0.6512015972863532,1,0.010003652220265691,1,0.5371815767118234,0.7025529416971398,3.320270752680544,1.3153360513786678
81,DDM,time_scaling,wide,DEoptim,418,0.6512015972863532,1,0.010003652220265691,1,0.5371815767118234,0.7025529416971398,3.320270752680544,1.3153360513786678
81,DDM,time_scaling,wide,DEoptim,419,0.6512015972863532,1,0.010003652220265691,1,0.5371815767118234,0.7025529416971398,3.320270752680544,1.3153360513786678
81,DDM,time_scaling,wide,DEoptim,420,0.6512015972863532,1,0.010003628490026863,1,0.5371815767118234,0.7025529416971398,3.320270752680544,1.3153360513786678
81,DDM,time_scaling,wide,DEoptim,421,0.6512015972863532,1,0.010003628490026863,1,0.5371815767118234,0.7025529416971398,3.320270752680544,1.3153360513786678
81,DDM,time_scaling,wide,DEoptim,422,0.6512015972863532,1,0.010003628490026863,1,0.5371815767118234,0.7025529416971398,3.320270752680544,1.3153360513786678
81,DDM,time_scaling,wide,DEoptim,423,0.6512015972863532,1,0.010003628490026863,1,0.5371815767118234,0.7025529416971398,3.320270752680544,1.3153360513786678
81,DDM,time_scaling,wide,DEoptim,424,0.6512015972863532,1,0.010003628490026863,1,0.5371815767118234,0.7025529416971398,3.320270752680544,1.3153360513786678
81,DDM,time_scaling,wide,DEoptim,425,0.6512015972863532,1,0.010003628490026863,1,0.5371815767118234,0.7025529416971398,3.320270752680544,1.3153360513786678
81,DDM,time_scaling,wide,DEoptim,426,0.6512015972863532,1,0.010003628490026863,1,0.5371815767118234,0.7025529416971398,3.320270752680544,1.3153360513786678
81,DDM,time_scaling,wide,DEoptim,427,0.6512015972863532,1,0.010003628490026863,1,0.5371815767118234,0.7025529416971398,3.320270752680544,1.3153360513786678
81,DDM,time_scaling,wide,DEoptim,428,0.6512015972863532,1,0.010003628490026863,1,0.5371815767118234,0.7025529416971398,3.320270752680544,1.3153360513786678
81,DDM,time_scaling,wide,DEoptim,429,0.6512015972863532,1,0.010003628490026863,1,0.5371815767118234,0.7025529416971398,3.320270752680544,1.3153360513786678
81,DDM,time_scaling,wide,DEoptim,430,0.6512015972863532,1,0.010003628490026863,1,0.5371815767118234,0.7025529416971398,3.320270752680544,1.3153360513786678
81,DDM,time_scaling,wide,DEoptim,431,0.6505883075395654,1,0.010000428452969659,1,0.537387105801767,0.7031129239354026,3.3181152185035976,1.3151621245969911
81,DDM,time_scaling,wide,DEoptim,432,0.6505883075395654,1,0.010000428452969659,1,0.537387105801767,0.7031129239354026,3.3181152185035976,1.3151621245969911
81,DDM,time_scaling,wide,DEoptim,433,0.6505883075395654,1,0.010000428452969659,1,0.537387105801767,0.7031129239354026,3.3181152185035976,1.3151621245969911
81,DDM,time_scaling,wide,DEoptim,434,0.6505883075395654,1,0.010000428452969659,1,0.537387105801767,0.7031129239354026,3.3181152185035976,1.3151621245969911
81,DDM,time_scaling,wide,DEoptim,435,0.6505883075395654,1,0.010000428452969659,1,0.537387105801767,0.7031129239354026,3.3181152185035976,1.3151621245969911
81,DDM,time_scaling,wide,DEoptim,436,0.6505883075395654,1,0.010000428452969659,1,0.537387105801767,0.7031129239354026,3.3181152185035976,1.3151621245969911
81,DDM,time_scaling,wide,DEoptim,437,0.6505883075395654,1,0.010000428452969659,1,0.537387105801767,0.7031129239354026,3.3181152185035976,1.3151621245969911
81,DDM,time_scaling,wide,DEoptim,438,0.6505883075395654,1,0.010000428452969659,1,0.537387105801767,0.7031129239354026,3.3181152185035976,1.3151621245969911
81,DDM,time_scaling,wide,DEoptim,439,0.6505883075395654,1,0.010000428452969659,1,0.537387105801767,0.7031129239354026,3.3181152185035976,1.3151621245969911
81,DDM,time_scaling,wide,DEoptim,440,0.6505883075395654,1,0.010000428452969659,1,0.537387105801767,0.7031129239354026,3.3181152185035976,1.3151621245969911
81,DDM,time_scaling,wide,DEoptim,441,0.6505883075395654,1,0.010000428452969659,1,0.537387105801767,0.7031129239354026,3.3181152185035976,1.3151621245969911
81,DDM,time_scaling,wide,DEoptim,442,0.6505883075395654,1,0.010000428452969659,1,0.537387105801767,0.7031129239354026,3.3181152185035976,1.3151621245969911
81,DDM,time_scaling,wide,DEoptim,443,0.6513902426727535,1,0.010000986935279803,1,0.5329801206340823,0.701201981701902,3.3211794306999978,1.315011903429344
81,DDM,time_scaling,wide,DEoptim,444,0.6513902426727535,1,0.010000986935279803,1,0.5329801206340823,0.701201981701902,3.3211794306999978,1.315011903429344
81,DDM,time_scaling,wide,DEoptim,445,0.6513902426727535,1,0.010000986935279803,1,0.5329801206340823,0.701201981701902,3.3211794306999978,1.315011903429344
81,DDM,time_scaling,wide,DEoptim,446,0.6513902426727535,1,0.010000986935279803,1,0.5329801206340823,0.701201981701902,3.3211794306999978,1.315011903429344
81,DDM,time_scaling,wide,DEoptim,447,0.6513902426727535,1,0.010000986935279803,1,0.5329801206340823,0.701201981701902,3.3211794306999978,1.315011903429344
81,DDM,time_scaling,wide,DEoptim,448,0.6513902426727535,1,0.010000986935279803,1,0.5329801206340823,0.701201981701902,3.3211794306999978,1.315011903429344
81,DDM,time_scaling,wide,DEoptim,449,0.6513902426727535,1,0.010000986935279803,1,0.5329801206340823,0.701201981701902,3.3211794306999978,1.315011903429344
81,DDM,time_scaling,wide,DEoptim,450,0.6513902426727535,1,0.010000986935279803,1,0.5329801206340823,0.701201981701902,3.3211794306999978,1.315011903429344
81,DDM,time_scaling,wide,DEoptim,451,0.6512305659424686,1,0.010001461966784888,1,0.5351477895950798,0.7016632377276598,3.3185171212813844,1.3157257092681718
81,DDM,time_scaling,wide,DEoptim,452,0.6512305659424686,1,0.010001461966784888,1,0.5351477895950798,0.7016632377276598,3.3185171212813844,1.3157257092681718
81,DDM,time_scaling,wide,DEoptim,453,0.6512305659424686,1,0.010001461966784888,1,0.5351477895950798,0.7016632377276598,3.3185171212813844,1.3157257092681718
81,DDM,time_scaling,wide,DEoptim,454,0.6512305659424686,1,0.010001461966784888,1,0.5351477895950798,0.7016632377276598,3.3185171212813844,1.3157257092681718
81,DDM,time_scaling,wide,DEoptim,455,0.6512305659424686,1,0.010001209965229768,1,0.5351477895950798,0.7016632377276598,3.3185171212813844,1.3157257092681718
81,DDM,time_scaling,wide,DEoptim,456,0.6512305659424686,1,0.010001209965229768,1,0.5351477895950798,0.7016632377276598,3.3185171212813844,1.3157257092681718
81,DDM,time_scaling,wide,DEoptim,457,0.6512305659424686,1,0.010001209965229768,1,0.5351477895950798,0.7016632377276598,3.3185171212813844,1.3157257092681718
81,DDM,time_scaling,wide,DEoptim,458,0.6512305659424686,1,0.010001209965229768,1,0.5351477895950798,0.7016632377276598,3.3185171212813844,1.3157257092681718
81,DDM,time_scaling,wide,DEoptim,459,0.6512305659424686,1,0.010001209965229768,1,0.5351477895950798,0.7016632377276598,3.3185171212813844,1.3157257092681718
81,DDM,time_scaling,wide,DEoptim,460,0.6510672145002339,1,0.010000928863591526,1,0.5345119727777286,0.7022057212776985,3.3198543062071115,1.3153052782017838
81,DDM,time_scaling,wide,DEoptim,461,0.6510672145002339,1,0.010000928863591526,1,0.5345119727777286,0.7022057212776985,3.3198543062071115,1.3153052782017838
81,DDM,time_scaling,wide,DEoptim,462,0.6510672145002339,1,0.010000928863591526,1,0.5345119727777286,0.7022057212776985,3.3198543062071115,1.3153052782017838
81,DDM,time_scaling,wide,DEoptim,463,0.6510672145002339,1,0.010000928863591526,1,0.5345119727777286,0.7022057212776985,3.3198543062071115,1.3153052782017838
81,DDM,time_scaling,wide,DEoptim,464,0.6510672145002339,1,0.01000091621624916,1,0.5345119727777286,0.7022057212776985,3.3198543062071115,1.3153052782017838
81,DDM,time_scaling,wide,DEoptim,465,0.6510672145002339,1,0.01000091621624916,1,0.5345119727777286,0.7022057212776985,3.3198543062071115,1.3153052782017838
81,DDM,time_scaling,wide,DEoptim,466,0.6510672145002339,1,0.010000788014752342,1,0.5345119727777286,0.7022057212776985,3.3198543062071115,1.3153052782017838
81,DDM,time_scaling,wide,DEoptim,467,0.6510672145002339,1,0.010000788014752342,1,0.5345119727777286,0.7022057212776985,3.3198543062071115,1.3153052782017838
81,DDM,time_scaling,wide,DEoptim,468,0.6510672145002339,1,0.010000788014752342,1,0.5367028059832375,0.7022057212776985,3.3198543062071115,1.3153052782017838
81,DDM,time_scaling,wide,DEoptim,469,0.6510672145002339,1,0.010000788014752342,1,0.5367028059832375,0.7022057212776985,3.3198543062071115,1.3153052782017838
81,DDM,time_scaling,wide,DEoptim,470,0.6510672145002339,1,0.010000788014752342,1,0.5367028059832375,0.7022057212776985,3.3198543062071115,1.3153052782017838
81,DDM,time_scaling,wide,DEoptim,471,0.6510672145002339,1,0.010000788014752342,1,0.5367028059832375,0.7022057212776985,3.3198543062071115,1.3153052782017838
81,DDM,time_scaling,wide,DEoptim,472,0.6510672145002339,1,0.010000788014752342,1,0.5367028059832375,0.7022057212776985,3.3198543062071115,1.3153052782017838
81,DDM,time_scaling,wide,DEoptim,473,0.6510672145002339,1,0.010000318943078068,1,0.5367028059832375,0.7022057212776985,3.3198543062071115,1.3153052782017838
81,DDM,time_scaling,wide,DEoptim,474,0.6510672145002339,1,0.010000318943078068,1,0.5367028059832375,0.7022057212776985,3.3198543062071115,1.3153052782017838
81,DDM,time_scaling,wide,DEoptim,475,0.6510672145002339,1,0.010000318943078068,1,0.5367028059832375,0.7022057212776985,3.3198543062071115,1.3153052782017838
81,DDM,time_scaling,wide,DEoptim,476,0.6510672145002339,1,0.010000318943078068,1,0.5367028059832375,0.7022057212776985,3.3198543062071115,1.3153052782017838
81,DDM,time_scaling,wide,DEoptim,477,0.6510672145002339,1,0.010000066668583447,1,0.5367028059832375,0.7022057212776985,3.3198543062071115,1.3153052782017838
81,DDM,time_scaling,wide,DEoptim,478,0.6510672145002339,1,0.010000066668583447,1,0.5367028059832375,0.7022057212776985,3.3198543062071115,1.3153052782017838
81,DDM,time_scaling,wide,DEoptim,479,0.6510672145002339,1,0.010000066668583447,1,0.5367028059832375,0.7022057212776985,3.3198543062071115,1.3153052782017838
81,DDM,time_scaling,wide,DEoptim,480,0.6510672145002339,1,0.010000066668583447,1,0.5367028059832375,0.7022057212776985,3.3198543062071115,1.3153052782017838
81,DDM,time_scaling,wide,DEoptim,481,0.6510672145002339,1,0.010000066668583447,1,0.5367028059832375,0.7022057212776985,3.3198543062071115,1.3153052782017838
81,DDM,time_scaling,wide,DEoptim,482,0.6510672145002339,1,0.010000066668583447,1,0.5367028059832375,0.7022057212776985,3.3198543062071115,1.3153052782017838
81,DDM,time_scaling,wide,DEoptim,483,0.6510672145002339,1,0.010000066668583447,1,0.5367028059832375,0.7022057212776985,3.3198543062071115,1.3153052782017838
81,DDM,time_scaling,wide,DEoptim,484,0.6510672145002339,1,0.010000066668583447,1,0.5367028059832375,0.7022057212776985,3.3198543062071115,1.3153052782017838
81,DDM,time_scaling,wide,DEoptim,485,0.6510672145002339,1,0.010000066668583447,1,0.5367028059832375,0.7022057212776985,3.3198543062071115,1.3153052782017838
81,DDM,time_scaling,wide,DEoptim,486,0.6510672145002339,1,0.010000066668583447,1,0.5367028059832375,0.7022057212776985,3.3198543062071115,1.3153052782017838
81,DDM,time_scaling,wide,DEoptim,487,0.6510672145002339,1,0.010000066668583447,1,0.5367028059832375,0.7022057212776985,3.3198543062071115,1.3153052782017838
81,DDM,time_scaling,wide,DEoptim,488,0.6510672145002339,1,0.010000066668583447,1,0.5367028059832375,0.7022057212776985,3.3198543062071115,1.3153052782017838
81,DDM,time_scaling,wide,DEoptim,489,0.6510672145002339,1,0.010000066668583447,1,0.5367028059832375,0.7022057212776985,3.3198543062071115,1.3153052782017838
81,DDM,time_scaling,wide,DEoptim,490,0.6510672145002339,1,0.010000066668583447,1,0.5367028059832375,0.7022057212776985,3.3198543062071115,1.3153052782017838
81,DDM,time_scaling,wide,DEoptim,491,0.6510672145002339,1,0.010000066668583447,1,0.5367028059832375,0.7022057212776985,3.3198543062071115,1.3153052782017838
81,DDM,time_scaling,wide,DEoptim,492,0.6510672145002339,1,0.010000066668583447,1,0.5367028059832375,0.7022057212776985,3.3198543062071115,1.3153052782017838
81,DDM,time_scaling,wide,DEoptim,493,0.6510672145002339,1,0.010000066668583447,1,0.5367028059832375,0.7022057212776985,3.3198543062071115,1.3153052782017838
81,DDM,time_scaling,wide,DEoptim,494,0.6510672145002339,1,0.010000066668583447,1,0.5367028059832375,0.7022057212776985,3.3198543062071115,1.3153052782017838
81,DDM,time_scaling,wide,DEoptim,495,0.6510672145002339,1,0.010000066668583447,1,0.5367028059832375,0.7022057212776985,3.3198543062071115,1.3153052782017838
81,DDM,time_scaling,wide,DEoptim,496,0.6510672145002339,1,0.010000066668583447,1,0.5367028059832375,0.7022057212776985,3.3198543062071115,1.3153052782017838
81,DDM,time_scaling,wide,DEoptim,497,0.6510672145002339,1,0.010000066668583447,1,0.5359376330433354,0.7022057212776985,3.3198543062071115,1.3153052782017838
81,DDM,time_scaling,wide,DEoptim,498,0.6510672145002339,1,0.010000066668583447,1,0.5359376330433354,0.7022057212776985,3.3198543062071115,1.3153052782017838
81,DDM,time_scaling,wide,DEoptim,499,0.6510672145002339,1,0.010000066668583447,1,0.5359376330433354,0.7022057212776985,3.3198543062071115,1.3153052782017838
81,DDM,time_scaling,wide,DEoptim,500,0.6510672145002339,1,0.010000066668583447,1,0.5359376330433354,0.7022057212776985,3.3198543062071115,1.3153052782017838
81,DDM,time_scaling,wide,DEoptim,501,0.6510672145002339,1,0.010000066668583447,1,0.5359376330433354,0.7022057212776985,3.3198543062071115,1.3153052782017838
81,DDM,time_scaling,wide,DEoptim,502,0.6510672145002339,1,0.010000066668583447,1,0.5359376330433354,0.7022057212776985,3.3198543062071115,1.3153052782017838
81,DDM,time_scaling,wide,DEoptim,503,0.6510672145002339,1,0.010000066668583447,1,0.5359376330433354,0.7022057212776985,3.3198543062071115,1.3153052782017838
81,DDM,time_scaling,wide,DEoptim,504,0.6510672145002339,1,0.010000066668583447,1,0.5359376330433354,0.7022057212776985,3.3198543062071115,1.3153052782017838
81,DDM,time_scaling,wide,DEoptim,505,0.6510672145002339,1,0.010000066668583447,1,0.5359376330433354,0.7022057212776985,3.3198543062071115,1.3153052782017838
81,DDM,time_scaling,wide,DEoptim,506,0.6510672145002339,1,0.010000066668583447,1,0.5359376330433354,0.7022057212776985,3.3198543062071115,1.3153052782017838
81,DDM,time_scaling,wide,DEoptim,507,0.6510672145002339,1,0.010000066668583447,1,0.5359376330433354,0.7022057212776985,3.3198543062071115,1.3153052782017838
81,DDM,time_scaling,wide,DEoptim,508,0.6510672145002339,1,0.010000066668583447,1,0.5359376330433354,0.7022057212776985,3.3198543062071115,1.3153052782017838
81,DDM,time_scaling,wide,DEoptim,509,0.6510672145002339,1,0.010000066668583447,1,0.5359376330433354,0.7022057212776985,3.3198543062071115,1.3153052782017838
81,DDM,time_scaling,wide,DEoptim,510,0.6510672145002339,1,0.010000066668583447,1,0.5359376330433354,0.7022057212776985,3.3198543062071115,1.3153052782017838
81,DDM,time_scaling,wide,DEoptim,511,0.6510672145002339,1,0.010000066668583447,1,0.5359376330433354,0.7022057212776985,3.3198543062071115,1.3153052782017838
81,DDM,time_scaling,wide,DEoptim,512,0.6510672145002339,1,0.010000066668583447,1,0.5359376330433354,0.7022057212776985,3.3198543062071115,1.3153052782017838
81,DDM,time_scaling,wide,DEoptim,513,0.6510672145002339,1,0.010000066668583447,1,0.5359376330433354,0.7022057212776985,3.3198543062071115,1.3153052782017838
81,DDM,time_scaling,wide,DEoptim,514,0.6510672145002339,1,0.010000066668583447,1,0.5359376330433354,0.7022057212776985,3.3198543062071115,1.3153052782017838
81,DDM,time_scaling,wide,DEoptim,515,0.6510672145002339,1,0.010000066668583447,1,0.5359376330433354,0.7022057212776985,3.3198543062071115,1.3153052782017838
81,DDM,time_scaling,wide,DEoptim,516,0.6510672145002339,1,0.010000066668583447,1,0.5359376330433354,0.7022057212776985,3.3198543062071115,1.3153052782017838
81,DDM,time_scaling,wide,DEoptim,517,0.6510672145002339,1,0.010000066668583447,1,0.5359376330433354,0.7022057212776985,3.3198543062071115,1.3153052782017838
81,DDM,time_scaling,wide,DEoptim,518,0.6510672145002339,1,0.010000066668583447,1,0.5359376330433354,0.7022057212776985,3.3198543062071115,1.3153052782017838
81,DDM,time_scaling,wide,DEoptim,519,0.6510672145002339,1,0.010000066668583447,1,0.5359376330433354,0.7022057212776985,3.3198543062071115,1.3153052782017838
81,DDM,time_scaling,wide,DEoptim,520,0.6510672145002339,1,0.010000066668583447,1,0.5359376330433354,0.7022057212776985,3.3198543062071115,1.3152839922047703
81,DDM,time_scaling,wide,DEoptim,521,0.6510672145002339,1,0.010000066668583447,1,0.5359376330433354,0.7022057212776985,3.3198543062071115,1.3152839922047703
81,DDM,time_scaling,wide,DEoptim,522,0.6510672145002339,1,0.010000066668583447,1,0.5359376330433354,0.7022057212776985,3.3198543062071115,1.3152839922047703
81,DDM,time_scaling,wide,DEoptim,523,0.6510672145002339,1,0.010000066668583447,1,0.5359376330433354,0.7022057212776985,3.3198543062071115,1.3152839922047703
81,DDM,time_scaling,wide,DEoptim,524,0.6510672145002339,1,0.010000066668583447,1,0.5359376330433354,0.7022057212776985,3.3198543062071115,1.3152839922047703
81,DDM,time_scaling,wide,DEoptim,525,0.6510672145002339,1,0.010000066668583447,1,0.5359376330433354,0.7022057212776985,3.3198543062071115,1.3152839922047703
81,DDM,time_scaling,wide,DEoptim,526,0.6510672145002339,1,0.010000066668583447,1,0.5359376330433354,0.7022057212776985,3.3198543062071115,1.3152839922047703
81,DDM,time_scaling,wide,DEoptim,527,0.6510672145002339,1,0.010000066668583447,1,0.5359376330433354,0.7022057212776985,3.3198543062071115,1.3152839922047703
81,DDM,time_scaling,wide,DEoptim,528,0.6510672145002339,1,0.010000066668583447,1,0.5359376330433354,0.7022057212776985,3.3198543062071115,1.3152839922047703
81,DDM,time_scaling,wide,DEoptim,529,0.6510672145002339,1,0.010000066668583447,1,0.5359376330433354,0.7022057212776985,3.3198543062071115,1.3152839922047703
81,DDM,time_scaling,wide,DEoptim,530,0.6510672145002339,1,0.010000066668583447,1,0.5359376330433354,0.7022057212776985,3.3198543062071115,1.3152839922047703
81,DDM,time_scaling,wide,DEoptim,531,0.6510672145002339,1,0.01000003004370739,1,0.5359376330433354,0.7022057212776985,3.3198543062071115,1.3152839922047703
81,DDM,time_scaling,wide,DEoptim,532,0.6510672145002339,1,0.01000003004370739,1,0.5359376330433354,0.7022057212776985,3.3198543062071115,1.3152839922047703
81,DDM,time_scaling,wide,DEoptim,533,0.6510672145002339,1,0.01000003004370739,1,0.5359376330433354,0.7022057212776985,3.3198543062071115,1.3152839922047703
81,DDM,time_scaling,wide,DEoptim,534,0.6510672145002339,1,0.01000003004370739,1,0.5359376330433354,0.7022057212776985,3.3198543062071115,1.3152839922047703
81,DDM,time_scaling,wide,DEoptim,535,0.6510672145002339,1,0.01000003004370739,1,0.5359376330433354,0.7022057212776985,3.3198543062071115,1.3152839922047703
